flight_phase,rpm,throttle_pct,manifold_pressure,cht_1,cht_2,cht_3,cht_4,egt_1,egt_2,egt_3,egt_4,fuel_flow,fuel_pressure,injection_timing_deg,oil_pressure,oil_temp,coolant_temp,vib_x,vib_y,vib_z,vib_rms,battery_voltage,alternator_current,airspeed_kts,altitude_ft,ambient_temp_c,fault_class,degradation,rul_hours
ISR_LOITER,4572.2,58.3,26.58,197.0,196.9,196.2,192.8,1322.5,1321.2,1297.8,1308.7,15.5,44.2,19.4,57.1,181.2,180.1,4.2082,3.1398,2.0625,3.2568,28.11,43.4,125.6,21968.2,-23.0,COMBUSTION_INSTABILITY,0.732,399.6
PREFLIGHT,1396.0,13.7,16.33,148.8,150.1,146.3,145.2,672.1,658.9,650.9,655.5,5.75,45.2,18.12,46.3,131.8,136.5,0.5834,0.4126,0.2246,0.4325,27.9,41.7,-0.8,559.0,27.1,SENSOR_DRIFT,0.2588,916.6
DESCENT,3824.3,35.8,20.45,169.2,170.2,170.9,168.2,1150.9,1149.5,1140.7,1135.1,10.6,44.1,18.15,51.7,164.1,161.0,1.2927,0.9154,0.6157,0.9812,28.41,42.3,114.4,8033.7,11.7,NOMINAL,0.0144,1475.4
TRANSIT,4890.8,65.3,29.1,204.7,203.5,204.2,199.8,1367.1,1390.6,1376.3,1359.8,18.07,43.8,18.02,61.2,187.0,182.0,1.962,1.4273,0.9332,1.5008,28.14,42.5,140.0,18038.4,-13.1,LUBRICATION_FAILURE,0.007,1235.1
CLIMB,5535.1,86.4,32.45,232.1,233.6,242.3,230.2,1450.4,1460.6,1397.7,1459.4,25.46,42.8,17.97,67.4,198.2,197.3,2.8445,2.1626,1.4263,2.2213,28.4,45.8,104.4,11989.7,3.6,INJECTOR_CLOGGING,0.3678,715.0
TRANSIT,4929.8,68.6,29.37,206.0,203.2,207.8,208.3,1397.5,1380.6,1382.7,1378.9,18.81,46.5,18.08,63.4,186.3,182.3,1.7904,1.3787,0.9939,1.4253,26.57,43.8,141.1,18136.7,-11.9,SENSOR_DRIFT,0.8871,246.0
CLIMB,5501.0,84.9,32.98,233.8,234.3,239.4,230.4,1449.4,1461.7,1421.8,1460.9,26.81,43.0,17.84,69.6,200.1,199.7,2.8853,2.0425,1.4691,2.2102,28.34,41.1,105.6,12012.9,5.0,INJECTOR_CLOGGING,0.2808,847.5
TRANSIT,4746.3,68.2,29.05,201.9,168.2,201.5,200.5,1344.1,1169.0,1357.8,1362.8,18.14,44.6,18.31,62.2,189.1,179.5,5.8256,4.3365,2.8854,4.5118,28.32,42.0,140.9,18052.4,-12.6,CYLINDER_MISFIRE,0.702,390.6
ISR_LOITER,4580.7,59.7,26.4,190.8,195.9,196.6,194.8,1340.3,1310.5,1342.3,1316.5,15.29,44.7,18.37,58.0,178.1,172.4,1.5916,1.0803,0.735,1.1889,28.43,44.0,124.7,21976.7,-21.9,NOMINAL,0.003,1456.5
ISR_LOITER,4658.7,57.8,26.52,193.1,199.5,195.7,201.2,1328.4,1322.2,1325.9,1320.4,15.61,45.2,18.18,57.3,178.8,174.3,1.6762,1.2872,0.8181,1.3084,28.29,41.1,126.8,22027.6,-22.7,NOMINAL,0.0085,1457.8
RECOVERY,2183.3,23.2,17.97,154.2,153.7,155.5,152.6,854.6,842.7,853.6,842.4,7.25,47.3,18.21,45.3,144.1,150.4,0.7043,0.6462,0.4334,0.6059,28.1,42.0,60.8,888.5,25.7,NOMINAL,0.0446,1484.1
TAKEOFF,5820.1,97.6,38.56,284.2,280.9,280.5,284.6,1510.1,1546.2,1527.4,1530.4,32.23,44.9,18.25,73.2,211.0,245.4,3.4844,2.6494,1.7828,2.7288,28.27,42.1,87.0,1223.7,27.1,COOLING_DEGRADATION,0.6182,517.7
ISR_LOITER,4630.0,59.8,24.88,199.5,197.6,207.9,200.0,1284.5,1283.4,1251.6,1308.3,14.73,42.3,18.3,59.1,179.7,174.9,1.5774,1.2177,0.7451,1.2283,28.25,41.9,125.6,22013.9,-24.5,INJECTOR_CLOGGING,0.4545,613.8
PREFLIGHT,1377.5,16.5,16.09,136.3,140.1,141.2,142.1,622.5,627.8,633.2,651.3,6.25,46.9,18.03,27.2,168.6,135.3,1.3963,1.0923,0.8134,1.1261,28.33,41.3,-0.7,413.5,29.4,LUBRICATION_FAILURE,0.8129,312.2
DESCENT,3787.8,36.3,20.29,172.6,170.4,167.7,171.0,1103.9,1111.1,1085.4,1098.6,11.17,43.7,18.1,53.1,164.4,164.1,1.1745,0.8732,0.5762,0.9081,28.08,41.2,112.1,7990.4,12.1,NOMINAL,0.0617,1451.6
PREFLIGHT,1342.9,15.9,15.81,177.5,176.1,183.4,178.0,650.7,635.0,665.5,647.1,6.21,46.2,17.81,45.1,133.0,170.9,0.5352,0.3957,0.2907,0.4193,28.19,40.4,-1.3,461.3,27.6,COOLING_DEGRADATION,0.6279,582.0
ISR_LOITER,4578.2,58.0,24.45,201.2,197.3,218.8,200.8,1301.6,1295.6,1229.4,1315.0,13.33,38.3,17.95,57.3,178.7,174.2,1.5669,1.1503,0.7727,1.2077,27.82,43.0,125.8,21995.8,-21.8,INJECTOR_CLOGGING,0.7892,310.4
CLIMB,5274.5,87.0,34.49,231.7,189.0,233.4,227.3,1446.3,1187.6,1435.6,1458.8,26.54,45.3,18.56,65.6,199.7,197.2,10.0382,7.6103,5.0985,7.8459,28.32,40.9,109.9,11911.5,4.0,CYLINDER_MISFIRE,0.9294,240.1
TRANSIT,4904.2,68.1,29.15,210.0,208.6,210.9,209.1,1375.4,1384.0,1388.9,1356.5,18.64,44.7,18.5,61.6,190.6,180.6,2.2411,1.8778,1.1676,1.8177,27.96,42.0,139.5,18041.2,-11.1,COMBUSTION_INSTABILITY,0.1243,1051.7
TAKEOFF,5802.4,97.1,38.38,243.5,241.7,240.6,242.3,1524.1,1526.8,1550.1,1539.0,32.36,46.0,18.26,71.3,209.1,203.9,3.6771,2.7584,1.8693,2.865,27.22,39.6,85.6,1147.1,26.5,SENSOR_DRIFT,0.6277,585.8
ISR_LOITER,4604.5,60.6,26.44,196.3,195.6,196.0,195.6,1330.0,1328.0,1360.3,1343.2,15.84,44.9,18.16,61.8,181.0,173.8,1.5893,1.2643,0.7709,1.2541,28.33,38.5,124.5,22031.4,-20.7,NOMINAL,0.0554,1464.9
CLIMB,5479.5,85.0,33.6,234.6,228.7,230.4,233.4,1450.1,1456.5,1458.1,1459.7,26.73,45.2,17.84,69.0,199.8,198.3,3.0056,2.0336,1.4694,2.2604,27.8,38.9,102.5,11941.1,5.2,NOMINAL,0.0169,1487.1
DESCENT,3820.8,33.7,19.89,168.2,169.6,169.9,168.4,1098.5,1106.8,1104.5,1110.8,10.78,44.6,18.89,53.2,163.1,160.5,2.2058,1.7379,1.0424,1.7294,28.1,40.6,111.7,8088.2,10.8,COMBUSTION_INSTABILITY,0.3733,719.1
ISR_LOITER,4579.6,59.2,25.85,191.7,189.7,189.1,192.4,1335.0,1320.2,1307.2,1309.3,15.28,45.1,17.67,58.8,184.0,176.4,1.5625,1.2316,0.881,1.2562,28.44,40.5,126.0,21992.1,-21.2,NOMINAL,0.0749,1464.0
ISR_LOITER,4591.3,58.2,26.07,195.1,199.4,195.0,197.9,1284.2,1322.5,1298.7,1302.7,15.87,45.7,17.7,58.0,178.7,171.6,1.679,1.1789,0.8121,1.2739,28.23,41.5,129.0,21997.6,-23.6,NOMINAL,0.02,1454.6
TRANSIT,4890.0,66.2,28.39,203.2,201.3,210.3,202.3,1390.1,1387.9,1340.1,1383.6,17.02,42.8,18.16,62.2,188.9,181.6,1.9903,1.4202,0.9267,1.5096,28.33,39.9,141.0,17947.9,-10.7,INJECTOR_CLOGGING,0.2721,932.5
PREFLIGHT,1383.7,16.0,16.26,142.0,142.3,140.9,143.3,627.0,628.7,609.0,643.0,6.33,43.0,17.65,43.7,131.6,134.4,0.5356,0.3896,0.2475,0.4082,27.91,40.2,-2.1,534.1,27.8,NOMINAL,0.0647,1441.5
RECOVERY,2179.4,23.2,17.99,149.3,149.1,151.4,149.0,845.9,849.2,847.2,839.2,7.82,46.3,18.07,47.4,143.6,146.6,0.9886,0.6563,0.358,0.7156,28.22,41.5,66.2,827.2,27.1,NOMINAL,0.0736,1455.9
TAKEOFF,5822.1,97.0,38.25,237.9,233.0,238.2,242.4,1531.8,1541.6,1517.0,1511.9,32.69,45.3,18.06,73.4,210.8,205.8,3.6572,2.7301,1.8429,2.8417,28.35,44.3,83.7,1224.0,26.6,NOMINAL,0.0447,1452.8
CLIMB,5479.2,84.8,34.0,286.6,286.7,288.0,283.8,1457.1,1444.3,1444.8,1438.1,27.22,45.1,18.24,65.8,200.4,252.9,2.7851,2.0757,1.3819,2.1583,28.23,39.3,106.9,11976.0,5.1,COOLING_DEGRADATION,0.8321,345.9
RECOVERY,2209.2,21.5,17.46,151.1,145.5,148.1,146.4,857.0,865.3,868.7,870.0,8.02,44.7,19.64,47.8,146.3,145.5,2.2522,1.6434,1.0494,1.7199,28.09,41.0,65.1,788.5,27.0,COMBUSTION_INSTABILITY,0.7497,378.7
RECOVERY,2191.4,22.7,17.72,154.5,157.0,158.9,157.4,847.0,856.8,861.0,849.7,6.96,44.6,17.85,48.0,141.8,149.1,0.7492,0.6597,0.3862,0.618,28.2,41.7,63.6,923.6,25.5,NOMINAL,0.1042,1462.0
ISR_LOITER,4599.4,57.4,26.42,193.7,194.8,197.4,192.0,1349.2,1346.1,1348.0,1347.0,15.51,45.2,17.79,40.8,216.3,174.0,3.8104,2.901,1.8831,2.971,28.47,42.5,125.8,22034.1,-22.6,LUBRICATION_FAILURE,0.7799,397.4
TAKEOFF,5827.2,97.8,38.9,240.5,241.6,239.1,240.1,1552.4,1557.5,1575.8,1545.2,32.13,45.9,17.77,72.8,209.0,205.4,3.6873,2.6934,1.8466,2.8437,27.35,39.2,83.2,1121.9,29.0,SENSOR_DRIFT,0.5476,635.4
ISR_LOITER,4559.2,57.4,26.74,193.0,198.3,197.1,196.3,1319.5,1329.6,1323.5,1309.9,15.78,44.8,18.21,33.0,221.0,172.7,4.2196,3.168,2.0927,3.2772,28.32,40.1,127.2,21964.6,-23.6,LUBRICATION_FAILURE,0.9007,193.5
CLIMB,5493.2,84.7,34.37,230.3,233.0,233.6,234.4,1455.4,1442.4,1446.9,1456.3,26.88,45.5,17.93,67.2,200.1,196.6,2.7895,2.0379,1.3905,2.15,28.27,41.1,105.0,12007.0,5.5,NOMINAL,0.0404,1447.5
ISR_LOITER,4578.2,58.4,26.22,195.6,199.1,196.6,198.0,1314.1,1323.0,1343.4,1332.9,15.92,44.5,18.01,58.3,180.9,172.8,1.6535,1.1346,0.8816,1.2647,28.08,42.4,127.0,21987.4,-21.7,NOMINAL,0.0587,1449.9
DESCENT,3835.9,36.0,20.17,174.7,171.6,172.4,170.1,1094.8,1091.2,1098.8,1123.2,10.58,44.6,17.74,51.1,165.3,158.6,1.2872,0.992,0.4875,0.9796,28.1,42.1,117.3,7977.3,12.0,NOMINAL,0.0392,1474.1
ISR_LOITER,4658.2,58.7,26.7,197.5,196.3,197.8,196.7,1307.5,1308.3,1307.1,1326.7,15.55,42.7,18.08,60.3,181.5,173.8,1.4731,1.1919,0.792,1.1857,28.05,42.8,128.7,22011.1,-21.8,NOMINAL,0.0696,1471.5
RECOVERY,2176.6,21.4,17.52,158.8,157.2,155.8,157.2,856.7,838.7,863.2,848.7,7.39,45.9,18.15,46.9,146.6,146.9,0.9456,0.5503,0.412,0.6749,28.08,45.3,62.5,826.2,25.3,NOMINAL,0.0967,1435.1
CLIMB,5530.6,86.6,33.54,227.4,231.4,230.8,231.6,1469.8,1463.2,1458.4,1487.3,27.44,45.4,17.89,65.6,201.1,195.8,2.7431,2.0648,1.3901,2.1386,28.09,42.1,103.8,12035.1,6.0,NOMINAL,0.0028,1466.8
ISR_LOITER,4602.7,58.7,27.08,194.4,192.9,192.2,195.5,1331.6,1341.5,1356.6,1337.7,16.33,43.5,17.89,55.9,180.1,176.6,1.606,1.2736,0.7625,1.2627,28.23,41.2,125.7,22025.2,-21.4,NOMINAL,0.04,1455.6
PREFLIGHT,1382.4,14.8,16.03,138.9,146.4,139.9,143.8,640.1,642.3,639.8,636.0,6.39,44.5,18.23,45.9,131.2,134.0,0.5811,0.3787,0.2823,0.4324,28.04,44.0,0.1,508.5,27.8,NOMINAL,0.0316,1449.8
DESCENT,3804.9,34.3,20.16,161.7,160.4,163.4,162.5,1082.7,1094.3,1071.9,1103.7,11.31,44.0,18.11,50.1,163.1,160.8,1.1449,0.8962,0.5718,0.902,28.14,41.4,113.6,8015.1,11.4,NOMINAL,0.0728,1480.5
ISR_LOITER,4561.6,58.9,26.65,201.4,201.6,203.8,200.9,1295.8,1319.6,1304.3,1316.3,16.1,45.0,20.0,57.4,180.0,176.7,4.4015,3.3554,2.1767,3.4336,28.05,42.0,121.1,22103.0,-23.2,COMBUSTION_INSTABILITY,0.814,296.8
TRANSIT,4899.0,67.1,28.32,208.1,203.6,202.7,205.0,1381.6,1391.7,1396.6,1394.6,18.61,46.0,17.87,62.3,185.6,182.1,1.9071,1.5283,0.9386,1.5115,28.21,42.4,139.1,17959.9,-10.7,NOMINAL,0.0451,1475.0
ISR_LOITER,4588.7,57.6,26.58,237.6,237.1,238.5,233.4,1305.6,1313.4,1301.4,1317.0,16.29,44.3,18.01,60.2,183.6,219.5,1.6475,1.1488,0.818,1.2521,28.28,41.7,123.8,21935.9,-23.7,COOLING_DEGRADATION,0.6614,491.5
RECOVERY,2151.3,22.2,17.45,151.6,151.5,152.7,149.4,873.1,859.6,869.8,868.3,7.08,45.6,18.07,48.0,144.8,147.8,0.865,0.6347,0.4015,0.6614,27.98,42.7,66.4,915.0,27.1,NOMINAL,0.0146,1471.3
CLIMB,5508.2,85.9,33.81,231.4,233.1,229.6,234.0,1452.8,1459.6,1443.0,1464.2,27.58,44.4,17.78,68.4,202.9,195.1,2.7115,2.0727,1.359,2.121,28.08,38.9,106.2,12016.9,3.3,NOMINAL,0.0827,1460.8
ISR_LOITER,4636.4,59.2,26.33,200.0,195.0,195.8,194.2,1328.6,1328.8,1326.3,1319.5,15.55,46.0,18.0,60.0,182.2,173.7,1.6758,1.2409,0.6613,1.263,28.32,41.4,123.2,21957.8,-22.1,NOMINAL,0.0744,1472.2
ISR_LOITER,4604.7,58.6,23.56,192.3,194.1,219.1,194.2,1296.4,1303.3,1199.5,1301.7,12.14,36.4,18.15,55.2,180.3,177.1,1.5844,1.1779,0.8201,1.2343,28.17,44.1,122.8,21997.4,-21.8,INJECTOR_CLOGGING,0.9983,136.4
ISR_LOITER,4590.5,58.4,23.49,196.9,196.4,215.7,194.4,1316.7,1310.9,1212.9,1303.9,13.23,40.8,17.89,58.0,180.2,172.7,1.459,1.1384,0.8124,1.1668,28.21,43.1,125.2,21994.5,-22.6,INJECTOR_CLOGGING,0.7655,331.9
TRANSIT,4872.2,68.6,28.6,212.9,210.6,211.6,211.4,1375.5,1387.3,1376.5,1391.1,19.57,44.6,18.67,62.6,191.6,181.8,2.906,2.1532,1.4832,2.2569,28.13,45.0,143.5,17948.3,-12.7,COMBUSTION_INSTABILITY,0.2565,875.4
TRANSIT,4901.8,67.4,29.18,205.2,201.3,200.0,203.1,1370.3,1379.0,1377.0,1373.6,18.48,44.1,18.02,63.3,186.1,182.0,1.9831,1.4553,1.0155,1.5364,28.11,39.3,140.4,18018.1,-10.6,NOMINAL,0.0062,1466.9
TRANSIT,4869.5,68.1,29.29,206.1,206.4,207.9,205.9,1384.8,1393.0,1397.6,1388.0,18.03,44.1,18.04,62.3,188.5,183.0,1.9005,1.4409,0.9477,1.4817,28.37,44.1,137.6,17987.2,-12.0,NOMINAL,0.1098,1448.9
TRANSIT,4893.3,67.2,29.18,209.4,206.5,205.2,201.9,1382.0,1396.7,1382.7,1361.2,18.3,46.2,18.11,60.7,186.9,181.2,1.847,1.3032,0.9882,1.4243,28.25,39.7,142.5,17994.8,-10.8,SENSOR_DRIFT,0.0794,1246.9
ISR_LOITER,4629.9,56.9,26.38,198.1,199.3,198.6,192.7,1315.1,1324.2,1300.7,1321.1,16.07,43.5,18.17,58.4,181.3,173.1,1.612,1.0977,0.6862,1.1936,28.22,43.7,125.5,21996.8,-22.2,NOMINAL,0.0811,1479.6
TRANSIT,4876.4,67.6,29.23,207.4,204.5,206.9,204.8,1387.2,1377.3,1374.7,1384.7,17.75,44.6,17.68,63.2,190.1,180.3,1.9343,1.4789,0.9951,1.5187,27.73,43.1,138.7,18004.2,-12.5,SENSOR_DRIFT,0.28,1015.8
DESCENT,3808.7,36.2,20.08,177.3,168.3,170.5,174.9,1104.3,1116.7,1110.1,1128.9,10.75,46.5,18.35,50.5,166.6,158.1,1.2024,0.8846,0.4799,0.9053,28.26,42.2,118.0,8030.6,14.3,NOMINAL,0.0076,1494.7
CLIMB,5502.7,84.8,33.38,229.6,230.0,230.9,231.4,1456.0,1439.3,1449.9,1472.4,27.15,44.8,17.84,67.7,198.2,198.5,2.8083,1.9703,1.3991,2.139,28.36,41.4,103.7,11931.1,3.1,NOMINAL,0.0567,1466.7
DESCENT,3823.0,34.5,17.92,168.8,166.5,180.8,166.4,1088.4,1106.7,1013.6,1096.6,9.19,41.6,18.23,53.8,161.5,160.4,1.2607,0.9229,0.6318,0.973,28.21,40.9,111.6,7967.7,14.7,INJECTOR_CLOGGING,0.6079,427.7
TAKEOFF,5787.9,98.9,38.89,245.1,239.9,239.5,239.2,1527.5,1544.5,1535.4,1535.0,31.77,44.2,17.63,73.8,213.2,206.6,3.5211,2.7889,1.7873,2.7911,28.02,40.6,84.1,1202.5,26.8,NOMINAL,0.0412,1458.9
ISR_LOITER,4627.8,56.8,26.01,197.9,198.7,196.5,198.8,1337.9,1341.7,1346.8,1331.7,15.66,42.8,17.93,57.9,180.5,175.5,1.6723,1.1076,0.7257,1.2315,28.28,38.9,125.4,21941.0,-20.4,NOMINAL,0.0492,1447.3
ISR_LOITER,4606.3,56.7,26.24,197.1,191.5,194.8,193.0,1323.9,1349.3,1328.8,1334.9,16.58,46.4,17.91,56.1,179.9,173.9,1.478,1.2145,0.8133,1.2001,28.47,41.5,125.6,21966.7,-21.1,NOMINAL,0.0311,1449.1
RECOVERY,2199.7,22.4,17.58,156.5,159.4,156.7,158.6,808.4,859.8,829.9,844.6,7.37,45.5,18.3,49.7,144.6,147.7,0.8803,0.74,0.4096,0.7048,28.49,41.6,66.9,855.1,25.6,NOMINAL,0.0555,1469.6
TRANSIT,4881.3,67.5,29.26,207.4,205.4,207.9,208.9,1394.4,1393.1,1380.9,1390.7,18.17,45.0,17.67,59.6,187.6,180.9,1.9085,1.4169,0.9515,1.4782,28.29,41.3,139.6,18072.8,-12.0,NOMINAL,0.0253,1459.0
PREFLIGHT,1375.0,14.2,16.26,139.5,137.6,139.4,135.0,646.8,648.9,648.4,631.6,6.68,44.0,18.07,45.0,132.0,139.4,0.4968,0.4111,0.3095,0.4129,28.03,43.2,1.7,528.0,28.2,NOMINAL,0.0483,1463.1
TAKEOFF,5834.2,96.2,38.49,257.4,258.7,260.6,256.6,1500.0,1519.9,1505.9,1500.9,32.79,44.4,18.21,71.0,209.7,224.5,3.5819,2.7454,1.7967,2.8045,28.5,44.4,82.3,1226.1,26.2,COOLING_DEGRADATION,0.2714,913.3
RECOVERY,2173.6,23.1,17.56,216.2,216.8,215.7,210.3,844.9,830.3,842.6,830.7,6.93,46.5,17.94,47.4,146.0,209.1,0.9683,0.5836,0.4183,0.696,28.35,44.4,63.5,779.1,27.3,COOLING_DEGRADATION,0.9508,170.2
ISR_LOITER,4620.3,58.2,26.46,188.9,192.6,189.3,190.1,1300.9,1276.7,1310.8,1279.0,15.77,45.0,18.11,57.9,184.0,175.4,1.6843,1.1566,0.806,1.2681,28.43,41.6,125.4,22049.0,-22.7,NOMINAL,0.0856,1454.8
ISR_LOITER,4624.7,56.6,26.7,195.2,196.2,196.7,195.5,1284.7,1309.4,1291.6,1285.8,15.78,45.6,18.01,57.7,178.7,173.7,1.5522,1.2203,0.7503,1.2195,28.26,44.1,125.7,21981.5,-23.3,NOMINAL,0.0002,1466.3
CLIMB,5539.5,84.7,33.45,228.8,230.7,231.1,232.2,1467.5,1451.2,1462.1,1469.7,27.34,44.3,18.44,65.2,198.9,197.8,2.7839,2.0261,1.4224,2.1509,28.26,42.1,105.7,11978.8,3.4,NOMINAL,0.1101,1445.5
PREFLIGHT,1168.4,14.4,16.01,139.2,95.6,143.4,144.5,660.7,376.6,636.9,648.9,6.82,45.7,17.96,45.9,127.5,133.6,2.1616,1.7145,1.1599,1.7279,28.18,40.7,-0.0,475.7,27.2,CYLINDER_MISFIRE,0.9812,140.7
ISR_LOITER,4608.5,56.7,26.02,195.9,196.9,198.1,194.6,1325.9,1306.0,1335.6,1309.4,15.52,44.3,17.69,58.0,180.4,174.6,1.4768,1.319,0.8275,1.239,26.81,40.8,126.9,22039.0,-22.3,SENSOR_DRIFT,0.9933,167.0
DESCENT,3791.0,31.5,20.12,164.0,165.3,166.9,166.0,1100.5,1106.0,1089.7,1088.6,11.58,46.2,18.15,50.6,165.8,160.2,1.2842,0.8656,0.5167,0.9426,28.3,38.2,113.5,7948.8,11.0,NOMINAL,0.0936,1478.9
TRANSIT,4881.3,69.2,29.25,202.1,201.8,206.0,205.4,1389.0,1382.2,1408.2,1376.4,18.26,45.3,18.92,62.6,189.0,180.9,2.883,2.1345,1.3394,2.2107,28.32,43.5,141.6,18001.7,-13.0,COMBUSTION_INSTABILITY,0.2243,906.2
ISR_LOITER,4627.0,59.0,26.74,196.6,193.9,196.1,193.7,1338.4,1320.1,1320.8,1343.6,16.18,45.8,18.02,54.4,179.9,175.9,1.5572,1.1573,0.8722,1.2281,26.7,42.7,126.5,21949.9,-21.8,SENSOR_DRIFT,0.8275,362.9
PREFLIGHT,1433.0,14.8,16.08,138.7,140.2,138.5,138.7,670.4,674.7,660.1,674.4,6.64,47.3,18.01,44.0,128.0,132.8,0.7,0.3591,0.3609,0.4997,28.07,41.0,-0.3,464.8,28.9,NOMINAL,0.0862,1459.0
ISR_LOITER,4613.5,57.8,26.92,199.5,201.5,197.5,197.9,1300.5,1300.7,1289.1,1292.5,15.83,46.8,17.88,57.0,183.4,172.8,1.4671,1.1503,0.7669,1.1638,27.94,41.8,126.9,21935.7,-21.9,NOMINAL,0.0068,1494.6
PREFLIGHT,1409.9,15.2,15.76,146.9,146.5,141.3,146.3,671.5,649.6,662.8,667.7,6.87,45.9,18.57,47.5,130.1,134.5,0.9663,0.6469,0.4907,0.7287,28.27,41.4,0.8,456.8,27.9,COMBUSTION_INSTABILITY,0.2973,913.2
DESCENT,3841.9,34.5,20.0,172.3,171.4,167.8,170.5,1124.5,1111.8,1110.1,1135.9,11.08,46.9,18.2,52.6,165.9,157.2,1.2165,0.985,0.6341,0.9751,28.22,44.6,114.6,7969.0,12.2,NOMINAL,0.031,1466.1
CLIMB,5519.2,86.1,34.19,238.1,234.4,233.2,232.4,1456.4,1452.8,1446.2,1433.3,26.72,45.0,18.16,68.0,200.5,197.2,2.9399,2.0389,1.365,2.2109,28.13,42.8,102.9,12006.8,5.2,NOMINAL,0.1074,1441.6
TAKEOFF,5802.5,96.3,37.86,240.7,240.3,243.6,239.3,1519.0,1539.7,1532.7,1543.2,31.64,43.3,18.0,72.6,211.7,205.3,3.6132,2.6766,1.8795,2.8138,28.03,42.5,83.0,1226.7,26.0,NOMINAL,0.0372,1485.8
CLIMB,5518.6,85.1,34.52,227.6,228.6,229.4,226.1,1450.9,1471.1,1463.6,1459.2,26.71,44.2,18.02,68.7,195.8,200.8,2.9073,1.9602,1.4543,2.1916,28.36,42.0,102.4,12050.8,4.8,NOMINAL,0.0862,1449.0
ISR_LOITER,4591.6,57.2,26.63,190.0,192.3,192.9,187.2,1316.9,1313.9,1306.7,1334.6,16.18,43.7,18.17,59.9,180.3,175.7,1.6271,1.0749,0.7907,1.2149,28.16,44.1,125.7,21985.1,-22.1,NOMINAL,0.0727,1479.9
ISR_LOITER,4625.6,57.7,26.78,255.5,254.0,254.7,253.8,1317.6,1334.0,1309.8,1313.6,15.3,43.2,17.96,57.1,183.5,233.0,1.7032,1.2581,0.7896,1.3047,28.52,42.4,128.0,22069.8,-21.6,COOLING_DEGRADATION,0.9018,255.6
TRANSIT,4926.9,69.5,28.78,206.4,207.3,207.0,207.7,1396.2,1389.7,1384.9,1400.5,18.94,44.9,17.76,60.5,189.9,180.7,1.8194,1.3795,0.9156,1.4203,28.33,41.8,137.3,18001.6,-11.8,NOMINAL,0.0168,1477.1
TRANSIT,4689.0,68.9,28.67,202.5,171.7,203.7,204.1,1369.2,1163.4,1364.1,1385.5,18.92,45.6,18.14,63.1,186.1,184.9,6.0992,4.598,3.0514,4.7488,28.27,41.2,140.1,17938.2,-10.8,CYLINDER_MISFIRE,0.7962,390.3
DESCENT,3788.3,35.6,19.79,168.8,171.1,171.0,170.2,1108.9,1126.1,1108.0,1095.8,11.46,43.6,18.14,54.0,166.3,162.1,1.3616,0.958,0.6165,1.025,28.45,44.6,118.5,7975.4,10.6,NOMINAL,0.1081,1445.8
DESCENT,3786.2,33.5,20.04,174.7,176.6,173.2,172.0,1118.5,1118.3,1112.2,1105.0,11.2,43.5,18.22,53.6,162.4,161.7,1.2323,0.8387,0.5397,0.9153,27.64,41.4,118.6,8047.6,12.5,SENSOR_DRIFT,0.3419,682.6
PREFLIGHT,1421.2,15.5,15.71,188.2,185.5,189.9,189.1,644.4,619.4,647.9,628.7,6.14,46.1,18.05,45.5,131.6,175.5,0.5727,0.44,0.3106,0.4539,28.07,43.5,0.6,503.7,29.2,COOLING_DEGRADATION,0.6097,430.1
ISR_LOITER,4597.0,58.3,26.59,191.7,191.6,189.5,192.5,1300.8,1313.2,1311.7,1328.4,15.39,44.1,17.92,57.1,182.7,172.7,1.5696,1.2199,0.8441,1.2469,28.14,39.1,124.7,22067.6,-21.7,NOMINAL,0.117,1466.8
ISR_LOITER,4564.3,58.8,26.25,194.1,192.6,190.3,196.0,1313.8,1308.7,1304.2,1293.2,16.12,46.5,18.03,56.2,179.0,178.4,1.594,1.0005,0.7266,1.1647,28.14,43.6,124.5,22052.7,-22.5,NOMINAL,0.0173,1458.0
TAKEOFF,5750.9,98.3,38.12,236.5,240.3,234.8,240.7,1543.3,1556.2,1539.3,1555.1,32.14,44.1,18.09,71.4,210.8,204.6,3.6054,2.7267,1.7825,2.8054,28.05,41.2,87.4,1205.8,26.2,NOMINAL,0.1142,1432.1
TRANSIT,4882.9,67.3,28.89,207.4,209.3,208.0,206.3,1371.7,1376.4,1380.9,1391.8,18.49,44.2,17.85,61.9,189.8,185.2,1.8835,1.4223,0.8893,1.4562,28.49,39.9,142.3,17981.7,-12.6,NOMINAL,0.0807,1456.3
ISR_LOITER,4572.2,57.3,26.5,197.6,194.7,192.1,194.6,1316.3,1304.9,1305.7,1308.4,16.29,44.4,18.29,57.1,180.7,174.1,1.6603,1.1329,0.8371,1.2571,27.3,41.0,124.7,22076.7,-21.9,SENSOR_DRIFT,0.5099,554.4
ISR_LOITER,4612.6,58.2,26.71,192.9,191.3,191.7,188.7,1296.1,1315.8,1316.3,1295.0,15.29,44.9,17.84,56.8,177.5,174.1,1.5076,1.1343,0.8149,1.1865,28.19,42.7,121.7,22000.5,-19.9,NOMINAL,0.1154,1436.5
TRANSIT,4890.7,68.6,29.21,203.5,203.8,206.4,208.1,1355.5,1375.8,1361.6,1361.7,18.17,42.7,18.05,64.6,187.9,178.3,1.9624,1.3275,0.8895,1.4611,28.16,42.2,138.0,17986.1,-11.3,NOMINAL,0.1085,1438.9
ISR_LOITER,4647.7,58.8,26.43,198.6,197.9,195.8,195.5,1324.6,1327.1,1318.8,1329.8,16.63,42.9,18.12,57.9,180.9,174.1,1.5883,1.2078,0.7849,1.2379,26.49,41.6,122.2,22032.7,-23.9,SENSOR_DRIFT,0.821,352.6
TRANSIT,4925.7,69.2,28.84,201.6,200.1,204.2,201.6,1366.8,1359.3,1377.2,1377.0,18.18,42.3,18.08,61.7,188.7,185.9,1.8979,1.3942,0.8926,1.454,28.15,42.2,140.1,18086.2,-11.5,NOMINAL,0.0421,1487.1
ISR_LOITER,4604.5,58.5,26.44,195.4,193.9,194.0,190.0,1307.6,1289.1,1290.9,1283.1,15.09,46.4,18.26,57.8,178.6,174.2,1.572,1.128,0.7854,1.2056,28.22,43.5,125.0,21921.2,-21.6,NOMINAL,0.0735,1436.7
DESCENT,3636.1,36.5,19.83,179.2,146.6,175.4,176.5,1105.7,940.4,1101.9,1115.9,11.49,44.7,18.13,51.3,169.7,154.7,3.37,2.3813,1.6468,2.5651,28.19,44.3,113.6,8065.4,10.8,CYLINDER_MISFIRE,0.6298,562.7
RECOVERY,2201.8,21.7,17.88,156.0,156.8,156.2,153.8,867.9,852.0,851.9,870.3,7.31,44.0,17.96,46.3,145.7,147.3,0.7594,0.5644,0.3947,0.5919,28.21,41.2,64.3,795.9,25.8,NOMINAL,0.094,1439.5
ISR_LOITER,4600.8,58.3,26.48,187.8,191.7,189.3,191.4,1317.8,1324.8,1336.2,1321.4,15.56,45.8,18.13,57.2,176.0,173.8,1.6542,1.1535,0.7995,1.2525,28.1,39.1,123.6,22033.7,-24.4,NOMINAL,0.0706,1476.0
ISR_LOITER,4595.7,57.8,26.26,238.6,243.5,238.7,241.4,1329.0,1345.6,1337.1,1337.3,16.04,44.4,17.71,59.1,177.7,225.4,1.6778,1.1775,0.8591,1.2832,28.27,41.0,127.8,21942.9,-22.4,COOLING_DEGRADATION,0.7602,445.8
TAKEOFF,5794.8,98.6,38.83,242.6,239.5,240.5,246.7,1504.3,1514.8,1534.1,1524.8,32.87,45.7,20.74,72.4,211.3,203.6,11.387,8.4813,5.6474,8.8221,28.33,43.4,88.4,1281.2,27.9,COMBUSTION_INSTABILITY,0.9773,162.2
ISR_LOITER,4618.2,57.0,26.69,192.5,193.2,191.7,190.5,1289.2,1308.2,1315.6,1307.1,15.79,44.8,17.94,58.1,179.5,177.9,1.4235,1.1672,0.7565,1.1491,28.23,42.1,128.2,22097.6,-22.8,NOMINAL,0.0922,1474.8
ISR_LOITER,4600.0,56.9,26.42,195.8,192.5,192.2,192.3,1344.3,1344.0,1331.3,1335.0,16.06,43.6,18.24,60.6,182.3,172.5,1.4424,1.2425,0.762,1.1839,28.24,44.3,123.7,21981.1,-21.7,NOMINAL,0.1101,1475.2
TRANSIT,4900.6,67.7,29.18,211.6,216.1,210.1,210.5,1375.2,1378.4,1375.0,1380.9,18.61,46.3,18.02,61.2,190.0,180.4,1.7694,1.4974,1.0071,1.4591,28.08,41.4,138.2,18016.3,-10.3,NOMINAL,0.0305,1458.1
TRANSIT,4917.6,68.7,29.43,205.7,204.3,203.0,203.1,1384.7,1352.7,1350.6,1360.0,18.97,47.7,18.13,48.1,214.4,182.0,3.5428,2.6426,1.8467,2.7656,28.24,42.5,142.6,17959.9,-10.6,LUBRICATION_FAILURE,0.5,665.6
ISR_LOITER,4549.4,58.8,26.39,196.6,197.0,192.2,197.4,1323.4,1306.6,1317.4,1331.4,15.41,44.9,18.07,57.7,179.0,172.5,1.6018,1.0761,0.7657,1.1986,28.06,41.6,124.6,22048.0,-20.4,NOMINAL,0.0842,1459.0
ISR_LOITER,4572.1,58.2,26.65,198.7,205.3,200.7,201.6,1302.3,1309.9,1305.1,1320.3,15.83,44.2,18.2,58.4,176.3,176.8,1.6148,1.2834,0.8062,1.2786,28.08,41.7,126.6,21961.5,-22.4,NOMINAL,0.0976,1470.5
ISR_LOITER,4609.9,58.3,26.49,193.4,187.5,194.3,193.6,1325.0,1309.6,1328.2,1359.5,16.01,45.2,18.09,60.1,179.8,173.8,2.0287,1.4604,0.9271,1.5392,28.01,44.3,125.3,21970.5,-22.2,CYLINDER_MISFIRE,0.0806,926.6
ISR_LOITER,4620.2,58.3,26.86,201.0,198.9,200.9,199.6,1298.1,1330.8,1313.8,1319.1,15.26,45.6,18.22,60.9,182.8,176.1,1.4764,1.2079,0.7704,1.1878,28.24,40.2,124.6,21974.1,-22.5,NOMINAL,0.0985,1458.5
PREFLIGHT,1340.6,14.7,15.94,140.6,140.8,139.1,142.6,643.0,646.7,642.0,662.3,6.44,44.4,18.16,42.5,130.2,135.6,0.6105,0.43,0.2494,0.4545,28.08,42.2,-2.2,588.5,25.4,NOMINAL,0.0614,1485.0
ISR_LOITER,4591.9,58.1,26.65,189.5,191.1,193.5,194.3,1319.6,1360.1,1324.6,1320.5,16.0,44.6,17.9,58.9,176.9,171.6,1.5522,1.2647,0.7723,1.239,28.44,43.8,125.6,22017.0,-21.7,NOMINAL,0.0118,1494.4
ISR_LOITER,4544.7,59.1,26.55,193.4,193.0,194.5,197.8,1313.1,1298.5,1319.6,1336.2,15.11,43.6,18.05,61.9,177.3,172.2,1.6271,1.2723,0.7688,1.2724,27.96,42.7,126.2,22088.9,-21.3,NOMINAL,0.0499,1458.3
ISR_LOITER,4620.7,59.8,26.06,189.5,189.0,191.4,187.6,1322.1,1317.8,1312.5,1320.8,16.14,47.5,18.12,54.2,179.9,175.1,1.6749,1.2111,0.8627,1.2931,28.26,44.3,124.1,22007.2,-21.2,NOMINAL,0.0314,1483.9
CLIMB,5513.1,83.2,33.53,236.0,232.6,235.8,234.2,1435.7,1464.7,1463.1,1450.2,27.4,47.3,18.15,68.7,200.4,199.3,2.7709,2.0834,1.4225,2.1635,28.13,41.5,105.0,12057.5,3.9,NOMINAL,0.0296,1455.4
TRANSIT,4919.0,68.6,29.06,209.5,210.1,207.8,208.8,1375.4,1363.4,1376.9,1387.8,18.51,43.2,17.86,59.3,190.6,183.5,1.8599,1.3399,0.9083,1.4236,28.1,42.2,140.2,18067.1,-12.7,NOMINAL,0.0493,1444.1
TRANSIT,4862.3,66.8,28.99,201.9,204.8,201.6,202.1,1383.7,1370.8,1380.7,1379.8,18.56,43.6,18.25,65.3,188.0,179.9,1.9023,1.4844,0.9192,1.4908,28.18,42.5,142.4,18038.8,-11.2,NOMINAL,0.1148,1467.6
TRANSIT,4889.3,68.6,26.52,203.7,206.5,224.0,203.7,1388.2,1403.8,1321.3,1419.7,15.99,42.3,18.08,62.6,186.8,182.6,1.9378,1.4812,0.9011,1.5013,28.41,42.5,141.2,17989.0,-12.9,INJECTOR_CLOGGING,0.6777,524.2
PREFLIGHT,1365.4,15.8,16.3,137.2,137.9,137.3,137.7,639.9,624.0,625.2,610.5,6.58,45.0,19.91,43.3,130.0,135.4,1.4516,1.0292,0.8355,1.1349,28.41,41.4,1.0,475.8,27.0,COMBUSTION_INSTABILITY,0.6792,445.0
CLIMB,5545.7,85.9,33.5,262.9,264.6,260.5,262.5,1465.0,1467.0,1461.7,1457.4,26.95,45.9,18.01,66.4,197.5,228.4,2.9164,2.1484,1.3947,2.241,28.13,41.1,107.2,12095.2,4.4,COOLING_DEGRADATION,0.5129,619.4
DESCENT,3794.7,36.5,20.0,167.6,171.5,169.8,168.0,1097.8,1097.7,1113.3,1092.3,10.88,45.3,17.73,50.8,162.1,161.8,1.1973,0.9151,0.6565,0.949,28.09,41.5,112.9,7947.1,11.1,LUBRICATION_FAILURE,0.0099,1241.5
TAKEOFF,5756.7,98.5,38.36,237.2,232.5,240.7,237.7,1514.6,1477.4,1512.5,1506.4,32.87,42.3,18.1,70.7,209.0,203.2,4.964,3.6373,2.4637,3.8271,28.4,42.2,82.6,1189.0,26.3,CYLINDER_MISFIRE,0.1238,967.7
PREFLIGHT,1396.6,15.4,16.17,138.5,142.2,138.5,142.0,640.1,651.0,651.5,657.6,6.54,43.5,17.78,42.9,132.6,135.6,0.5133,0.4234,0.3591,0.4365,28.16,41.5,-1.6,448.8,29.2,NOMINAL,0.1147,1439.4
ISR_LOITER,4641.8,59.4,26.46,191.8,196.3,194.3,192.9,1323.6,1315.8,1324.3,1327.0,15.38,44.9,18.09,52.8,190.5,173.4,2.268,1.6481,1.1711,1.7542,28.56,41.3,124.1,21987.7,-21.4,LUBRICATION_FAILURE,0.2041,875.7
TRANSIT,4915.5,69.5,28.93,198.3,199.7,201.6,200.6,1387.9,1383.2,1359.9,1395.9,18.4,46.8,18.08,61.2,190.1,184.3,1.8825,1.4966,0.9222,1.4871,28.22,42.9,141.6,18031.1,-12.3,NOMINAL,0.1142,1471.7
ISR_LOITER,4627.3,57.3,25.31,192.2,194.8,202.9,189.7,1324.7,1342.5,1263.0,1300.0,14.38,42.5,17.8,59.3,177.9,174.7,1.6602,1.1288,0.8091,1.2497,28.38,42.7,123.6,22075.9,-21.3,INJECTOR_CLOGGING,0.4504,752.4
RECOVERY,2185.7,22.2,17.8,156.4,155.7,153.2,155.1,826.6,831.2,828.8,827.0,7.64,43.6,17.95,48.5,148.7,145.7,0.8416,0.6378,0.3062,0.6348,28.26,43.3,66.2,795.8,26.3,NOMINAL,0.041,1464.4
CLIMB,5504.2,84.6,33.79,235.2,238.1,240.4,234.5,1475.8,1476.3,1462.3,1478.8,27.45,46.8,17.95,71.8,195.9,198.7,2.687,2.1054,1.3739,2.1245,28.28,41.8,103.3,11962.0,6.9,NOMINAL,0.0871,1466.6
ISR_LOITER,4600.1,58.8,26.85,191.3,193.6,192.0,192.5,1316.9,1318.6,1336.7,1343.6,15.95,44.9,17.68,56.9,179.7,173.6,1.5512,1.2945,0.8014,1.2549,28.22,41.0,127.4,21989.4,-22.5,NOMINAL,0.1119,1472.8
ISR_LOITER,4560.5,56.8,26.16,194.6,193.5,194.7,196.2,1299.6,1320.2,1302.9,1331.7,16.45,44.9,17.81,56.3,181.7,174.9,1.6741,1.3323,0.7615,1.3112,28.02,42.3,127.3,21953.0,-22.0,NOMINAL,0.0685,1483.8
RECOVERY,2205.9,21.5,17.54,155.1,156.1,160.0,157.8,861.1,855.2,860.7,848.7,7.19,45.9,18.23,46.6,143.8,147.7,0.9296,0.6338,0.3338,0.6776,28.19,41.6,62.7,794.8,25.7,NOMINAL,0.0724,1445.3
ISR_LOITER,4591.0,57.9,26.35,195.4,193.5,194.8,196.8,1319.0,1322.4,1322.5,1325.0,16.02,44.8,17.82,56.2,182.0,176.5,1.6519,1.2487,0.7919,1.28,28.11,40.5,122.8,22060.6,-22.5,NOMINAL,0.0025,1477.7
DESCENT,3783.1,33.9,19.82,178.5,172.6,175.8,174.0,1083.8,1074.3,1086.0,1075.4,10.53,45.1,17.87,54.5,167.0,163.4,1.1455,0.9082,0.469,0.8864,28.16,42.1,115.3,7997.9,12.1,NOMINAL,0.1137,1428.9
TRANSIT,4632.7,67.9,29.33,196.4,162.0,193.5,200.6,1371.3,1153.6,1376.1,1386.4,17.76,45.1,18.23,61.9,186.1,180.8,6.1129,4.565,3.0645,4.7468,28.43,41.1,139.0,18023.0,-12.2,CYLINDER_MISFIRE,0.7978,314.1
RECOVERY,2197.5,23.0,17.21,155.7,155.3,161.8,157.6,858.2,831.7,875.2,857.8,7.4,44.6,18.15,49.0,145.4,148.0,0.8449,0.4955,0.3814,0.6069,27.95,42.9,63.6,721.4,25.2,NOMINAL,0.0215,1487.4
ISR_LOITER,4603.7,57.4,26.42,196.2,194.8,193.9,194.6,1321.8,1308.7,1336.1,1334.2,16.6,47.7,17.76,57.5,185.0,174.9,1.6195,1.1087,0.8075,1.2253,28.49,43.9,123.8,21980.2,-23.1,NOMINAL,0.0311,1475.7
ISR_LOITER,4608.9,59.4,26.82,223.4,221.4,224.9,219.0,1316.8,1311.6,1315.6,1321.5,15.88,47.0,18.12,56.9,179.5,201.9,1.5278,1.1771,0.8273,1.2117,28.09,40.1,121.2,21970.2,-20.0,COOLING_DEGRADATION,0.4842,587.2
TRANSIT,4906.8,66.4,28.63,202.7,203.5,202.1,200.5,1359.0,1356.5,1363.9,1345.0,18.8,46.8,18.05,61.1,188.3,180.7,1.8341,1.466,0.943,1.4608,28.38,41.3,139.3,17971.7,-13.1,NOMINAL,0.0059,1467.7
ISR_LOITER,4581.4,57.3,26.99,190.4,193.4,192.7,190.6,1304.0,1328.3,1313.3,1314.0,15.84,46.7,17.79,57.4,179.7,171.6,1.5267,1.2628,0.838,1.242,28.34,41.1,124.1,21910.6,-21.1,NOMINAL,0.0348,1442.8
CLIMB,5375.0,85.4,34.47,231.1,198.4,229.7,231.3,1442.0,1290.9,1419.1,1438.0,27.01,43.4,17.77,66.7,197.8,197.8,7.5317,5.704,3.8224,5.8842,28.29,41.4,105.6,12051.8,5.4,CYLINDER_MISFIRE,0.6097,537.5
ISR_LOITER,4602.4,57.7,26.46,189.0,193.4,191.0,191.6,1329.1,1325.5,1335.3,1315.1,15.77,46.1,18.07,58.6,182.2,174.2,1.5507,1.2346,0.7925,1.2324,28.37,42.6,123.8,22016.9,-22.9,NOMINAL,0.0634,1453.8
ISR_LOITER,4623.7,58.3,26.45,200.0,199.9,198.0,195.5,1320.7,1325.4,1337.0,1321.6,15.65,47.2,18.64,57.0,181.6,174.9,2.4165,1.9582,1.2265,1.9303,28.21,41.9,125.5,21890.4,-22.3,COMBUSTION_INSTABILITY,0.2636,927.2
ISR_LOITER,4581.0,57.6,25.46,195.9,195.1,204.8,193.7,1331.2,1342.0,1305.1,1327.4,14.34,43.2,17.68,57.7,182.4,176.2,1.4381,1.212,0.784,1.1764,28.01,42.5,124.0,21975.7,-21.9,INJECTOR_CLOGGING,0.2681,976.6
PREFLIGHT,1384.4,14.5,16.3,144.8,146.1,146.4,144.3,618.9,635.8,620.8,626.1,6.35,44.0,17.77,45.7,133.7,137.5,0.6566,0.5088,0.3319,0.5164,28.27,43.3,-2.7,510.0,27.9,NOMINAL,0.0687,1482.9
ISR_LOITER,4586.7,57.3,26.76,194.2,195.0,198.2,192.5,1321.2,1319.2,1305.6,1329.1,16.02,44.4,17.63,58.3,179.9,172.9,1.5165,1.2521,0.7022,1.2056,28.25,41.7,126.0,21985.3,-21.7,NOMINAL,0.0855,1435.4
CLIMB,5481.4,85.2,34.11,226.1,226.7,229.9,226.5,1441.5,1458.3,1466.4,1440.3,27.79,45.5,19.34,70.2,201.9,197.8,5.6872,4.2076,2.8494,4.4033,28.38,40.4,106.6,11990.9,5.1,COMBUSTION_INSTABILITY,0.4529,752.6
DESCENT,3756.9,33.1,20.32,167.5,165.9,169.4,167.4,1099.2,1103.9,1108.8,1092.0,11.55,46.7,17.71,52.4,164.4,161.4,1.1027,0.9977,0.5196,0.9095,28.16,42.7,113.6,7957.8,12.2,NOMINAL,0.0757,1437.2
ISR_LOITER,4601.9,57.5,26.25,202.1,205.3,202.5,201.6,1314.3,1315.1,1302.1,1311.0,15.66,44.8,18.15,58.2,182.5,183.8,1.7421,1.1724,0.7615,1.2896,28.28,44.0,122.2,21990.2,-22.6,COOLING_DEGRADATION,0.1357,1004.4
RECOVERY,2234.4,21.7,17.78,152.7,153.4,159.3,154.2,864.1,862.0,882.2,858.2,7.51,44.7,18.21,47.2,145.8,145.7,0.9819,0.5856,0.4004,0.6994,28.45,41.1,68.3,779.4,26.7,NOMINAL,0.0979,1448.5
CLIMB,5485.7,84.7,34.36,230.6,235.7,228.9,231.7,1440.6,1468.4,1455.2,1457.0,28.11,44.3,18.35,67.4,199.5,203.3,2.7871,2.0175,1.4141,2.1477,28.17,42.6,104.7,12110.8,5.6,NOMINAL,0.0754,1455.9
TAKEOFF,5777.2,100.1,38.29,239.7,242.5,242.9,243.2,1489.9,1503.8,1525.7,1506.9,32.58,43.5,18.15,73.4,211.5,207.1,3.7251,2.6296,1.7606,2.822,28.33,43.7,83.7,1162.8,26.3,NOMINAL,0.0119,1485.6
PREFLIGHT,1359.9,13.7,15.63,140.0,138.1,138.1,139.4,638.3,662.8,666.1,647.0,6.04,46.5,17.98,22.7,173.3,138.1,1.6821,1.265,0.8497,1.3104,28.12,41.3,1.5,506.3,26.8,LUBRICATION_FAILURE,0.9656,174.2
ISR_LOITER,4600.9,57.7,26.56,200.8,195.0,196.5,196.6,1315.6,1294.7,1311.5,1299.7,15.42,45.2,17.98,56.4,180.7,175.0,1.6445,1.2116,0.7674,1.2598,28.32,41.1,118.8,22006.4,-22.6,NOMINAL,0.1152,1446.7
ISR_LOITER,4609.6,58.6,26.39,196.7,194.6,198.5,195.0,1318.7,1299.4,1319.9,1302.4,15.9,46.2,17.96,56.5,181.0,173.3,1.5677,1.2159,0.868,1.2503,28.2,42.0,126.5,22002.5,-21.4,NOMINAL,0.0502,1469.0
TRANSIT,4930.2,68.0,28.9,204.3,205.5,209.3,208.4,1393.3,1371.5,1375.7,1369.9,18.29,42.7,17.92,61.9,187.7,186.3,2.0467,1.3799,0.8478,1.5069,28.19,42.6,138.3,17959.5,-10.4,NOMINAL,0.0566,1477.0
TRANSIT,4893.6,67.3,29.35,200.1,201.7,200.2,202.6,1374.2,1395.2,1383.3,1370.3,18.77,44.8,17.66,62.5,190.0,184.6,1.8697,1.4337,0.9525,1.4673,28.42,40.8,139.1,17958.3,-13.4,NOMINAL,0.0503,1450.9
ISR_LOITER,4595.0,57.1,26.56,199.6,195.1,196.2,197.4,1322.1,1318.6,1305.3,1341.5,15.71,45.1,18.12,57.0,180.1,173.6,1.6332,1.1834,0.8134,1.2556,28.04,40.8,122.3,21964.5,-24.6,NOMINAL,0.0022,1450.2
PREFLIGHT,1392.3,14.5,16.05,145.3,142.4,139.2,139.1,673.8,648.3,661.9,662.7,6.43,45.7,17.85,44.4,130.9,133.4,0.6965,0.4866,0.3086,0.5219,28.26,41.3,-1.3,478.8,28.5,NOMINAL,0.0063,1494.9
TRANSIT,4882.7,68.3,28.7,198.6,199.4,198.0,202.4,1373.3,1375.6,1383.7,1366.2,17.92,45.5,17.91,60.6,189.2,180.4,1.878,1.3712,0.9652,1.4536,28.4,39.2,140.2,18042.8,-12.4,NOMINAL,0.1104,1433.0
ISR_LOITER,4355.0,58.1,26.23,195.3,159.3,198.9,199.4,1329.0,1078.4,1324.7,1319.6,15.78,44.7,18.43,59.3,181.9,175.9,5.454,4.096,2.7325,4.2422,28.23,42.6,125.0,21985.5,-22.6,CYLINDER_MISFIRE,0.8668,281.6
ISR_LOITER,4655.1,59.2,26.12,196.6,198.3,196.4,200.4,1335.9,1323.1,1339.0,1342.9,15.88,45.6,17.99,56.3,179.7,176.0,1.5898,1.248,0.7804,1.2509,28.03,43.2,125.4,21979.4,-21.0,SENSOR_DRIFT,0.0656,1035.7
ISR_LOITER,4582.8,55.9,26.21,220.1,223.5,225.3,221.8,1283.8,1283.5,1294.5,1295.9,16.54,46.2,18.02,57.5,186.0,201.1,1.5465,1.1865,0.7561,1.2071,27.84,42.5,128.6,21918.5,-21.9,COOLING_DEGRADATION,0.3824,819.5
CLIMB,5475.5,84.2,34.4,236.3,233.5,233.2,234.0,1459.1,1450.7,1456.5,1464.1,27.05,45.1,18.1,69.0,199.9,197.1,2.8151,2.0044,1.3895,2.1504,27.83,39.5,101.3,12052.4,5.0,NOMINAL,0.0553,1446.1
ISR_LOITER,4568.4,58.2,26.77,193.1,190.4,195.4,197.7,1311.6,1330.0,1311.9,1321.7,16.4,44.4,18.0,55.3,178.7,171.2,1.6343,1.2499,0.7889,1.2722,28.24,41.5,126.5,22006.5,-24.0,NOMINAL,0.1123,1427.7
PREFLIGHT,1368.2,14.6,15.43,136.7,136.9,136.3,134.9,651.2,647.3,635.5,644.0,6.56,46.9,18.13,47.3,130.2,138.5,0.7644,0.346,0.3111,0.5166,28.21,41.4,1.0,502.1,27.3,NOMINAL,0.1028,1449.3
TRANSIT,4899.3,68.6,28.92,205.4,206.2,203.8,204.7,1368.6,1366.8,1373.6,1359.5,18.52,44.2,19.22,63.8,189.0,184.1,3.7014,2.8225,1.8532,2.8926,28.05,42.4,138.0,18117.0,-12.3,COMBUSTION_INSTABILITY,0.4303,562.0
CLIMB,5469.2,83.1,34.22,231.3,234.0,232.8,233.3,1457.3,1450.7,1442.9,1457.1,27.27,44.6,18.03,68.8,200.9,198.1,2.9146,2.135,1.3775,2.2324,28.13,41.2,106.3,11968.9,4.6,NOMINAL,0.1141,1432.3
ISR_LOITER,4626.5,58.8,26.15,192.2,195.5,194.6,191.2,1333.1,1323.5,1320.2,1332.0,15.03,44.2,18.51,59.0,178.2,177.8,1.5206,1.1668,0.7426,1.1867,26.57,44.1,123.0,21897.0,-20.9,SENSOR_DRIFT,0.9262,201.4
ISR_LOITER,4611.5,58.2,26.26,191.2,191.3,189.6,189.2,1307.4,1329.6,1346.3,1323.0,15.19,45.5,18.12,57.1,179.3,175.5,1.5876,1.26,0.9219,1.2855,27.94,43.8,125.2,22069.4,-21.3,NOMINAL,0.0094,1482.5
DESCENT,3801.5,34.2,20.19,185.1,186.9,185.4,181.1,1085.3,1073.7,1076.5,1067.3,11.41,47.2,17.85,54.5,165.8,174.4,1.377,0.9235,0.6338,1.0248,28.16,40.8,115.3,8079.1,11.7,COOLING_DEGRADATION,0.2478,983.2
ISR_LOITER,4621.9,57.8,26.59,198.6,195.9,195.6,193.9,1310.2,1307.0,1311.2,1321.3,15.11,42.6,17.85,58.7,180.6,173.5,1.6936,1.1605,0.8231,1.277,27.66,40.7,123.8,22036.7,-21.6,SENSOR_DRIFT,0.2677,775.1
ISR_LOITER,4624.2,58.5,26.39,199.6,194.2,199.7,196.2,1309.7,1320.5,1315.1,1319.1,16.25,44.4,18.12,55.4,178.6,177.8,1.5692,1.0879,0.9007,1.2189,28.28,43.1,123.0,22014.2,-21.7,NOMINAL,0.0787,1461.5
TAKEOFF,5824.3,97.3,39.07,234.4,235.3,238.4,233.7,1512.4,1523.4,1517.8,1518.6,32.11,44.9,18.23,69.6,208.6,201.4,3.643,2.7735,1.7908,2.8385,28.05,40.5,84.4,1185.0,27.9,NOMINAL,0.0277,1448.5
RECOVERY,2183.3,21.3,17.4,155.5,153.6,158.0,154.2,863.6,860.7,859.4,856.1,7.75,40.7,18.23,46.6,145.8,148.7,0.902,0.6119,0.3585,0.6625,27.96,41.5,61.1,768.6,25.7,NOMINAL,0.1058,1449.9
PREFLIGHT,1339.4,13.7,16.19,140.8,144.6,141.0,142.2,642.4,624.3,622.9,626.4,6.94,45.5,18.0,44.2,131.1,136.3,0.5141,0.4912,0.2924,0.4439,28.2,40.7,-0.8,448.5,26.9,NOMINAL,0.0263,1445.7
DESCENT,3809.4,34.6,19.61,178.7,173.6,177.4,176.0,1080.2,1088.5,1087.1,1078.4,10.86,43.1,18.06,50.1,165.0,161.2,1.2166,0.8566,0.6454,0.9364,28.14,40.0,114.4,8029.3,11.3,NOMINAL,0.0145,1483.4
TRANSIT,4917.1,67.9,28.71,205.4,203.5,199.0,200.9,1338.9,1330.0,1351.1,1347.3,18.64,41.9,17.89,61.0,186.1,181.2,1.8099,1.4379,0.9883,1.4515,28.3,41.8,144.0,18057.0,-12.1,NOMINAL,0.0386,1458.9
ISR_LOITER,4507.8,57.8,26.24,189.0,177.8,191.0,187.9,1320.7,1235.3,1317.6,1310.9,15.59,45.5,18.08,57.6,174.8,172.4,3.0857,2.1492,1.5773,2.3543,28.36,42.1,126.2,22026.4,-22.1,CYLINDER_MISFIRE,0.3206,853.6
CLIMB,5535.2,83.8,33.58,229.9,232.0,225.1,232.8,1448.4,1457.6,1458.7,1459.8,27.02,45.4,18.06,67.1,196.5,195.6,2.7917,2.0528,1.3608,2.1493,28.47,43.3,104.5,12033.6,4.6,NOMINAL,0.1011,1467.9
TRANSIT,4902.8,68.6,28.32,224.5,227.5,225.8,223.0,1366.8,1376.0,1368.4,1364.2,18.63,46.9,18.09,64.0,186.8,204.8,1.8977,1.4321,0.972,1.4829,28.06,43.0,136.7,17933.2,-9.9,COOLING_DEGRADATION,0.3506,882.4
CLIMB,5528.2,85.6,34.49,225.0,228.6,226.4,228.0,1477.9,1459.0,1446.2,1479.5,26.89,45.5,17.95,71.0,200.5,197.1,2.827,2.0743,1.4046,2.1808,28.02,42.0,104.0,11943.9,7.0,NOMINAL,0.0645,1481.8
ISR_LOITER,4572.9,58.8,27.11,191.7,195.5,196.9,192.0,1319.4,1344.1,1336.8,1339.6,15.66,43.9,18.23,58.5,177.1,176.4,1.6389,1.1805,0.881,1.2722,28.11,41.7,126.5,22003.8,-23.4,NOMINAL,0.0689,1439.1
TRANSIT,4921.4,68.2,29.03,203.8,200.3,201.8,200.0,1365.4,1376.4,1379.0,1397.2,18.32,44.9,17.75,62.9,188.8,185.0,1.9889,1.4461,0.9265,1.5172,28.23,41.8,141.9,18041.3,-12.3,NOMINAL,0.0831,1450.4
TRANSIT,4863.5,67.7,29.16,201.4,204.4,208.4,206.4,1413.5,1383.6,1406.5,1405.9,17.83,44.6,17.98,59.6,187.5,183.7,1.8687,1.4395,0.9625,1.4709,28.2,40.9,141.3,17920.6,-12.0,NOMINAL,0.1155,1453.5
TRANSIT,4904.1,68.7,29.01,216.8,215.2,205.6,213.6,1389.5,1383.3,1395.4,1392.7,18.7,45.1,17.78,61.1,186.5,193.4,1.7903,1.4123,1.0212,1.4425,28.12,40.9,137.6,18001.5,-10.8,COOLING_DEGRADATION,0.2281,976.4
RECOVERY,2250.1,21.5,17.39,156.6,156.8,155.7,156.7,826.0,851.7,869.7,840.7,7.65,46.0,18.26,47.6,141.4,148.5,0.8103,0.5793,0.3933,0.6183,26.52,42.5,65.6,789.1,26.4,SENSOR_DRIFT,0.9461,218.8
ISR_LOITER,4559.4,57.6,26.67,187.1,189.2,189.7,192.1,1319.5,1315.6,1312.3,1312.4,16.09,45.3,17.93,59.9,183.9,172.5,1.6418,1.3854,0.814,1.3263,28.22,41.9,126.0,22037.7,-23.2,NOMINAL,0.0061,1449.7
TAKEOFF,5799.3,97.1,38.6,237.0,233.7,231.2,235.5,1508.0,1512.0,1506.6,1533.6,31.88,48.4,17.92,72.3,208.9,203.8,3.5372,2.7361,1.7295,2.7682,28.25,38.7,85.5,1242.5,25.7,NOMINAL,0.0437,1463.5
RECOVERY,2270.4,19.6,17.4,149.4,149.6,150.8,149.9,866.3,859.6,873.9,876.0,7.78,47.3,17.57,47.9,147.4,147.8,0.6129,0.5225,0.4164,0.5235,28.24,43.0,63.4,813.0,25.1,NOMINAL,0.0833,1477.3
ISR_LOITER,4606.5,57.9,26.25,199.2,199.9,204.2,198.6,1309.5,1330.1,1330.3,1333.8,16.07,47.1,17.66,56.2,181.3,172.8,1.4835,1.312,0.719,1.2164,28.15,41.9,127.6,21906.6,-21.6,NOMINAL,0.0707,1475.0
TAKEOFF,5777.3,99.6,37.54,232.1,234.8,235.6,230.1,1520.1,1496.8,1485.2,1508.9,31.96,42.5,17.81,72.5,208.2,202.3,3.6982,2.7293,1.8884,2.8689,28.32,40.1,85.2,1149.2,25.3,INJECTOR_CLOGGING,0.1962,969.4
DESCENT,3788.8,33.6,19.86,171.0,169.1,166.8,166.7,1090.7,1075.9,1091.6,1095.5,11.61,44.4,19.02,52.5,169.2,159.9,2.6453,2.0629,1.3931,2.0971,28.04,38.2,114.8,7960.8,13.8,COMBUSTION_INSTABILITY,0.6078,619.9
ISR_LOITER,4558.7,57.0,26.83,203.7,203.7,206.7,203.1,1304.6,1314.1,1321.3,1325.2,15.15,45.3,17.82,57.2,181.7,183.6,1.5457,1.1905,0.7732,1.2117,28.63,42.4,123.3,22066.1,-20.6,COOLING_DEGRADATION,0.1094,1036.1
ISR_LOITER,4644.8,57.7,26.38,200.7,200.1,196.5,195.3,1307.6,1315.7,1321.4,1313.5,16.08,44.4,18.05,58.2,183.5,173.0,1.7767,1.1643,0.733,1.2974,28.17,46.9,126.8,22030.1,-21.2,NOMINAL,0.0102,1464.5
TAKEOFF,5797.3,97.6,36.4,238.0,241.3,254.9,242.4,1535.6,1524.5,1453.1,1515.2,31.6,41.2,18.35,72.7,211.5,206.9,3.5021,2.7184,1.7382,2.7493,28.16,43.0,82.9,1228.0,25.5,INJECTOR_CLOGGING,0.5003,557.0
ISR_LOITER,4628.6,56.6,26.33,191.5,188.9,186.9,189.7,1314.8,1333.0,1321.3,1316.5,16.16,44.8,17.98,60.5,176.7,176.9,1.5911,1.1825,0.7724,1.2284,28.22,41.9,124.2,21964.9,-23.9,NOMINAL,0.1082,1462.5
CLIMB,5484.6,84.0,31.98,231.9,232.1,246.8,229.9,1487.6,1463.5,1406.4,1480.0,25.58,38.2,18.0,69.3,197.3,199.5,2.8312,2.171,1.3654,2.2056,28.35,42.2,108.5,12139.3,6.5,INJECTOR_CLOGGING,0.5146,730.0
PREFLIGHT,1412.0,17.3,16.18,138.8,138.9,135.0,135.1,646.1,654.9,656.2,650.9,5.87,47.1,17.79,47.0,131.5,137.6,0.5644,0.4414,0.3028,0.4491,28.13,42.3,3.2,435.2,27.3,NOMINAL,0.1125,1452.3
PREFLIGHT,1396.6,15.8,16.01,141.4,142.3,140.7,144.2,680.2,661.8,657.1,661.0,5.76,45.2,18.41,45.8,128.5,134.3,0.7449,0.6006,0.4651,0.6143,28.07,43.6,-1.9,522.7,27.2,COMBUSTION_INSTABILITY,0.2233,877.0
CLIMB,5509.6,85.5,32.71,231.3,231.9,233.8,231.0,1442.5,1448.2,1419.6,1468.9,25.76,43.9,17.77,66.1,200.1,198.0,2.5734,2.1696,1.293,2.0818,28.18,44.0,109.4,11981.8,3.6,INJECTOR_CLOGGING,0.262,918.3
TRANSIT,4887.8,67.4,28.78,202.8,203.1,205.2,201.0,1380.0,1367.0,1384.9,1364.4,18.86,43.4,17.65,61.5,191.4,183.4,1.7462,1.3444,0.9302,1.3811,28.54,40.6,138.1,18076.4,-11.8,NOMINAL,0.1124,1452.7
PREFLIGHT,1426.3,16.1,16.12,138.8,138.2,136.8,133.1,631.8,634.0,644.7,646.0,5.61,46.2,17.75,42.9,130.2,136.9,0.7644,0.485,0.379,0.5666,28.02,45.2,-3.7,474.8,28.6,NOMINAL,0.0985,1458.1
ISR_LOITER,4635.5,58.0,26.36,187.9,182.9,186.2,186.7,1335.2,1318.4,1316.8,1321.0,16.31,46.3,18.0,59.5,175.3,176.6,1.5105,1.306,0.7468,1.2309,28.07,42.8,126.3,21977.7,-21.6,NOMINAL,0.0181,1487.5
TRANSIT,4912.4,66.8,28.75,240.3,246.1,239.4,243.1,1374.9,1370.0,1363.5,1356.4,18.64,43.8,18.05,62.2,188.3,219.5,2.0628,1.4465,0.9361,1.5517,28.24,40.8,139.2,18119.6,-12.8,COOLING_DEGRADATION,0.5967,434.0
CLIMB,5474.0,85.4,34.01,234.5,230.9,234.0,234.1,1459.5,1466.5,1455.2,1476.4,27.27,46.7,17.95,68.7,202.0,196.5,2.7275,2.0566,1.3825,2.1276,28.07,41.0,106.8,11995.2,5.3,NOMINAL,0.0504,1454.3
TAKEOFF,5786.2,99.3,38.29,246.7,241.0,244.0,240.4,1505.5,1522.5,1498.9,1529.1,32.5,46.2,18.08,72.7,207.1,204.1,3.6957,2.6793,1.8069,2.8344,26.94,41.2,87.2,1135.9,27.7,SENSOR_DRIFT,0.5685,474.3
TRANSIT,4890.0,68.9,28.87,209.3,212.4,211.7,207.1,1373.2,1382.4,1367.8,1404.5,18.83,45.0,17.93,61.1,184.1,178.5,2.0521,1.5194,0.9212,1.5672,28.34,42.8,141.2,17928.7,-13.8,NOMINAL,0.0326,1468.4
ISR_LOITER,4629.6,58.3,26.3,200.4,193.4,196.2,197.0,1319.1,1308.3,1334.3,1325.1,15.29,45.5,18.34,57.9,180.0,178.1,1.5224,1.3037,0.8486,1.2566,28.06,41.0,124.0,21908.3,-21.7,NOMINAL,0.0257,1462.8
TAKEOFF,5747.6,97.3,38.61,238.2,227.2,239.0,240.3,1543.1,1451.9,1534.1,1547.4,33.04,45.6,17.97,71.7,211.1,205.5,6.3237,4.8761,3.1848,4.9635,27.99,39.5,84.6,1149.2,24.7,CYLINDER_MISFIRE,0.2833,798.3
PREFLIGHT,1391.0,15.5,14.32,141.7,137.0,150.1,138.2,662.6,661.0,615.0,674.3,5.17,41.1,17.67,43.4,129.0,132.5,0.6913,0.3792,0.3309,0.4937,27.95,43.0,-0.3,575.6,26.9,INJECTOR_CLOGGING,0.4362,625.2
TAKEOFF,5791.8,97.7,37.88,243.6,240.7,240.9,244.2,1558.2,1551.5,1561.9,1533.7,32.8,45.3,17.8,69.9,210.2,207.8,3.5818,2.6488,1.8096,2.7761,28.47,42.6,86.1,1261.1,27.5,NOMINAL,0.0366,1457.9
PREFLIGHT,1380.5,13.9,16.2,139.9,146.0,141.6,143.6,652.6,654.2,657.8,645.1,6.72,43.1,17.79,46.9,131.2,140.1,0.6055,0.552,0.2071,0.4879,27.99,43.3,-3.5,490.1,29.2,NOMINAL,0.04,1490.1
PREFLIGHT,1388.8,15.2,16.17,140.2,137.6,138.2,139.0,660.0,663.2,644.3,649.2,6.0,43.9,17.64,40.1,132.4,131.9,0.7253,0.4944,0.2797,0.5319,28.29,42.6,-2.2,499.3,27.0,NOMINAL,0.1163,1451.8
PREFLIGHT,1416.4,16.7,15.93,146.5,143.0,145.0,143.5,625.9,644.9,661.6,660.9,5.68,45.3,18.1,41.9,137.1,136.2,0.7332,0.5214,0.4201,0.5733,28.27,39.9,0.4,442.4,27.0,LUBRICATION_FAILURE,0.1259,1012.7
PREFLIGHT,1390.9,14.5,16.31,134.5,132.5,134.0,127.4,633.9,651.4,661.8,634.9,6.04,45.5,17.71,45.8,124.6,136.0,0.5204,0.4231,0.3326,0.4322,28.27,42.0,1.9,415.0,28.2,NOMINAL,0.0975,1473.6
RECOVERY,2180.2,22.7,15.24,158.4,159.6,180.7,159.8,825.8,866.9,754.1,831.9,4.61,36.1,17.78,47.8,148.0,148.8,0.8186,0.5319,0.3588,0.6005,28.09,40.9,64.3,786.2,25.7,INJECTOR_CLOGGING,0.7882,356.8
PREFLIGHT,1392.1,13.4,16.01,138.5,140.8,137.4,137.2,627.8,637.3,649.1,637.6,6.63,45.4,17.86,22.9,173.1,135.8,1.5627,1.2568,0.8132,1.2494,28.23,41.9,-0.6,524.2,27.6,LUBRICATION_FAILURE,0.9615,174.5
CLIMB,5460.3,84.6,33.48,229.3,230.8,232.9,232.9,1460.3,1458.0,1460.5,1462.0,26.89,45.2,17.69,68.1,201.0,197.0,2.7924,2.0333,1.3375,2.1386,28.23,40.9,101.4,11944.4,4.0,NOMINAL,0.0264,1445.4
TAKEOFF,5819.4,98.2,38.24,240.1,236.0,240.6,238.1,1543.7,1534.1,1547.6,1524.1,32.4,46.5,17.52,71.9,209.2,206.4,3.6856,2.7438,1.8121,2.8516,28.21,41.5,85.4,1273.0,26.2,INJECTOR_CLOGGING,0.0004,1298.9
ISR_LOITER,4589.9,59.0,26.68,194.6,191.9,189.0,188.7,1342.5,1332.9,1322.8,1324.1,15.61,45.2,18.28,44.7,205.6,175.8,3.3105,2.5098,1.6416,2.579,28.36,43.2,125.2,21994.0,-21.1,LUBRICATION_FAILURE,0.5859,495.8
ISR_LOITER,4616.5,57.6,26.56,191.5,193.3,193.2,194.3,1317.0,1312.2,1299.1,1324.9,15.77,45.1,18.32,59.4,180.9,175.0,1.5991,1.2144,0.8203,1.2523,28.46,45.7,125.6,21892.3,-23.0,NOMINAL,0.0344,1456.5
DESCENT,3845.3,36.7,19.75,171.8,174.2,171.7,171.5,1084.5,1071.0,1069.2,1091.5,11.03,45.8,18.22,53.8,161.8,158.6,1.243,0.9332,0.7125,0.9872,28.06,43.8,115.7,7918.0,11.5,NOMINAL,0.0542,1474.6
ISR_LOITER,4606.5,57.5,26.31,192.3,189.6,195.6,196.6,1279.6,1298.2,1298.9,1301.2,16.2,44.4,17.98,62.5,179.8,178.5,1.6402,1.1668,0.764,1.243,28.2,40.3,123.3,21978.8,-21.7,NOMINAL,0.0528,1480.9
PREFLIGHT,1445.6,13.4,16.32,146.1,146.0,145.7,143.7,647.1,667.9,659.7,656.5,6.38,45.1,17.84,48.7,131.5,146.7,0.5589,0.5072,0.2606,0.461,28.07,44.5,0.1,461.8,28.0,COOLING_DEGRADATION,0.1762,1035.6
TRANSIT,4923.7,67.8,29.03,209.3,204.7,208.5,207.1,1395.5,1398.3,1385.4,1381.8,19.12,44.3,17.76,60.8,186.9,180.3,1.9676,1.2931,0.9059,1.4565,28.19,42.3,143.4,18077.3,-13.6,NOMINAL,0.0797,1479.4
ISR_LOITER,4552.3,58.2,26.25,192.3,194.2,191.0,191.8,1306.9,1310.8,1313.6,1331.3,16.03,45.7,17.95,56.5,178.9,173.6,1.6314,1.1009,0.8296,1.2331,28.18,43.1,123.6,21954.9,-22.4,NOMINAL,0.0179,1453.1
ISR_LOITER,4446.0,54.7,26.38,196.3,169.2,199.1,193.6,1325.8,1159.2,1328.8,1344.5,15.74,44.8,17.66,57.6,182.3,174.5,4.1122,3.1696,2.0532,3.2235,28.39,40.1,126.4,22082.3,-21.0,CYLINDER_MISFIRE,0.5664,528.6
TAKEOFF,5753.3,99.0,38.1,235.3,234.4,240.1,235.6,1507.6,1500.9,1500.8,1494.8,32.81,45.2,18.34,71.1,209.1,206.2,4.6257,3.4629,2.2659,3.5834,28.49,41.3,84.9,1190.6,29.0,COMBUSTION_INSTABILITY,0.1272,849.0
CLIMB,5502.8,87.4,34.09,234.2,234.7,232.5,232.1,1449.0,1455.3,1443.0,1440.1,26.41,45.5,17.72,67.3,199.9,200.0,2.7537,2.1668,1.447,2.1887,28.04,43.7,104.4,11975.1,4.7,NOMINAL,0.0689,1477.5
ISR_LOITER,4599.9,57.8,26.66,196.3,198.0,198.1,197.8,1329.6,1341.8,1325.3,1324.2,16.7,41.7,17.96,59.9,182.0,180.1,1.6086,1.1742,0.7834,1.2356,28.25,44.4,128.3,21997.2,-21.7,NOMINAL,0.009,1486.6
CLIMB,5330.2,85.2,33.93,228.7,207.2,232.0,232.2,1459.7,1288.2,1459.9,1439.0,27.22,42.7,18.15,69.7,197.3,198.7,7.6626,5.6566,3.8227,5.9253,27.78,43.6,105.1,11987.1,6.0,CYLINDER_MISFIRE,0.6094,571.0
ISR_LOITER,4643.2,56.4,26.7,190.7,195.8,196.4,197.3,1322.3,1302.8,1323.4,1324.5,15.7,45.0,17.81,60.2,177.0,176.1,1.5523,1.1335,0.7063,1.1823,28.17,40.1,125.1,22088.5,-21.8,NOMINAL,0.014,1475.1
ISR_LOITER,4598.4,60.7,26.0,196.4,194.3,198.6,196.8,1322.5,1313.4,1292.3,1322.6,14.99,42.8,17.82,56.6,182.8,174.7,1.6998,1.1659,0.8159,1.2799,28.27,43.0,124.1,21981.1,-22.3,NOMINAL,0.0361,1490.4
ISR_LOITER,4558.7,59.3,26.52,194.8,189.8,191.9,191.9,1324.8,1326.0,1321.7,1295.9,15.14,44.7,17.9,58.0,179.1,178.1,1.4165,1.2182,0.8414,1.183,28.31,43.2,126.9,21969.8,-23.1,NOMINAL,0.1144,1450.8
ISR_LOITER,4592.8,57.0,26.14,220.8,222.6,226.2,221.6,1326.6,1331.6,1300.8,1313.4,16.22,44.2,18.08,56.9,179.1,195.3,1.6509,1.2121,0.8049,1.2705,28.58,44.6,121.0,21977.8,-19.6,COOLING_DEGRADATION,0.3294,954.3
RECOVERY,2185.6,24.1,17.37,154.1,155.3,157.4,155.8,861.8,877.1,869.1,853.0,8.29,45.8,17.96,23.6,182.3,151.4,2.2195,1.5654,0.9517,1.6616,28.04,39.6,61.7,901.3,28.1,LUBRICATION_FAILURE,0.8891,244.5
TAKEOFF,5841.0,99.1,38.74,240.7,240.2,239.2,240.1,1538.0,1529.7,1527.4,1525.2,32.13,44.8,17.93,71.1,208.6,205.6,3.7102,2.6993,1.7962,2.8448,28.06,41.7,87.4,1251.9,28.0,NOMINAL,0.0203,1495.4
RECOVERY,2223.4,22.4,17.62,214.7,214.9,215.8,214.7,866.0,832.9,852.5,844.6,7.5,44.0,18.2,49.0,146.7,207.1,0.774,0.596,0.4217,0.6143,27.9,43.3,69.9,824.0,25.7,COOLING_DEGRADATION,0.904,269.4
ISR_LOITER,4595.6,59.7,27.01,194.0,194.0,192.1,191.8,1331.5,1329.9,1329.8,1318.3,16.56,45.0,18.17,55.9,179.5,174.7,1.5948,1.1205,0.8352,1.2242,27.66,40.9,122.7,21961.6,-21.5,SENSOR_DRIFT,0.3839,634.6
ISR_LOITER,4585.1,59.1,26.65,193.4,194.0,192.9,192.6,1339.7,1321.7,1333.5,1310.9,15.3,43.8,17.92,58.1,179.7,173.5,1.607,1.2105,0.8351,1.2577,28.42,41.5,127.4,22003.3,-23.5,NOMINAL,0.0825,1454.0
ISR_LOITER,4593.2,57.5,26.86,195.0,194.1,193.7,193.5,1345.2,1327.1,1331.9,1353.3,15.42,46.0,17.59,60.2,177.5,173.2,1.6544,1.2162,0.8447,1.2819,28.01,41.6,123.8,21944.5,-21.4,NOMINAL,0.1138,1436.1
ISR_LOITER,4623.6,58.6,24.78,203.4,201.2,212.5,202.7,1323.1,1311.2,1273.6,1319.2,14.65,41.7,18.04,61.0,179.4,177.4,1.5504,1.1471,0.9638,1.2448,28.28,42.9,126.2,22070.4,-21.6,INJECTOR_CLOGGING,0.3865,650.8
PREFLIGHT,1420.4,13.9,16.3,135.9,140.6,134.8,138.7,641.0,664.4,658.8,650.4,6.77,43.9,17.39,44.0,129.9,133.3,0.6402,0.4258,0.3161,0.48,27.99,42.2,-2.5,501.5,29.2,LUBRICATION_FAILURE,0.0756,886.5
ISR_LOITER,4619.6,58.2,25.99,201.8,200.0,198.6,197.2,1313.1,1329.8,1318.1,1332.1,15.96,45.5,18.12,56.6,178.0,172.9,1.6838,1.1433,0.7589,1.2541,28.28,41.6,124.2,21976.7,-24.3,NOMINAL,0.0718,1481.6
RECOVERY,2186.5,20.1,16.07,155.5,154.7,162.3,156.8,862.5,867.0,804.2,867.7,6.44,42.4,18.18,47.2,140.7,149.4,0.8279,0.5784,0.4311,0.634,28.32,39.7,65.0,686.1,25.9,INJECTOR_CLOGGING,0.3232,701.7
ISR_LOITER,4590.7,58.6,26.47,196.1,198.6,194.9,196.6,1293.4,1301.3,1286.8,1310.0,15.86,43.5,17.84,58.1,181.8,178.0,1.5893,1.1181,0.8119,1.2159,28.47,39.6,123.1,22030.5,-21.8,NOMINAL,0.0594,1453.0
PREFLIGHT,1395.3,15.6,15.92,141.6,140.9,144.2,140.9,661.3,653.8,670.5,674.0,5.99,46.7,18.26,47.9,130.1,137.4,0.6247,0.4625,0.2766,0.4763,27.86,43.0,2.3,423.7,28.0,NOMINAL,0.1069,1434.7
ISR_LOITER,4624.8,57.9,26.34,197.3,197.0,196.5,199.1,1303.7,1313.7,1291.4,1297.6,15.82,46.8,18.08,57.1,177.0,173.7,1.5966,1.0585,0.7393,1.1855,28.09,41.6,124.9,21969.5,-21.5,NOMINAL,0.0074,1496.1
ISR_LOITER,4563.7,58.0,26.77,250.6,251.9,252.7,251.3,1326.7,1322.0,1311.1,1322.7,15.53,44.2,18.29,59.4,176.6,225.7,1.5709,1.1616,0.8159,1.2224,28.01,43.4,124.9,21983.0,-22.0,COOLING_DEGRADATION,0.8138,319.4
ISR_LOITER,4589.6,59.1,26.7,201.0,200.5,201.3,201.0,1331.1,1314.6,1336.5,1330.9,16.01,43.6,18.05,59.9,178.3,173.2,1.657,1.1419,0.7883,1.2478,28.42,40.7,128.1,21983.2,-23.1,NOMINAL,0.0452,1460.8
RECOVERY,2202.5,19.9,17.57,158.1,157.1,155.9,154.8,817.0,826.4,840.3,813.6,7.62,45.3,18.33,48.9,146.3,149.4,0.7261,0.5656,0.4558,0.593,27.89,41.0,62.3,811.7,25.6,NOMINAL,0.0609,1475.0
ISR_LOITER,4615.6,57.2,26.34,201.4,197.2,196.5,198.7,1323.5,1323.8,1327.1,1345.6,16.08,46.0,18.32,59.4,177.7,176.8,1.6811,1.2391,0.7902,1.2892,28.28,42.0,123.0,21963.5,-21.3,NOMINAL,0.0258,1480.7
CLIMB,5518.8,85.1,34.17,225.0,224.3,225.3,229.0,1462.9,1488.6,1446.0,1451.1,27.53,46.9,18.32,68.1,201.4,197.5,4.028,3.0127,1.9339,3.1113,28.15,42.0,105.2,11913.5,5.8,COMBUSTION_INSTABILITY,0.1974,983.6
ISR_LOITER,4603.2,57.7,26.42,198.3,198.6,194.9,197.1,1337.3,1349.6,1350.6,1358.9,14.94,44.2,18.26,55.9,181.6,177.3,1.5977,1.1147,0.7939,1.2146,27.01,44.3,125.4,21951.1,-20.3,SENSOR_DRIFT,0.7849,403.0
CLIMB,5520.5,84.1,34.1,231.6,233.1,230.3,233.3,1434.8,1474.5,1452.9,1463.1,27.09,44.0,18.29,65.1,201.4,198.4,3.5168,2.6943,1.7679,2.7539,28.29,43.4,103.9,11958.2,3.3,COMBUSTION_INSTABILITY,0.1189,890.4
ISR_LOITER,4603.1,59.4,26.25,184.7,190.6,190.1,189.3,1332.7,1343.0,1348.4,1328.1,16.19,46.1,18.06,57.2,181.9,176.0,1.5187,1.178,0.841,1.2112,28.22,43.6,124.3,21950.0,-19.8,NOMINAL,0.007,1451.5
TAKEOFF,5758.0,97.5,38.58,247.6,242.7,241.2,242.5,1524.6,1527.1,1517.9,1535.6,32.65,43.5,18.19,70.8,207.6,205.2,3.4594,2.7354,1.6581,2.7202,28.05,44.4,83.6,1174.4,28.3,NOMINAL,0.0035,1461.4
ISR_LOITER,4580.2,57.4,27.31,196.9,194.6,194.1,192.6,1354.9,1348.9,1355.2,1342.2,15.23,46.6,17.68,59.3,176.2,176.3,1.5834,1.2793,0.7834,1.2593,27.9,41.7,125.3,21993.4,-21.4,NOMINAL,0.0706,1473.3
ISR_LOITER,4586.9,60.4,26.88,197.7,197.7,197.4,197.1,1304.4,1321.7,1322.9,1317.9,15.58,45.4,18.15,58.4,181.5,176.5,1.576,1.2315,0.7127,1.2259,28.14,41.2,128.1,22016.9,-23.3,NOMINAL,0.0211,1495.2
TRANSIT,4914.9,68.9,28.97,201.7,204.7,207.4,210.1,1338.8,1341.5,1350.9,1345.1,18.28,44.5,20.29,63.7,188.0,185.3,5.3262,4.0333,2.5997,4.139,28.1,41.0,139.8,18003.0,-11.7,COMBUSTION_INSTABILITY,0.8099,330.5
ISR_LOITER,4637.6,58.8,26.95,192.2,192.7,191.4,194.1,1314.6,1324.8,1293.9,1302.0,16.12,45.2,18.01,59.9,178.0,173.5,1.5323,1.0792,0.8066,1.178,28.12,40.9,123.2,21999.1,-22.8,NOMINAL,0.0038,1461.4
PREFLIGHT,1405.5,14.6,16.06,140.5,142.1,141.1,137.3,660.4,665.5,674.6,685.2,6.01,45.1,18.16,44.9,133.3,132.3,0.6542,0.4901,0.3576,0.5151,28.21,43.3,-0.5,459.9,27.1,NOMINAL,0.1069,1473.3
TRANSIT,4907.8,67.8,29.06,213.4,210.2,208.3,208.3,1363.7,1373.5,1352.2,1386.3,17.37,45.1,17.77,60.9,186.9,185.9,1.8117,1.4799,1.008,1.4707,27.85,41.1,143.0,17934.3,-10.8,NOMINAL,0.0275,1450.1
CLIMB,5499.6,84.7,34.11,229.1,231.8,230.8,227.4,1458.9,1455.2,1455.1,1459.4,27.25,44.2,18.05,68.1,198.4,197.3,2.8692,2.109,1.4274,2.2149,28.39,42.7,101.2,12013.5,4.4,NOMINAL,0.0756,1446.7
RECOVERY,2245.3,22.4,17.32,153.3,158.4,155.9,159.5,849.8,865.5,855.3,860.8,7.3,45.4,17.65,47.8,142.0,145.7,0.7287,0.6396,0.3926,0.604,28.2,41.7,67.2,800.2,26.2,NOMINAL,0.0022,1465.5
ISR_LOITER,4585.7,58.0,26.32,185.8,188.3,190.9,190.1,1332.8,1305.9,1305.1,1320.2,15.03,43.2,20.19,57.7,179.7,173.1,4.5164,3.3245,2.2523,3.4892,28.03,41.7,129.0,21978.8,-22.1,COMBUSTION_INSTABILITY,0.8231,353.0
DESCENT,3811.7,35.3,20.08,169.0,165.8,174.7,170.9,1091.4,1103.5,1087.7,1096.3,10.61,44.9,17.68,49.5,172.1,158.3,1.4892,1.0545,0.7638,1.1421,28.1,43.2,111.4,7949.8,10.9,LUBRICATION_FAILURE,0.1279,1080.1
DESCENT,3805.1,35.0,20.24,176.7,178.7,177.5,180.6,1086.8,1092.4,1103.7,1098.0,11.66,44.5,18.25,49.5,161.8,162.6,1.2006,0.9552,0.605,0.9522,28.2,40.0,114.9,8068.1,12.1,NOMINAL,0.0586,1448.0
TRANSIT,4892.2,67.7,28.74,206.9,206.9,217.3,206.9,1394.4,1359.4,1341.5,1364.7,17.49,42.4,17.86,64.6,190.8,182.8,1.8621,1.384,0.9871,1.4557,28.25,41.8,141.1,18044.6,-12.2,INJECTOR_CLOGGING,0.2542,894.0
CLIMB,5480.3,86.1,33.8,228.1,229.1,229.0,227.2,1479.9,1470.4,1457.1,1462.1,25.75,45.1,18.26,66.4,201.2,198.9,2.7398,2.1922,1.3864,2.1783,28.5,39.5,104.5,11992.5,5.0,NOMINAL,0.0721,1457.6
ISR_LOITER,4572.6,56.1,26.85,195.1,194.0,194.1,194.2,1344.3,1333.7,1345.7,1351.1,15.54,43.5,17.85,59.6,181.5,175.3,1.647,1.1321,0.7602,1.2345,28.25,40.5,125.2,21936.9,-23.6,NOMINAL,0.1169,1471.9
PREFLIGHT,1418.4,16.0,15.81,139.1,135.7,134.2,134.7,604.4,629.7,643.5,615.7,7.15,44.9,18.33,45.5,130.6,138.7,0.6626,0.4725,0.2029,0.4842,27.97,42.7,2.9,506.4,27.4,NOMINAL,0.0887,1458.7
ISR_LOITER,4575.9,57.9,26.93,197.4,198.2,196.8,196.2,1330.8,1321.2,1311.5,1337.9,15.05,46.8,18.1,56.5,180.0,174.1,1.6646,1.2473,0.8231,1.2915,28.31,41.8,128.5,22061.2,-22.5,NOMINAL,0.0675,1467.1
DESCENT,3820.3,34.7,20.36,172.8,175.0,168.9,169.5,1103.9,1104.1,1106.9,1098.2,10.69,47.1,18.12,51.4,165.9,163.7,1.137,0.9127,0.5305,0.8957,26.42,42.9,112.8,7990.6,12.8,SENSOR_DRIFT,0.9765,139.8
ISR_LOITER,4602.7,59.1,26.32,193.0,197.8,196.3,195.3,1295.4,1314.3,1290.9,1315.9,15.98,43.3,18.03,44.0,216.1,173.3,3.8125,2.7314,1.809,2.9022,28.19,42.8,126.6,22041.3,-21.5,LUBRICATION_FAILURE,0.7483,444.8
ISR_LOITER,4559.7,58.4,26.55,192.1,198.3,195.8,197.4,1300.7,1340.4,1312.2,1349.2,16.65,43.4,18.7,56.5,178.7,173.8,2.3907,1.7856,1.1174,1.8396,28.27,41.7,121.4,21978.3,-20.3,COMBUSTION_INSTABILITY,0.2145,838.9
ISR_LOITER,4620.4,57.1,26.56,194.1,192.2,193.5,192.0,1339.0,1358.8,1353.6,1361.6,15.99,45.2,17.8,58.4,179.7,176.6,1.5102,1.2032,0.7213,1.1901,28.25,43.0,121.8,21933.0,-23.3,NOMINAL,0.0958,1446.7
ISR_LOITER,4595.6,56.4,26.89,193.9,196.8,196.0,196.1,1304.8,1319.0,1285.8,1326.1,16.2,45.3,17.97,41.5,214.0,174.4,3.87,2.9598,1.8409,3.007,28.26,40.4,126.0,21961.1,-20.8,LUBRICATION_FAILURE,0.7566,407.6
PREFLIGHT,1417.1,14.4,16.36,141.0,144.0,150.2,144.2,664.6,640.8,640.5,654.6,6.46,46.0,18.0,46.6,131.9,137.3,0.5501,0.512,0.2739,0.4618,28.18,41.7,-2.0,413.2,29.2,NOMINAL,0.0846,1476.1
ISR_LOITER,4582.4,57.7,26.35,202.3,201.1,197.9,199.5,1318.1,1321.3,1322.3,1314.8,15.42,45.8,17.95,52.2,183.8,173.5,1.7557,1.3446,0.8185,1.3614,28.22,41.5,123.2,22002.3,-23.7,LUBRICATION_FAILURE,0.0668,1256.4
ISR_LOITER,4629.1,57.9,26.83,194.0,195.3,196.9,194.7,1304.9,1326.0,1297.3,1304.9,16.16,47.1,18.1,58.4,179.4,176.1,1.6103,1.1547,0.7846,1.2305,26.9,42.0,125.3,22081.7,-22.6,SENSOR_DRIFT,0.6509,504.1
ISR_LOITER,4595.5,57.5,25.95,191.9,193.5,191.8,190.8,1324.6,1346.3,1318.0,1322.6,16.14,44.3,18.25,55.6,179.2,174.4,1.6121,1.0817,0.8676,1.2277,28.26,43.7,128.2,21963.0,-24.5,NOMINAL,0.1092,1454.7
TRANSIT,4871.7,68.6,29.74,202.7,201.3,206.5,205.8,1386.8,1408.5,1373.8,1379.1,18.28,44.6,18.29,62.1,187.6,179.5,1.9869,1.3568,0.8863,1.4803,28.14,42.2,138.6,18035.4,-12.3,NOMINAL,0.0007,1464.7
ISR_LOITER,4626.3,56.2,27.37,196.9,196.9,201.1,199.2,1312.0,1304.1,1328.4,1324.8,16.08,44.9,17.94,53.0,197.7,176.3,2.5849,1.8947,1.1852,1.9729,28.05,43.7,127.5,22052.7,-21.7,LUBRICATION_FAILURE,0.3151,806.7
DESCENT,3773.6,35.9,20.38,175.3,176.8,177.2,177.7,1107.9,1106.8,1110.9,1105.1,10.31,45.3,18.02,52.8,164.3,160.4,1.2445,0.8904,0.6338,0.9563,28.21,42.2,109.2,7942.8,10.9,NOMINAL,0.1112,1451.5
TRANSIT,4905.4,68.8,29.19,205.9,205.1,206.2,208.3,1391.6,1389.1,1378.1,1401.0,17.94,43.0,18.07,60.7,190.2,178.6,1.9769,1.4743,0.9559,1.527,27.89,39.4,140.5,17988.4,-11.3,NOMINAL,0.0328,1490.4
ISR_LOITER,4583.8,57.6,26.18,192.0,192.0,189.9,186.9,1358.7,1341.9,1339.0,1334.1,14.98,46.4,17.79,58.8,181.5,175.7,1.6376,1.2808,0.7604,1.2781,28.22,41.7,121.3,22014.3,-20.7,NOMINAL,0.049,1478.5
PREFLIGHT,1434.4,16.6,16.06,143.7,142.4,146.4,145.8,634.1,623.6,649.4,650.6,5.81,43.6,18.13,47.8,129.0,133.2,0.6239,0.4881,0.2818,0.4854,28.5,43.4,-0.8,420.4,29.3,NOMINAL,0.0683,1463.8
TRANSIT,4913.0,67.0,28.65,206.5,205.9,209.7,206.0,1391.8,1390.5,1376.6,1393.2,18.54,45.4,18.03,65.2,190.3,182.1,1.9104,1.5308,0.9932,1.5253,28.02,43.4,142.5,18080.9,-12.4,NOMINAL,0.1132,1443.5
TAKEOFF,5788.1,97.9,37.88,245.3,245.0,244.6,244.7,1491.1,1497.9,1510.9,1513.9,32.33,43.1,17.84,74.8,208.6,204.8,3.7133,2.6684,1.7917,2.8354,28.32,44.6,83.7,1269.6,26.7,NOMINAL,0.1002,1447.0
TAKEOFF,5832.1,99.1,38.47,241.6,234.6,243.3,240.6,1505.8,1455.1,1524.2,1495.9,31.95,45.2,18.23,72.8,210.6,204.4,5.5365,4.1614,2.7283,4.2978,28.06,40.6,86.8,1122.8,28.7,CYLINDER_MISFIRE,0.1867,1088.6
ISR_LOITER,4588.6,57.3,26.36,193.3,193.4,197.8,196.2,1301.8,1318.5,1302.4,1290.3,16.08,47.0,18.11,55.2,180.0,174.5,1.6303,1.1492,0.7833,1.2372,27.99,42.3,122.2,22021.9,-22.8,NOMINAL,0.1119,1471.4
TAKEOFF,5812.4,99.4,37.87,239.2,235.1,238.9,236.9,1503.0,1514.1,1526.7,1503.4,32.75,45.3,17.95,69.5,206.9,204.2,3.51,2.68,1.8453,2.7633,28.16,41.5,84.4,1250.7,28.3,NOMINAL,0.0558,1480.8
TAKEOFF,5810.5,99.4,38.64,241.9,243.2,243.4,247.8,1522.3,1508.6,1523.1,1513.7,33.15,44.6,17.69,71.7,209.3,202.3,3.6469,2.7855,1.7439,2.8343,26.99,41.1,85.0,1193.5,27.0,SENSOR_DRIFT,0.7511,331.0
ISR_LOITER,4423.9,57.2,26.17,198.8,165.1,198.3,200.9,1303.4,1072.7,1309.8,1308.1,16.88,43.9,17.95,56.9,179.7,174.6,5.0598,3.8753,2.5541,3.9642,28.4,41.0,128.7,22013.8,-20.7,CYLINDER_MISFIRE,0.7879,326.4
TAKEOFF,5802.9,96.6,38.44,243.2,240.2,236.9,247.6,1513.6,1530.2,1504.6,1523.0,32.16,41.6,17.94,71.9,209.6,205.5,3.5784,2.7041,1.8085,2.7922,28.19,41.7,83.2,1229.7,26.7,INJECTOR_CLOGGING,0.0078,1282.4
CLIMB,5531.3,83.8,33.69,230.9,232.8,229.6,230.1,1492.3,1484.7,1492.6,1491.9,26.16,43.6,18.05,65.5,197.9,200.9,2.7567,2.1426,1.3986,2.1715,28.1,39.5,105.5,12072.7,4.3,NOMINAL,0.0753,1463.1
CLIMB,5501.7,85.3,34.22,230.8,229.7,231.0,231.4,1446.3,1438.6,1449.8,1428.6,26.43,46.7,18.86,66.9,200.9,199.7,4.709,3.4809,2.3277,3.6382,28.24,42.3,107.4,11986.2,4.0,COMBUSTION_INSTABILITY,0.3084,935.0
DESCENT,3820.9,35.5,20.06,167.2,170.0,163.9,169.5,1073.0,1074.7,1072.3,1075.9,11.84,46.3,18.04,51.8,165.2,159.4,1.2894,0.9343,0.5809,0.9786,28.4,41.6,113.1,7999.5,11.2,NOMINAL,0.0713,1461.8
TAKEOFF,5823.4,98.4,38.21,240.6,240.8,241.6,240.2,1535.7,1540.5,1517.5,1544.5,32.38,47.4,17.94,73.1,211.4,204.2,3.6058,2.7864,1.7839,2.8254,28.14,40.3,88.1,1176.0,28.2,NOMINAL,0.0938,1439.5
ISR_LOITER,4620.2,57.8,26.28,195.2,193.4,190.8,192.5,1310.7,1290.6,1310.0,1319.2,15.74,45.3,18.1,57.5,181.5,177.9,1.4781,1.1793,0.9165,1.2132,28.23,41.9,124.5,22063.7,-22.9,NOMINAL,0.004,1494.1
ISR_LOITER,4623.2,57.5,26.83,193.8,193.0,194.3,191.9,1327.9,1328.2,1331.4,1302.8,16.0,46.1,17.92,57.2,178.6,172.9,1.6533,1.3369,0.7722,1.306,28.13,42.0,121.8,21965.2,-22.1,NOMINAL,0.002,1463.1
ISR_LOITER,4566.8,58.4,26.46,191.7,181.2,195.7,193.9,1310.6,1241.2,1316.2,1325.3,15.92,45.4,17.86,56.0,179.2,173.5,2.8392,2.0755,1.4684,2.2004,28.09,41.5,125.0,22056.2,-20.2,CYLINDER_MISFIRE,0.2796,817.8
CLIMB,5545.7,85.3,33.38,222.7,225.4,233.3,230.9,1461.5,1457.1,1422.7,1436.2,25.87,43.3,18.02,66.5,200.9,199.3,2.762,2.0196,1.469,2.1499,28.21,44.9,105.2,12008.1,4.0,INJECTOR_CLOGGING,0.1271,898.8
ISR_LOITER,4528.7,57.6,26.28,194.1,179.9,195.9,197.3,1338.5,1270.6,1345.8,1317.0,16.55,46.3,18.1,57.8,177.3,174.3,2.7872,1.9972,1.3722,2.1323,28.02,41.4,122.3,21927.1,-21.7,CYLINDER_MISFIRE,0.257,714.5
PREFLIGHT,1385.5,14.5,15.81,149.6,146.6,149.2,147.7,649.5,676.6,663.0,662.5,5.81,43.5,17.99,44.1,131.2,136.4,0.6052,0.4997,0.3097,0.4871,28.07,41.7,0.3,546.4,28.2,NOMINAL,0.1159,1440.4
RECOVERY,2185.7,23.0,17.61,157.6,162.0,158.5,160.2,852.9,851.5,849.3,834.5,7.1,46.3,18.09,50.9,142.9,147.9,0.8931,0.5661,0.3757,0.6479,28.16,41.3,66.1,711.0,27.6,NOMINAL,0.1084,1472.8
TAKEOFF,5776.0,97.6,38.45,244.3,239.6,242.5,242.4,1501.3,1519.4,1514.9,1532.2,32.64,45.4,17.94,71.7,209.9,204.2,3.6622,2.6358,1.7609,2.7964,28.22,41.4,82.8,1226.6,26.4,NOMINAL,0.0404,1470.1
TAKEOFF,5791.0,97.5,38.35,239.6,244.8,244.0,243.9,1533.3,1524.6,1530.6,1519.8,32.84,45.3,17.72,73.6,209.7,204.5,3.5646,2.6778,1.8115,2.7784,28.05,39.6,82.9,1219.1,26.8,NOMINAL,0.0109,1451.7
ISR_LOITER,4627.8,58.0,26.46,191.1,195.5,195.3,193.1,1313.3,1307.9,1320.6,1296.4,15.75,44.8,18.03,60.3,179.8,176.5,1.5882,1.2643,0.8376,1.2678,28.15,41.4,126.0,21967.2,-21.8,NOMINAL,0.017,1454.3
CLIMB,5527.6,85.2,33.98,235.4,231.3,227.3,233.7,1432.4,1450.4,1441.2,1424.2,27.1,45.2,18.23,68.8,197.5,200.0,2.7669,2.2032,1.3823,2.1924,28.17,40.8,104.0,11961.9,6.2,NOMINAL,0.048,1451.3
TRANSIT,4866.7,67.0,28.95,207.5,209.5,207.9,207.2,1362.6,1373.2,1377.0,1361.2,18.06,44.7,17.98,62.8,187.6,182.5,1.8666,1.4275,0.9725,1.4683,28.42,41.2,140.3,18043.5,-13.4,NOMINAL,0.0973,1449.8
ISR_LOITER,4585.9,57.6,26.61,197.2,198.9,199.3,196.1,1331.6,1308.0,1324.1,1318.9,16.04,44.3,17.66,58.0,180.0,173.1,1.6734,1.1969,0.7595,1.2662,28.29,42.9,123.6,22061.7,-19.8,NOMINAL,0.0328,1443.9
ISR_LOITER,4572.7,60.3,26.28,194.6,190.8,190.5,192.6,1311.7,1319.4,1309.6,1311.1,15.76,43.4,17.96,58.1,179.1,171.9,1.5092,1.1976,0.8466,1.215,27.97,41.7,123.6,21981.4,-23.0,SENSOR_DRIFT,0.2694,902.3
ISR_LOITER,4625.2,58.3,26.6,197.0,199.4,199.9,199.1,1328.2,1300.5,1298.1,1304.8,16.19,44.1,17.97,59.5,182.1,175.4,1.7935,1.3188,0.7297,1.3526,27.95,43.2,127.7,21988.8,-22.5,NOMINAL,0.0413,1456.7
ISR_LOITER,4579.5,56.2,26.8,205.8,205.3,204.3,199.4,1297.3,1306.9,1298.4,1301.6,16.4,44.9,17.58,57.7,180.2,181.8,1.6588,1.1123,0.7931,1.2407,27.98,41.6,126.4,21991.9,-22.2,COOLING_DEGRADATION,0.1305,1183.1
ISR_LOITER,4635.5,58.2,26.0,252.9,250.9,247.0,248.4,1333.5,1332.1,1335.1,1349.1,15.16,43.8,18.24,60.2,178.7,228.8,1.6781,1.1839,0.6782,1.2487,27.95,41.0,126.5,22038.2,-22.5,COOLING_DEGRADATION,0.7761,286.9
ISR_LOITER,4594.2,56.3,26.44,193.3,195.3,196.1,194.6,1314.3,1342.0,1339.3,1334.2,15.82,42.9,18.15,60.2,177.8,177.7,1.6905,1.1314,0.7803,1.2579,27.99,41.9,125.9,21934.0,-21.6,NOMINAL,0.1186,1433.8
TRANSIT,4911.4,66.8,28.96,206.1,206.9,204.2,203.7,1384.7,1393.3,1418.2,1393.5,18.65,45.7,17.78,61.3,189.2,182.9,1.7405,1.4607,0.9225,1.4158,28.12,42.6,143.0,17990.0,-10.8,NOMINAL,0.1094,1472.9
ISR_LOITER,4564.0,56.7,26.23,191.0,189.6,190.5,193.7,1301.4,1310.7,1304.6,1331.9,14.59,44.1,18.13,56.9,181.1,174.9,1.6692,1.1321,0.8086,1.2546,28.27,42.2,125.3,22060.1,-23.7,NOMINAL,0.0997,1469.8
ISR_LOITER,4538.2,58.8,26.42,196.8,196.4,196.0,193.8,1335.0,1356.9,1333.4,1335.6,16.3,43.2,18.12,55.6,180.8,175.0,1.649,1.1393,0.7732,1.2403,28.3,41.2,126.5,22010.5,-22.4,NOMINAL,0.0892,1479.6
ISR_LOITER,4592.1,58.7,26.39,192.4,192.2,188.3,191.2,1322.5,1325.5,1323.7,1340.8,15.49,44.2,19.77,56.3,183.1,176.6,3.9528,3.0955,2.0842,3.1385,28.03,40.3,123.8,21929.2,-22.8,COMBUSTION_INSTABILITY,0.695,365.0
TRANSIT,4902.0,67.9,28.86,202.2,199.8,198.9,204.2,1389.6,1391.1,1391.5,1375.1,19.1,44.5,18.16,58.9,198.1,179.6,2.4521,1.9864,1.3383,1.979,28.11,42.2,140.9,18049.7,-12.2,LUBRICATION_FAILURE,0.2198,940.7
PREFLIGHT,1398.9,14.5,15.84,136.9,137.7,142.3,140.4,642.3,660.5,658.1,650.8,5.92,44.0,18.04,43.7,132.2,137.8,0.5966,0.5183,0.2794,0.484,28.09,43.7,3.2,598.2,28.3,NOMINAL,0.0739,1451.5
DESCENT,3625.5,33.9,19.93,174.2,137.6,171.1,172.3,1109.2,893.1,1099.0,1106.0,11.16,42.3,18.17,52.2,165.5,159.0,3.863,2.8122,1.8743,2.9633,28.29,42.5,112.4,8078.9,11.2,CYLINDER_MISFIRE,0.7786,287.8
ISR_LOITER,4596.7,56.3,26.63,189.9,186.7,192.0,185.5,1292.3,1300.9,1300.2,1292.9,15.54,45.3,18.28,59.1,178.7,173.0,1.5446,1.1236,0.8074,1.1972,28.32,41.9,128.4,22088.8,-21.7,NOMINAL,0.0663,1474.3
TRANSIT,4885.5,69.5,29.33,233.4,235.3,232.1,233.6,1373.4,1360.2,1357.5,1347.9,18.35,45.9,17.83,62.0,187.6,207.4,1.967,1.5235,1.0002,1.5482,28.1,45.0,142.0,17977.1,-12.8,COOLING_DEGRADATION,0.4119,603.3
PREFLIGHT,1428.0,14.9,15.88,139.1,139.2,139.2,135.7,656.1,676.8,663.3,647.5,6.29,45.8,18.1,43.6,133.8,132.0,0.6089,0.5542,0.3296,0.512,28.33,40.4,0.7,498.2,26.9,NOMINAL,0.0699,1471.3
TRANSIT,4896.4,68.2,28.45,208.3,210.2,211.2,207.2,1370.3,1377.6,1362.0,1369.8,17.78,44.2,18.11,62.4,190.5,180.0,1.8442,1.4907,0.8763,1.4596,28.12,40.9,136.9,17990.6,-11.3,INJECTOR_CLOGGING,0.1409,1083.3
ISR_LOITER,4481.9,57.7,26.44,192.3,170.8,192.5,192.4,1328.1,1185.4,1322.5,1337.3,15.68,45.5,17.82,57.3,177.5,178.7,3.896,2.8752,2.0006,3.0248,28.32,41.7,125.7,22068.0,-22.9,CYLINDER_MISFIRE,0.4879,670.5
CLIMB,5468.9,84.7,34.01,229.8,230.8,227.0,230.2,1487.4,1470.3,1474.7,1489.0,26.78,44.9,18.11,71.1,199.6,201.5,2.6433,2.1089,1.3833,2.1093,28.12,43.0,104.6,11898.8,3.4,NOMINAL,0.0561,1457.7
CLIMB,5518.1,85.1,33.95,227.4,229.8,227.5,230.1,1472.6,1467.8,1472.3,1459.2,26.98,44.7,17.94,66.8,199.1,195.8,2.6645,2.058,1.4313,2.1121,28.24,40.1,104.2,12034.6,4.6,NOMINAL,0.0003,1471.3
ISR_LOITER,4604.3,57.9,26.04,194.8,191.2,196.0,196.5,1325.9,1326.0,1354.4,1325.2,15.35,45.0,18.11,58.8,175.1,173.7,1.6922,1.2196,0.7382,1.2775,28.39,43.4,124.4,22044.0,-20.0,NOMINAL,0.054,1454.5
ISR_LOITER,4573.6,58.2,26.91,191.5,190.7,192.4,191.8,1326.1,1331.0,1306.9,1320.3,15.78,45.2,18.0,56.5,182.9,178.8,1.6438,1.2359,0.8066,1.2754,28.35,38.3,125.0,21971.4,-21.9,NOMINAL,0.0906,1454.3
DESCENT,3797.3,35.7,19.75,164.7,163.5,166.8,164.3,1140.6,1139.8,1114.5,1131.9,11.89,43.8,17.8,50.8,166.8,160.6,1.0451,0.9205,0.5874,0.8727,28.18,40.7,115.7,8052.5,11.4,NOMINAL,0.0512,1453.2
RECOVERY,2157.9,21.6,17.05,157.3,154.1,156.7,157.6,858.9,872.8,857.9,867.2,7.41,45.7,18.0,47.7,143.4,148.1,0.7792,0.5478,0.408,0.5982,27.64,41.5,66.9,813.2,24.7,SENSOR_DRIFT,0.3424,829.2
TRANSIT,4925.0,68.4,28.3,209.0,209.4,212.2,207.2,1375.5,1372.2,1370.0,1370.2,17.76,45.5,18.4,65.1,186.3,181.5,1.9987,1.4509,0.9567,1.5292,28.16,43.8,137.9,18024.0,-11.7,NOMINAL,0.1151,1448.2
DESCENT,3801.1,34.5,20.03,167.0,163.9,163.4,164.0,1106.7,1109.5,1123.5,1122.2,11.53,45.1,17.81,54.5,164.5,160.6,1.2502,0.9037,0.6576,0.9682,28.27,43.5,115.9,7998.1,12.1,NOMINAL,0.1199,1464.5
ISR_LOITER,4568.5,57.6,25.39,192.8,190.8,199.6,191.7,1311.8,1325.5,1300.4,1305.0,15.7,42.6,17.88,56.7,180.1,179.0,1.4768,1.0766,0.8134,1.1549,28.29,42.1,126.2,21943.4,-22.9,INJECTOR_CLOGGING,0.2272,728.1
CLIMB,5503.1,85.6,33.68,234.8,229.2,229.7,228.3,1446.7,1446.3,1460.9,1453.6,26.68,46.0,17.75,66.9,200.2,195.7,2.8852,2.2368,1.3853,2.2544,28.1,41.8,103.9,12013.1,3.7,NOMINAL,0.0844,1446.4
ISR_LOITER,4588.9,58.5,26.77,196.1,195.6,197.3,197.5,1286.0,1295.3,1305.5,1293.4,15.72,47.0,18.4,54.8,180.2,180.8,1.6383,1.2011,0.8656,1.2749,28.23,43.1,124.6,22010.2,-21.6,NOMINAL,0.0465,1481.0
CLIMB,5521.6,83.1,33.88,230.9,229.1,232.6,234.7,1460.8,1451.1,1459.7,1468.8,27.5,44.7,18.21,69.4,197.6,200.5,2.8236,2.0276,1.488,2.1831,28.12,39.1,103.6,11952.4,4.3,SENSOR_DRIFT,0.0322,990.7
TAKEOFF,5814.7,97.3,38.85,239.6,236.0,236.7,234.4,1522.3,1543.1,1534.9,1531.6,31.72,44.1,18.35,72.6,211.1,205.3,3.551,2.72,1.7235,2.7675,27.96,40.9,85.4,1121.5,27.1,NOMINAL,0.0044,1498.9
ISR_LOITER,4575.1,57.1,26.89,195.5,192.2,195.9,197.3,1315.8,1330.7,1289.8,1310.4,15.26,44.8,18.0,61.4,179.9,174.8,1.6804,1.1968,0.8916,1.2976,28.3,43.2,121.3,22099.3,-22.7,NOMINAL,0.1165,1471.2
ISR_LOITER,4602.6,56.0,26.43,199.0,196.4,195.0,200.3,1323.1,1326.8,1325.6,1334.3,16.54,46.8,17.53,57.5,177.3,176.9,1.6003,1.2364,0.7803,1.2515,28.04,40.7,121.9,21936.8,-23.5,NOMINAL,0.0391,1460.1
CLIMB,5474.1,86.2,33.98,229.5,228.0,227.8,228.2,1484.5,1487.8,1491.5,1479.3,26.35,42.5,18.18,46.1,237.5,195.7,6.8034,5.1278,3.457,5.3082,28.01,41.1,104.9,11939.5,6.4,LUBRICATION_FAILURE,0.8124,316.9
CLIMB,5497.3,85.1,33.76,228.8,231.3,230.6,228.6,1478.0,1459.3,1475.3,1459.5,26.87,44.8,18.07,64.4,200.9,197.8,2.8229,2.1301,1.4197,2.2001,27.9,40.4,105.7,12010.0,4.2,NOMINAL,0.0779,1438.1
ISR_LOITER,4618.4,58.6,26.32,197.1,195.2,196.7,195.5,1330.2,1334.8,1331.8,1347.5,15.62,45.7,17.76,57.7,177.0,176.1,1.5716,1.0767,0.7657,1.1854,28.47,42.6,126.5,22006.3,-22.2,NOMINAL,0.0998,1428.0
ISR_LOITER,4628.0,57.8,25.51,191.9,194.1,199.0,192.3,1333.5,1331.4,1320.0,1331.2,15.23,43.2,18.15,57.1,182.2,174.7,1.8073,1.1031,0.9214,1.3332,28.18,42.3,123.8,21921.6,-22.5,INJECTOR_CLOGGING,0.2373,1017.3
ISR_LOITER,4590.9,58.4,25.97,189.3,186.3,188.6,187.3,1306.9,1306.4,1299.0,1283.0,15.71,45.4,18.16,40.7,219.6,175.3,3.9708,2.9507,2.0646,3.095,28.22,42.9,123.8,21938.0,-22.4,LUBRICATION_FAILURE,0.8311,333.5
TAKEOFF,5829.4,96.3,37.86,243.0,245.0,243.6,243.6,1503.2,1527.6,1520.2,1495.5,32.92,45.6,18.0,70.6,210.9,204.4,3.5696,2.654,1.85,2.7814,28.08,40.9,86.6,1192.8,26.9,NOMINAL,0.0077,1477.7
ISR_LOITER,4625.8,57.9,26.08,193.1,191.8,191.7,195.3,1335.3,1299.3,1316.6,1327.2,15.79,43.7,17.9,58.5,179.4,174.9,1.5985,1.1685,0.8408,1.242,28.13,40.5,129.5,21996.1,-24.6,NOMINAL,0.0063,1496.6
DESCENT,3831.4,36.3,20.14,170.0,172.2,175.8,176.3,1122.3,1146.0,1133.9,1140.9,11.51,45.4,18.9,51.2,168.8,164.1,1.7882,1.255,0.8518,1.3538,28.01,41.3,116.2,7928.7,11.7,COMBUSTION_INSTABILITY,0.1815,1087.6
ISR_LOITER,4648.6,57.8,26.55,188.6,190.8,189.6,188.5,1333.3,1333.4,1346.1,1332.0,15.92,43.5,17.99,60.2,180.9,172.8,1.5221,1.1555,0.85,1.2075,28.33,36.8,124.8,22007.4,-23.0,NOMINAL,0.1075,1463.5
RECOVERY,2210.2,21.5,17.44,178.3,179.8,183.2,181.0,844.9,845.3,860.6,848.2,7.7,44.2,17.77,48.4,144.8,176.2,0.8707,0.5785,0.4174,0.6499,28.14,43.0,65.5,768.8,25.3,COOLING_DEGRADATION,0.413,664.2
RECOVERY,2206.7,21.1,14.69,149.3,154.5,172.5,153.9,839.7,842.6,748.4,842.6,4.82,39.1,18.29,48.8,145.6,145.4,0.8454,0.6399,0.4134,0.657,28.23,41.8,66.3,869.9,26.3,INJECTOR_CLOGGING,0.7301,433.9
RECOVERY,2175.7,21.1,17.72,151.4,150.0,153.8,153.5,838.9,857.2,855.8,860.8,7.57,46.7,17.97,47.6,143.1,146.1,0.718,0.6131,0.3865,0.589,28.25,40.2,63.3,756.4,28.2,NOMINAL,0.0426,1484.3
CLIMB,5495.9,86.6,33.52,225.1,228.4,230.6,228.2,1444.5,1441.6,1439.1,1453.2,26.76,45.5,17.64,68.1,199.5,195.6,2.8319,2.0557,1.4866,2.1951,27.83,42.4,105.1,11986.0,4.5,NOMINAL,0.1168,1430.2
PREFLIGHT,1358.2,14.2,15.68,137.9,138.8,137.9,138.1,640.0,668.9,652.0,664.4,5.65,44.7,18.19,32.5,152.1,137.6,1.0725,0.8734,0.6151,0.874,28.51,41.3,-0.6,477.8,28.2,LUBRICATION_FAILURE,0.5243,488.0
CLIMB,5514.7,84.5,31.57,231.9,233.5,251.0,229.2,1473.4,1480.8,1377.8,1481.4,24.83,38.6,18.11,67.3,200.5,195.9,2.7945,2.16,1.4384,2.2018,28.29,42.4,105.3,11936.6,4.8,INJECTOR_CLOGGING,0.7644,301.6
CLIMB,5456.2,86.1,34.02,228.7,229.8,233.6,229.7,1464.0,1460.0,1459.3,1477.7,26.01,44.5,18.05,70.5,197.7,195.4,2.7312,2.1421,1.4063,2.1622,27.98,42.1,108.1,12013.2,5.2,NOMINAL,0.067,1475.2
ISR_LOITER,4605.6,57.8,26.45,192.3,192.8,191.0,194.3,1337.7,1324.6,1336.3,1326.8,14.79,44.9,17.96,58.2,180.5,173.6,1.7177,1.196,0.79,1.2917,28.31,42.0,130.1,21989.5,-21.6,NOMINAL,0.0011,1461.1
CLIMB,5507.7,84.7,33.74,223.3,228.7,223.5,225.7,1456.2,1465.4,1465.3,1469.5,26.39,44.1,18.19,69.0,195.0,198.8,2.7174,2.0645,1.3886,2.1272,28.43,40.4,102.2,12022.5,5.0,NOMINAL,0.1133,1433.4
ISR_LOITER,4630.2,58.0,26.66,202.0,198.6,200.3,197.0,1312.9,1307.4,1330.2,1335.4,15.66,44.1,19.66,58.4,178.8,173.9,4.4425,3.2163,2.1854,3.4086,28.21,40.0,121.3,22024.4,-20.3,COMBUSTION_INSTABILITY,0.7705,431.0
ISR_LOITER,4577.4,59.0,26.8,189.4,194.4,191.8,190.5,1330.6,1308.8,1330.0,1315.2,15.26,45.1,17.97,60.2,177.4,177.8,1.509,1.2552,0.8553,1.2361,26.99,40.8,122.0,21902.4,-20.1,SENSOR_DRIFT,0.6994,399.5
ISR_LOITER,4592.6,56.1,26.76,198.3,189.8,198.8,198.4,1334.7,1337.8,1346.2,1331.9,15.7,46.2,18.1,57.0,182.0,175.6,1.6215,1.1691,0.7997,1.2431,28.08,39.1,124.4,21993.9,-21.9,NOMINAL,0.0824,1463.8
TRANSIT,4890.8,68.8,28.77,205.0,207.0,204.7,207.0,1355.6,1360.8,1351.9,1363.4,19.24,45.0,17.86,63.2,189.8,179.6,2.0999,1.4416,0.9701,1.5736,28.27,42.7,138.8,18105.6,-12.3,NOMINAL,0.0808,1475.9
TAKEOFF,5823.9,99.9,38.47,245.1,244.2,242.5,245.6,1514.0,1530.0,1524.2,1505.7,32.69,44.4,18.31,71.4,209.1,208.1,3.5948,2.7698,1.8212,2.8232,28.27,41.6,86.0,1193.4,26.2,NOMINAL,0.03,1451.8
ISR_LOITER,4600.0,56.1,26.13,193.1,193.0,193.1,197.0,1305.8,1315.7,1308.0,1320.5,16.21,44.3,18.39,39.8,213.2,175.8,3.7406,2.8239,1.8129,2.9013,28.31,42.9,125.0,21990.5,-22.8,LUBRICATION_FAILURE,0.7297,426.7
TAKEOFF,5812.0,97.1,38.62,236.9,237.0,241.7,236.2,1528.0,1510.0,1506.8,1517.1,32.52,44.8,18.04,72.1,209.6,206.9,3.4842,2.6451,1.7606,2.7225,28.04,42.1,86.0,1101.9,26.5,NOMINAL,0.0571,1478.0
TAKEOFF,5767.9,97.7,38.23,238.3,237.6,238.5,239.6,1498.9,1507.3,1495.8,1505.6,32.95,45.3,20.46,72.6,210.6,207.0,11.479,8.61,5.71,8.9164,28.25,42.5,82.6,1253.4,25.3,COMBUSTION_INSTABILITY,0.9868,127.3
TRANSIT,4917.8,66.7,29.42,206.8,205.3,203.8,205.0,1409.3,1422.4,1420.0,1412.3,19.21,42.6,18.09,44.3,225.7,179.3,4.7968,3.5599,2.36,3.7082,28.21,45.0,140.9,17987.9,-12.8,LUBRICATION_FAILURE,0.8145,353.0
TRANSIT,4933.3,67.1,29.59,200.5,200.6,202.3,201.9,1374.9,1373.5,1362.4,1395.7,18.41,44.9,17.74,61.9,188.6,179.6,1.8601,1.4446,0.9238,1.4606,28.09,43.2,137.4,17945.6,-11.8,NOMINAL,0.0656,1474.5
DESCENT,3821.2,34.7,20.3,172.0,172.6,171.1,172.3,1095.7,1099.6,1096.1,1105.8,11.53,44.5,18.05,53.1,165.4,159.3,1.5389,1.0377,0.6148,1.1289,28.09,44.4,114.4,7974.2,12.0,COMBUSTION_INSTABILITY,0.0867,1026.1
DESCENT,3815.0,35.2,19.88,168.0,170.7,168.2,172.0,1093.1,1107.7,1090.2,1093.3,10.61,43.7,17.66,53.6,164.1,162.7,0.9856,0.9929,0.5966,0.8781,28.25,40.4,116.1,7981.3,10.8,NOMINAL,0.1119,1444.9
CLIMB,5469.8,85.4,33.35,231.4,236.1,234.7,233.0,1479.3,1490.4,1483.4,1457.9,27.83,45.5,17.99,66.9,199.6,200.5,2.8209,2.1225,1.3375,2.1796,28.15,42.1,106.4,11979.2,5.9,NOMINAL,0.05,1472.0
RECOVERY,2197.6,20.5,17.49,152.4,154.0,150.8,153.7,862.8,859.2,895.3,863.4,7.42,46.1,17.85,48.6,146.0,148.5,0.9837,0.5517,0.4769,0.707,28.27,43.4,65.7,893.9,25.7,NOMINAL,0.0169,1477.1
TRANSIT,4912.4,66.8,28.56,200.6,205.1,206.5,202.2,1385.6,1397.6,1400.4,1407.9,18.27,44.0,18.33,60.9,189.0,186.4,1.9602,1.472,1.0139,1.5316,28.28,43.2,139.3,18058.0,-11.6,NOMINAL,0.1067,1448.7
CLIMB,5494.2,86.9,34.15,234.1,231.5,235.0,230.5,1448.5,1435.8,1448.7,1467.6,27.29,45.0,17.51,67.2,200.9,197.0,2.9142,2.1043,1.4539,2.2386,28.23,41.6,104.1,11949.4,6.1,NOMINAL,0.0445,1480.4
TRANSIT,4841.1,67.3,28.88,201.3,192.0,202.9,201.5,1405.0,1324.4,1356.7,1372.0,18.45,44.3,18.01,61.0,188.7,178.2,3.0169,2.0993,1.4495,2.2811,28.09,42.5,139.6,18012.6,-10.9,CYLINDER_MISFIRE,0.1927,941.8
RECOVERY,2211.5,24.0,17.74,154.9,152.2,153.8,151.2,842.5,855.8,866.6,866.6,6.94,42.1,18.29,48.1,148.1,151.0,0.8588,0.6035,0.3801,0.6445,26.56,41.8,63.8,695.1,25.9,SENSOR_DRIFT,0.9693,166.3
TRANSIT,4927.4,68.0,27.96,202.1,202.3,206.3,200.8,1404.4,1413.1,1387.0,1390.9,17.22,43.7,17.9,63.2,187.3,179.5,1.7593,1.454,0.9754,1.433,28.35,42.5,132.5,18025.2,-13.5,INJECTOR_CLOGGING,0.2651,842.9
ISR_LOITER,4548.0,58.3,26.28,188.2,192.4,193.3,190.0,1334.0,1334.0,1321.1,1337.6,15.55,42.7,17.69,57.0,181.1,172.7,1.5459,1.125,0.7674,1.1895,28.4,42.5,123.8,22061.0,-22.0,NOMINAL,0.002,1479.6
TRANSIT,4903.3,67.9,25.96,206.7,208.5,225.0,206.6,1383.6,1395.7,1314.8,1402.7,16.14,38.7,17.8,61.7,185.4,181.3,1.7555,1.3459,0.9926,1.3998,28.31,41.6,140.1,18009.9,-11.5,INJECTOR_CLOGGING,0.7493,311.8
TRANSIT,4838.9,67.0,28.95,208.9,206.1,207.7,208.0,1375.3,1372.1,1380.5,1389.4,18.14,44.8,18.27,61.2,188.0,181.8,1.885,1.5251,0.9653,1.5067,27.96,44.3,140.5,17981.3,-10.7,NOMINAL,0.0695,1458.7
TRANSIT,4880.5,69.0,29.92,203.4,205.3,203.5,205.2,1407.8,1380.0,1373.3,1376.7,18.34,46.3,17.98,64.4,187.4,181.5,1.8283,1.402,0.8633,1.4205,26.22,42.9,136.5,18020.3,-12.5,SENSOR_DRIFT,0.921,198.9
ISR_LOITER,4609.1,59.1,23.41,188.3,187.2,210.9,186.9,1340.0,1316.2,1201.3,1310.7,12.94,39.9,18.44,59.0,178.0,173.2,1.6701,1.2799,0.7679,1.2932,28.41,41.7,126.4,22057.3,-23.5,INJECTOR_CLOGGING,0.889,234.9
TRANSIT,4866.8,68.1,28.9,205.8,200.2,203.6,203.3,1361.7,1338.6,1371.0,1359.0,18.52,46.4,17.82,62.9,185.8,183.8,2.8224,2.1465,1.405,2.2021,28.3,41.7,144.3,18070.9,-13.3,CYLINDER_MISFIRE,0.1778,1118.9
PREFLIGHT,1388.5,16.2,16.33,134.9,142.5,141.5,137.6,664.3,641.5,654.1,672.7,6.19,44.9,18.01,44.9,132.0,133.8,0.6335,0.3813,0.3371,0.4692,27.06,41.9,-0.7,488.2,27.0,SENSOR_DRIFT,0.6091,615.0
RECOVERY,2208.2,21.4,17.51,156.4,151.2,148.6,152.0,844.0,842.4,850.0,837.0,7.03,44.2,17.87,51.2,148.1,144.7,0.6456,0.5949,0.4956,0.582,28.3,42.0,64.1,853.9,26.2,NOMINAL,0.0737,1439.3
PREFLIGHT,1410.6,14.4,16.12,142.7,143.5,144.7,140.8,650.7,643.9,660.5,664.5,5.66,46.4,17.98,43.1,128.3,133.1,0.526,0.4842,0.3432,0.4578,28.45,41.0,0.7,467.6,28.0,NOMINAL,0.07,1450.2
CLIMB,5398.6,84.3,33.42,218.6,210.7,223.1,219.8,1472.0,1410.2,1480.5,1473.0,27.09,44.9,17.81,69.8,200.4,194.3,4.8612,3.5776,2.3952,3.7491,28.2,40.8,108.6,11925.3,5.1,CYLINDER_MISFIRE,0.2576,888.0
RECOVERY,2179.9,21.2,17.85,155.0,148.3,155.4,153.6,861.7,888.6,871.2,870.4,7.65,46.4,18.02,48.1,143.6,150.3,0.8098,0.5865,0.3825,0.6181,28.35,41.6,67.1,776.4,26.7,NOMINAL,0.0341,1469.1
TAKEOFF,5805.2,96.4,39.1,236.3,234.3,236.9,234.0,1536.9,1551.8,1558.0,1563.8,32.7,44.4,18.28,73.7,210.5,207.4,3.7748,2.6674,1.755,2.8545,28.11,40.0,86.2,1119.5,28.3,NOMINAL,0.0451,1452.2
ISR_LOITER,4567.7,59.4,27.0,190.1,188.6,189.1,189.0,1339.1,1319.5,1342.4,1332.5,15.86,45.7,17.75,55.7,179.8,178.1,1.5052,1.2105,0.7642,1.1993,28.07,42.8,126.5,21960.6,-20.6,NOMINAL,0.0489,1451.7
PREFLIGHT,1410.6,17.0,16.23,138.2,139.2,138.4,141.7,647.5,632.5,651.9,645.4,5.6,44.2,17.93,46.7,127.0,135.7,0.7776,0.4395,0.2898,0.5422,27.9,42.8,2.8,491.6,28.7,SENSOR_DRIFT,0.227,835.1
DESCENT,3797.2,35.0,19.63,170.9,167.7,168.8,170.8,1122.4,1126.0,1123.3,1120.1,11.13,43.6,18.14,51.7,161.7,158.9,1.2682,0.785,0.5485,0.9175,28.22,44.1,117.0,8075.1,12.2,NOMINAL,0.0164,1486.5
RECOVERY,2194.8,21.0,17.15,160.3,158.6,160.5,156.1,833.7,844.5,835.7,815.1,6.95,43.7,17.79,49.0,145.7,148.3,0.9607,0.6705,0.4401,0.7225,27.98,42.1,65.6,779.2,27.7,NOMINAL,0.0881,1477.2
TRANSIT,4901.3,66.8,28.7,207.7,210.6,208.2,213.7,1355.4,1360.9,1375.0,1386.1,18.47,43.5,18.04,61.3,190.3,183.7,1.857,1.4718,0.9636,1.4768,28.41,43.1,141.1,18066.4,-12.0,NOMINAL,0.0841,1477.0
TRANSIT,4880.7,68.4,28.64,208.4,208.5,207.2,207.1,1362.3,1358.5,1364.4,1384.4,18.59,43.4,17.66,59.8,187.2,184.5,1.8181,1.5103,0.959,1.4727,28.27,42.7,141.2,17979.4,-14.3,NOMINAL,0.1144,1464.9
CLIMB,5493.2,86.8,33.81,283.8,282.0,280.7,281.9,1479.8,1452.7,1461.7,1468.1,27.1,44.7,17.91,67.6,201.1,257.1,2.9676,2.0078,1.4879,2.2399,28.17,41.9,106.7,12042.6,6.2,COOLING_DEGRADATION,0.894,215.4
PREFLIGHT,1434.4,14.4,15.91,171.5,173.2,172.7,170.2,636.7,635.1,644.6,627.9,5.84,44.4,18.21,44.8,132.0,167.3,0.5621,0.424,0.2417,0.4298,28.56,43.7,1.2,434.8,27.5,COOLING_DEGRADATION,0.4911,651.8
TAKEOFF,5777.5,97.8,38.52,241.0,237.8,240.0,238.0,1534.4,1543.2,1545.1,1532.5,32.06,45.1,18.09,71.0,211.6,206.3,3.5478,2.7678,1.858,2.8107,28.51,44.6,83.2,1246.2,27.9,NOMINAL,0.0249,1478.9
ISR_LOITER,4591.3,56.1,22.49,195.6,199.6,226.1,193.0,1323.5,1315.8,1209.4,1324.9,12.25,39.0,18.01,57.4,179.5,178.2,1.6729,1.1903,0.7504,1.2621,28.07,41.3,126.0,22037.8,-22.7,INJECTOR_CLOGGING,0.9999,121.0
TRANSIT,4863.0,67.1,28.99,200.2,202.4,204.7,202.2,1394.3,1399.4,1392.4,1388.0,18.75,44.3,18.19,63.2,188.3,183.9,1.8565,1.472,0.9889,1.4823,28.15,41.4,140.7,18098.4,-12.2,NOMINAL,0.0474,1463.3
DESCENT,3788.7,33.1,17.81,165.5,166.1,186.9,168.2,1080.4,1089.4,1006.9,1101.4,8.96,41.8,17.99,51.0,163.6,163.0,1.2557,0.8544,0.606,0.9441,27.85,40.0,113.5,7961.3,13.2,INJECTOR_CLOGGING,0.6219,494.7
ISR_LOITER,4591.3,60.1,23.47,197.6,197.6,226.2,200.2,1317.2,1324.1,1218.9,1313.8,12.73,38.2,17.64,58.7,177.7,176.9,1.7718,1.1582,0.7325,1.2932,28.17,41.6,126.3,22011.7,-22.3,INJECTOR_CLOGGING,0.9178,259.4
TAKEOFF,5802.3,99.6,37.26,232.8,232.7,239.5,234.9,1511.1,1518.9,1479.2,1503.0,31.68,41.7,18.1,69.5,205.7,201.8,3.5665,2.6828,1.8068,2.7798,28.12,40.7,87.9,1258.4,28.0,INJECTOR_CLOGGING,0.2528,1027.0
PREFLIGHT,1407.7,15.4,15.76,138.3,137.2,141.2,140.8,635.7,634.4,620.4,641.3,6.07,46.1,18.03,46.1,130.0,135.4,0.6745,0.4385,0.3236,0.5006,28.13,41.8,3.2,532.0,27.5,NOMINAL,0.0082,1475.9
CLIMB,5471.1,84.8,34.09,231.5,225.1,230.6,232.3,1454.9,1412.5,1458.7,1438.4,26.49,43.6,18.02,67.6,195.5,201.9,3.8792,3.0306,2.0473,3.0781,28.09,43.0,103.0,12008.6,2.8,CYLINDER_MISFIRE,0.1579,1136.7
PREFLIGHT,1360.1,15.6,16.49,136.2,135.7,135.5,135.9,641.6,643.9,643.2,655.1,6.47,43.2,17.88,46.9,130.6,135.7,0.6191,0.4343,0.2979,0.4693,28.14,43.3,-0.8,494.4,28.7,NOMINAL,0.1025,1475.7
ISR_LOITER,4591.8,57.5,26.29,195.7,191.3,193.6,193.2,1316.6,1335.0,1331.3,1352.4,15.67,44.1,17.83,57.3,181.2,176.4,1.8341,1.1276,0.8043,1.3269,28.1,42.5,127.8,22043.1,-23.2,NOMINAL,0.0445,1471.9
ISR_LOITER,4615.3,58.3,27.07,197.6,194.6,196.1,196.2,1309.0,1322.6,1340.6,1330.1,15.46,47.8,18.14,58.6,179.8,176.4,1.6089,1.2012,0.7933,1.2465,28.35,43.3,124.7,21924.1,-22.0,NOMINAL,0.0457,1470.7
PREFLIGHT,1382.1,15.3,16.01,138.6,140.6,142.6,139.5,675.1,656.6,647.6,664.6,6.15,46.3,18.08,44.5,133.0,134.0,0.4268,0.5028,0.3175,0.4226,28.39,40.7,-0.5,482.0,28.9,NOMINAL,0.047,1457.5
DESCENT,3819.2,35.8,20.69,172.4,170.0,173.9,171.3,1105.7,1106.2,1106.9,1102.7,11.29,44.9,17.96,52.7,165.2,158.9,1.1389,0.9059,0.5627,0.9008,28.08,40.8,115.5,8059.7,12.3,NOMINAL,0.068,1437.4
CLIMB,5349.6,85.9,33.92,228.8,194.2,230.8,231.9,1465.4,1265.7,1461.6,1444.6,26.87,43.7,17.86,66.3,197.4,196.0,8.2613,6.1274,4.0499,6.3821,28.31,42.2,100.3,12049.8,5.1,CYLINDER_MISFIRE,0.6901,420.7
DESCENT,3734.1,34.1,20.15,168.5,170.5,170.4,170.4,1103.9,1100.3,1096.0,1088.5,11.74,47.4,18.35,53.0,161.6,156.4,1.1561,0.8967,0.5952,0.912,28.23,39.9,118.2,8075.3,10.7,NOMINAL,0.0896,1438.1
ISR_LOITER,4553.5,57.6,26.54,199.0,194.5,202.1,194.5,1326.5,1323.4,1323.9,1333.6,15.52,44.5,18.87,59.7,180.5,176.3,3.2124,2.4801,1.6646,2.5325,28.25,42.2,123.9,22037.2,-21.3,COMBUSTION_INSTABILITY,0.4396,764.3
CLIMB,5525.2,83.9,34.06,227.9,226.1,228.3,228.0,1463.5,1463.6,1463.1,1446.0,26.55,44.3,20.49,67.5,200.6,200.0,8.8504,6.6401,4.4719,6.89,28.19,43.1,105.0,12087.0,3.4,COMBUSTION_INSTABILITY,0.9952,123.0
ISR_LOITER,4621.0,59.2,26.83,192.9,194.2,193.7,198.0,1303.3,1319.6,1333.2,1323.4,15.35,43.1,18.05,58.2,182.5,176.1,1.5612,1.1668,0.7347,1.2026,28.22,39.9,126.8,22029.5,-21.4,NOMINAL,0.0468,1466.3
CLIMB,5242.1,85.1,34.16,229.8,181.5,227.0,228.5,1463.3,1166.6,1472.2,1440.8,27.62,46.4,17.71,65.6,201.4,197.2,10.5029,8.0463,5.232,8.2144,28.09,41.1,99.4,12004.6,4.1,CYLINDER_MISFIRE,0.9928,147.5
DESCENT,3820.3,35.2,20.05,170.5,169.4,168.3,169.1,1092.0,1094.5,1098.6,1071.9,11.56,46.0,17.84,53.9,160.6,160.7,1.2032,0.8814,0.601,0.9284,26.56,39.3,117.0,7979.5,13.0,SENSOR_DRIFT,0.9588,159.0
DESCENT,3840.2,33.9,19.87,164.0,164.2,168.2,163.6,1099.9,1096.9,1097.5,1129.2,10.51,45.8,18.49,53.6,165.1,157.7,1.3044,0.9562,0.5235,0.9815,28.15,40.2,109.3,7938.5,12.1,NOMINAL,0.002,1459.8
ISR_LOITER,4614.5,57.7,26.61,194.4,196.3,197.6,196.9,1306.2,1317.5,1307.1,1302.0,16.39,45.9,18.26,56.2,178.3,173.4,1.6145,1.3095,0.7431,1.2746,28.34,40.2,129.2,21920.2,-21.3,NOMINAL,0.1055,1440.5
TRANSIT,4931.8,69.0,29.31,205.3,207.1,207.5,207.3,1364.3,1372.7,1358.6,1353.4,18.83,44.7,18.02,61.5,188.7,180.0,1.9581,1.423,0.9118,1.4934,28.28,40.9,138.6,17939.9,-13.7,NOMINAL,0.0361,1473.0
TRANSIT,4913.4,67.2,28.46,194.5,196.2,199.0,198.7,1392.0,1388.8,1385.2,1377.3,18.25,44.7,17.62,60.8,187.3,180.6,1.8726,1.4651,0.9896,1.4869,28.43,39.7,139.2,18061.4,-13.7,NOMINAL,0.0099,1480.2
CLIMB,5551.1,84.0,34.33,235.5,230.3,230.7,231.0,1450.8,1467.8,1464.1,1436.9,27.81,44.2,18.06,65.8,202.1,197.4,2.708,2.1713,1.4718,2.1767,28.42,39.7,108.1,11985.0,7.1,NOMINAL,0.1056,1450.4
RECOVERY,2215.6,20.9,17.39,161.3,158.9,160.1,160.2,842.5,833.5,833.8,842.2,7.08,43.6,17.91,48.4,148.8,148.1,0.96,0.6309,0.3773,0.6981,28.37,41.6,65.5,733.2,24.5,NOMINAL,0.0589,1446.5
ISR_LOITER,4636.6,59.3,26.35,201.4,203.5,201.4,194.9,1334.6,1315.7,1332.8,1332.3,15.57,43.8,17.89,57.5,179.7,175.2,1.6468,1.1812,0.864,1.272,28.19,43.4,124.4,22137.2,-21.5,NOMINAL,0.0783,1468.8
TAKEOFF,5718.6,97.8,38.25,243.5,220.7,244.9,246.0,1528.6,1378.9,1510.8,1480.5,32.12,44.6,17.99,71.6,215.6,206.0,8.4319,6.4375,4.285,6.6056,28.04,42.4,86.1,1251.2,25.2,CYLINDER_MISFIRE,0.4892,592.2
RECOVERY,2247.2,20.8,15.31,154.5,153.4,172.5,154.2,863.7,850.0,774.2,871.3,6.44,42.3,17.99,49.6,143.6,149.0,0.7533,0.6754,0.4562,0.6408,28.51,41.7,68.2,825.3,26.1,INJECTOR_CLOGGING,0.6144,512.9
TRANSIT,4908.4,67.9,29.08,199.0,201.5,205.6,199.7,1375.8,1376.7,1392.4,1378.3,18.88,45.4,18.0,63.3,190.5,182.3,2.0034,1.598,0.9535,1.5786,28.21,41.9,140.3,18061.2,-11.9,NOMINAL,0.0592,1481.1
TRANSIT,4869.3,68.4,29.59,208.0,204.2,206.0,202.7,1367.6,1381.5,1368.8,1368.9,17.9,45.9,17.84,63.7,188.4,182.6,1.9618,1.4475,1.0359,1.5294,28.43,40.2,139.7,18041.8,-12.9,NOMINAL,0.097,1456.4
PREFLIGHT,1360.8,13.2,16.34,143.0,143.9,140.8,145.3,654.3,662.5,662.1,658.7,6.33,45.3,17.99,45.7,130.4,134.0,0.6488,0.4668,0.3605,0.5062,27.93,42.1,-1.4,474.1,28.6,NOMINAL,0.0593,1460.3
CLIMB,5504.0,84.2,34.66,232.7,234.6,235.1,234.1,1450.7,1458.7,1461.6,1463.7,27.13,45.9,18.27,69.5,201.2,195.5,2.8949,2.1491,1.3872,2.2304,28.2,42.1,104.1,11912.6,3.9,NOMINAL,0.0613,1464.6
ISR_LOITER,4374.0,57.0,26.29,198.8,164.4,197.2,199.1,1319.7,1103.1,1334.7,1317.6,16.04,45.9,18.2,61.5,180.8,174.9,5.1148,3.9557,2.6494,4.0343,28.0,41.6,125.0,22026.5,-21.1,CYLINDER_MISFIRE,0.8132,340.7
PREFLIGHT,1389.5,15.7,15.95,134.2,136.2,137.1,137.3,668.2,637.1,659.5,669.4,6.16,45.6,18.2,45.8,128.5,133.9,0.7305,0.4393,0.2952,0.5208,28.28,43.9,-1.8,475.2,26.4,NOMINAL,0.1122,1461.8
DESCENT,3792.6,34.9,19.89,166.6,165.7,166.4,164.6,1086.5,1097.9,1101.1,1097.2,11.28,45.9,18.15,53.3,167.0,161.0,1.2285,1.0166,0.6392,0.9918,28.07,39.2,114.5,8031.2,13.0,NOMINAL,0.0875,1433.4
CLIMB,5467.3,85.6,34.12,231.2,219.8,228.9,234.7,1439.4,1383.8,1446.8,1458.3,26.22,46.5,18.2,68.4,199.4,199.4,4.7411,3.5932,2.3513,3.6932,28.17,43.6,106.3,11991.3,5.4,CYLINDER_MISFIRE,0.2442,988.1
ISR_LOITER,4604.6,58.3,26.34,191.7,188.5,194.0,191.4,1337.7,1342.8,1333.8,1311.6,15.01,44.2,17.99,59.8,180.6,180.2,1.4807,1.2073,0.7777,1.1909,28.24,44.6,128.6,22002.7,-21.1,NOMINAL,0.035,1485.3
ISR_LOITER,4600.4,57.5,26.48,193.1,193.9,193.1,195.7,1343.8,1317.8,1331.6,1343.0,16.2,45.9,17.64,57.2,179.2,177.8,1.5416,1.1949,0.842,1.2265,28.08,42.4,125.3,22043.9,-21.3,NOMINAL,0.0245,1481.7
ISR_LOITER,4615.7,58.1,26.52,197.4,197.4,195.9,195.0,1318.8,1325.0,1308.7,1312.7,16.13,46.1,18.27,58.6,181.1,176.4,1.8298,1.5517,0.9715,1.4944,28.31,40.9,124.6,22018.8,-23.8,COMBUSTION_INSTABILITY,0.0896,943.3
CLIMB,5498.1,86.4,33.66,227.3,231.9,232.0,231.8,1436.3,1450.3,1455.4,1459.0,27.25,46.2,18.21,68.2,201.0,200.0,2.8312,2.1719,1.4437,2.2224,28.11,40.0,105.0,11940.9,5.1,NOMINAL,0.0204,1464.9
TRANSIT,4899.8,69.5,29.27,208.6,209.8,206.3,206.3,1353.2,1342.0,1352.7,1374.9,18.93,44.1,17.88,65.2,186.0,180.6,1.8656,1.3435,0.9231,1.4304,28.12,40.6,142.7,17941.7,-12.1,NOMINAL,0.0998,1457.3
TAKEOFF,5808.0,99.4,38.32,244.4,248.4,250.7,248.2,1508.1,1515.5,1517.1,1513.8,32.1,45.3,17.9,70.5,209.4,205.6,3.6801,2.6848,1.7961,2.8271,28.32,42.1,85.8,1203.9,27.2,NOMINAL,0.0118,1457.4
ISR_LOITER,4573.0,59.5,26.72,195.1,198.6,200.1,196.3,1309.6,1332.5,1329.2,1313.4,16.04,45.6,17.71,60.8,181.5,171.2,1.6655,1.2474,0.8708,1.3023,28.11,43.2,124.5,21972.2,-22.9,NOMINAL,0.0699,1456.7
ISR_LOITER,4601.9,59.2,26.11,187.7,191.8,193.6,191.7,1312.3,1312.8,1309.2,1319.0,16.22,47.8,18.01,59.2,178.1,170.8,1.7481,1.1643,0.8359,1.3052,28.22,43.5,126.9,22013.9,-21.6,NOMINAL,0.0591,1449.0
ISR_LOITER,4630.3,58.6,26.01,205.7,203.3,199.1,202.7,1334.2,1328.0,1309.1,1311.5,15.8,44.4,18.05,60.1,181.7,173.6,1.674,1.1452,0.7429,1.2471,28.26,40.8,123.7,22049.7,-21.3,NOMINAL,0.0074,1485.5
ISR_LOITER,4514.2,59.4,26.58,196.5,173.2,192.5,190.9,1323.5,1214.4,1324.9,1340.2,16.59,45.0,18.0,58.8,178.9,173.7,3.5208,2.6089,1.8301,2.7417,28.13,43.7,126.1,21998.9,-21.2,CYLINDER_MISFIRE,0.4398,760.0
CLIMB,5476.4,85.6,34.39,236.1,232.9,233.7,237.3,1458.0,1460.0,1448.1,1462.7,27.3,45.9,17.76,69.5,198.0,197.9,2.6706,2.0892,1.3498,2.107,28.13,42.1,106.7,12039.6,2.7,NOMINAL,0.042,1459.1
DESCENT,3798.4,35.2,20.11,168.4,167.0,173.5,169.5,1077.1,1076.1,1072.8,1065.5,10.98,42.6,18.03,52.5,164.9,160.3,1.1035,0.8824,0.5675,0.8791,28.3,42.1,113.7,7992.0,11.0,NOMINAL,0.0355,1480.5
ISR_LOITER,4591.8,56.7,27.06,198.2,194.7,195.6,196.5,1312.5,1311.7,1316.1,1319.6,15.91,43.7,18.06,59.0,179.1,171.3,1.6947,1.2053,0.6614,1.2599,28.51,41.3,129.9,22018.9,-22.2,NOMINAL,0.0558,1483.6
ISR_LOITER,4577.5,58.5,24.51,195.5,196.0,208.8,199.9,1334.2,1327.9,1299.9,1339.9,14.35,43.0,18.08,61.3,180.3,173.6,1.4117,1.218,0.6882,1.1475,28.25,44.2,125.0,22009.5,-21.1,INJECTOR_CLOGGING,0.5055,623.0
DESCENT,3816.7,34.8,19.74,169.5,168.4,171.9,169.3,1103.4,1106.0,1111.9,1123.4,11.29,44.5,18.33,53.6,165.3,160.5,1.2022,0.9097,0.5949,0.9357,28.05,42.0,118.5,7959.2,11.7,NOMINAL,0.0494,1452.3
ISR_LOITER,4549.5,58.9,26.1,198.9,198.4,196.4,195.7,1318.1,1305.4,1323.4,1304.0,15.94,44.5,18.0,56.9,179.6,169.9,1.535,1.1647,0.7964,1.2037,28.39,41.0,127.8,21956.9,-23.1,NOMINAL,0.0783,1454.2
RECOVERY,2152.9,22.5,17.54,159.3,154.0,159.1,156.7,857.1,859.0,821.5,850.8,7.23,47.5,17.93,48.0,144.9,145.4,0.7552,0.649,0.2934,0.5993,28.25,40.6,67.6,819.7,24.5,NOMINAL,0.0039,1457.4
CLIMB,5499.5,85.9,33.92,227.7,232.8,237.5,229.2,1460.7,1470.4,1462.9,1462.0,26.41,46.7,18.14,68.3,198.6,198.1,2.6548,2.1445,1.4492,2.1407,28.23,40.6,105.9,12039.4,4.3,INJECTOR_CLOGGING,0.0614,973.9
DESCENT,3823.3,34.0,20.08,172.3,172.5,171.1,169.9,1109.7,1128.3,1120.4,1118.1,10.47,45.4,17.73,50.1,162.7,158.5,1.2667,0.9136,0.5528,0.9565,28.11,42.7,116.4,8006.7,10.9,NOMINAL,0.0076,1467.6
ISR_LOITER,4607.9,57.7,27.05,191.8,183.3,189.6,192.1,1306.2,1239.9,1292.5,1310.0,15.5,45.7,17.66,56.6,179.6,177.4,2.3351,1.7506,1.2177,1.8257,28.26,40.4,124.0,22054.3,-23.2,CYLINDER_MISFIRE,0.1804,875.0
PREFLIGHT,1408.5,15.6,16.26,166.0,165.5,163.9,164.8,641.4,677.5,653.9,656.5,5.67,45.8,18.11,44.6,125.3,159.6,0.6368,0.4651,0.2977,0.4866,28.14,39.6,1.9,428.0,27.8,COOLING_DEGRADATION,0.401,788.3
CLIMB,5517.3,83.5,33.98,227.6,228.1,225.7,228.3,1461.1,1462.6,1470.5,1463.0,27.28,44.4,17.78,66.2,201.4,192.9,2.7191,2.1842,1.3828,2.1661,28.31,42.6,104.6,11917.1,3.7,NOMINAL,0.1055,1434.1
TRANSIT,4866.4,67.1,28.98,203.5,208.3,206.4,205.2,1375.8,1372.6,1384.9,1376.2,18.55,42.7,19.43,61.8,189.9,180.2,4.3456,3.3751,2.229,3.4275,27.94,39.5,138.7,17995.8,-10.6,COMBUSTION_INSTABILITY,0.6135,549.7
CLIMB,5537.7,85.1,33.8,234.0,231.7,234.4,232.3,1467.3,1464.7,1475.0,1458.4,26.94,46.0,17.95,68.0,199.2,197.7,2.8537,2.2102,1.3161,2.2181,28.01,41.8,105.1,11989.1,4.4,NOMINAL,0.0382,1451.0
CLIMB,5469.2,85.1,34.2,225.3,227.3,226.1,225.3,1481.7,1483.3,1504.2,1483.7,27.25,46.4,18.11,67.9,200.7,199.7,2.9113,2.0094,1.3055,2.1769,28.3,40.8,101.7,11912.4,6.8,SENSOR_DRIFT,0.055,969.3
TRANSIT,4921.5,67.7,28.76,208.0,209.6,204.1,209.4,1383.8,1365.9,1360.3,1374.0,18.57,45.3,18.34,62.3,185.2,181.5,1.7961,1.4143,1.0204,1.4454,28.27,40.9,141.2,17961.1,-14.8,NOMINAL,0.0081,1455.6
TRANSIT,4869.2,69.7,29.1,210.9,211.2,210.0,211.2,1380.6,1363.3,1394.1,1391.3,18.15,43.5,18.03,63.1,189.0,180.0,1.8364,1.4652,0.9536,1.4638,28.36,41.5,141.5,17998.0,-12.7,NOMINAL,0.0355,1478.5
TRANSIT,4897.0,69.0,29.17,210.1,209.3,208.2,207.9,1374.8,1380.3,1387.2,1391.3,18.86,45.7,20.13,61.8,190.0,183.8,4.8238,3.62,2.4172,3.7513,28.09,42.6,141.5,18016.1,-13.8,COMBUSTION_INSTABILITY,0.691,430.9
TAKEOFF,5760.3,97.2,38.69,244.2,245.7,242.5,243.3,1524.3,1548.1,1555.7,1532.5,31.63,43.9,17.87,70.0,207.9,205.4,3.6528,2.5761,1.7734,2.7763,26.64,40.4,85.5,1194.1,26.6,SENSOR_DRIFT,0.8692,277.5
TAKEOFF,5800.6,96.8,38.01,238.7,240.8,241.2,240.9,1520.1,1502.0,1531.0,1523.6,32.12,45.0,18.04,71.9,213.6,201.1,3.4819,2.5621,1.804,2.7045,28.28,42.5,84.4,1220.3,26.7,NOMINAL,0.0501,1473.3
TRANSIT,4918.5,69.4,28.76,210.8,210.0,208.0,210.1,1357.4,1353.2,1379.5,1357.0,18.77,46.3,18.16,62.9,189.4,184.1,1.9254,1.4226,0.8816,1.4729,28.25,43.5,137.8,17988.5,-11.6,NOMINAL,0.0064,1479.7
ISR_LOITER,4583.2,57.1,26.3,197.9,194.3,197.9,197.4,1302.2,1332.3,1320.7,1324.9,16.26,46.2,17.97,59.1,176.4,175.8,1.7386,1.1583,0.8458,1.3012,28.47,43.0,127.1,21921.5,-22.9,NOMINAL,0.1053,1442.8
TRANSIT,4935.7,69.7,28.97,205.8,205.9,210.2,208.2,1381.3,1385.0,1378.2,1398.7,18.4,44.7,18.17,55.3,195.7,182.0,2.466,1.8336,1.2089,1.9065,28.24,40.5,140.3,17972.4,-12.5,LUBRICATION_FAILURE,0.1722,789.3
ISR_LOITER,4626.2,57.2,26.26,189.5,190.2,191.4,191.3,1325.5,1305.2,1314.4,1304.1,15.97,47.2,17.76,59.0,182.1,173.2,1.6349,1.1784,0.7939,1.2506,28.14,41.7,127.3,21996.0,-22.6,NOMINAL,0.0997,1428.8
TRANSIT,4901.7,65.9,28.75,207.8,209.1,210.2,211.4,1373.7,1374.0,1376.0,1388.5,18.52,47.6,17.97,64.6,186.2,179.2,1.8919,1.4934,0.9262,1.4908,28.11,43.5,141.4,17960.4,-12.9,NOMINAL,0.1106,1459.8
ISR_LOITER,4627.0,58.7,25.82,192.6,194.0,192.5,199.5,1304.9,1309.9,1294.9,1296.6,16.43,45.5,18.12,56.6,178.2,175.5,1.6298,1.1402,0.8179,1.2417,28.02,42.0,122.1,22066.4,-22.3,NOMINAL,0.0125,1488.7
RECOVERY,2182.7,22.4,17.8,161.2,159.6,156.7,158.1,844.2,873.1,868.3,882.7,7.2,45.6,17.8,47.8,141.7,150.7,0.8842,0.5716,0.4131,0.653,28.21,41.1,65.2,777.9,27.0,NOMINAL,0.0401,1460.1
ISR_LOITER,4598.1,58.1,26.66,198.5,197.9,196.0,195.4,1327.9,1336.1,1304.6,1306.6,15.22,45.9,20.55,56.5,184.4,174.2,5.0587,3.7564,2.424,3.8977,28.14,40.7,122.3,21987.3,-23.2,COMBUSTION_INSTABILITY,0.95,188.9
ISR_LOITER,4595.6,57.4,26.31,191.6,193.8,194.7,196.2,1341.5,1335.2,1347.7,1358.0,15.69,44.0,18.02,55.6,179.6,177.4,1.67,1.1914,0.883,1.2894,28.49,43.0,122.1,21906.0,-20.6,NOMINAL,0.1045,1426.9
DESCENT,3766.5,34.8,18.43,167.6,167.9,180.5,168.3,1134.1,1116.1,1039.8,1126.1,9.18,42.8,17.75,52.4,168.1,158.3,1.2067,0.9694,0.4872,0.9369,28.34,41.9,117.9,7958.6,10.6,INJECTOR_CLOGGING,0.5373,555.8
PREFLIGHT,1386.4,14.9,16.07,139.6,136.7,138.8,139.6,651.1,638.5,665.7,643.7,5.7,45.0,17.94,45.9,131.7,136.4,0.5999,0.4832,0.222,0.4628,28.36,41.4,3.9,556.2,27.8,NOMINAL,0.0553,1485.1
DESCENT,3743.5,34.8,20.51,173.2,170.6,171.9,173.2,1095.0,1097.2,1102.3,1078.0,11.21,44.0,17.92,38.7,188.8,162.1,2.3823,1.654,1.1407,1.7993,28.03,40.3,113.7,8017.2,12.5,LUBRICATION_FAILURE,0.5064,545.4
TRANSIT,4729.3,67.6,28.89,204.4,171.0,201.2,200.6,1355.1,1156.1,1350.7,1375.8,18.93,45.5,18.16,62.1,188.9,179.4,5.9912,4.3808,2.9336,4.6077,28.57,41.7,141.5,18025.7,-13.3,CYLINDER_MISFIRE,0.7481,403.4
ISR_LOITER,4586.6,58.3,26.62,193.9,193.7,197.8,199.9,1341.3,1345.8,1332.1,1335.5,15.9,44.9,18.28,59.7,179.2,171.7,1.5949,1.1307,0.8012,1.2199,28.04,43.9,126.4,22033.0,-20.9,NOMINAL,0.1151,1436.1
ISR_LOITER,4609.8,57.9,26.68,196.4,193.5,191.7,192.4,1320.7,1323.3,1317.0,1325.9,16.01,45.0,18.51,58.5,178.9,176.0,2.3368,1.7937,1.1531,1.8265,28.12,41.8,122.7,22036.4,-24.1,COMBUSTION_INSTABILITY,0.1916,1012.6
ISR_LOITER,4625.7,57.7,26.14,195.1,191.6,194.3,192.2,1311.4,1295.2,1299.4,1323.8,15.74,45.4,18.36,57.8,179.6,177.4,1.601,1.2192,0.8498,1.2612,28.2,43.2,124.8,22049.1,-21.6,NOMINAL,0.0557,1468.1
ISR_LOITER,4594.4,56.9,26.37,190.3,188.6,188.3,188.2,1331.8,1309.7,1321.5,1310.3,16.11,44.6,18.11,59.9,182.5,173.0,1.6248,1.2673,0.8348,1.2836,28.32,39.3,126.4,21960.4,-21.3,NOMINAL,0.0795,1443.1
TRANSIT,4912.8,68.3,28.72,203.4,207.6,207.9,209.6,1411.0,1403.9,1408.0,1401.1,18.99,43.1,17.9,51.3,211.6,182.0,3.4548,2.6254,1.7403,2.6992,28.15,41.3,139.1,17914.2,-11.7,LUBRICATION_FAILURE,0.4729,687.8
TRANSIT,4916.9,68.8,29.09,199.9,201.8,200.8,199.5,1402.9,1391.8,1386.8,1387.9,18.52,45.0,17.57,39.6,226.4,182.9,4.7695,3.645,2.4183,3.7364,28.22,42.7,138.7,17971.3,-12.7,LUBRICATION_FAILURE,0.8777,286.1
TAKEOFF,5832.9,97.0,39.03,235.3,234.5,238.9,236.5,1531.9,1528.7,1525.6,1529.7,31.21,42.8,18.08,73.8,212.7,203.1,3.6154,2.5684,1.7824,2.7595,28.32,42.0,84.3,1199.3,28.3,NOMINAL,0.0028,1460.4
ISR_LOITER,4593.9,59.4,26.8,188.3,191.1,188.3,188.7,1320.4,1313.8,1331.4,1310.5,15.61,45.0,17.73,60.6,180.0,176.6,1.5234,1.2427,0.8398,1.2343,28.34,44.9,123.9,21990.7,-22.8,NOMINAL,0.0558,1440.3
ISR_LOITER,4615.3,59.6,26.65,196.7,194.7,196.8,194.2,1318.9,1310.8,1316.8,1310.8,15.43,44.6,17.89,58.3,177.1,175.6,1.5105,1.3987,0.8449,1.2847,28.06,44.1,125.6,22042.3,-23.0,COMBUSTION_INSTABILITY,0.0568,855.2
DESCENT,3824.0,36.5,19.65,172.3,170.6,172.3,171.1,1116.5,1105.5,1097.9,1090.2,11.01,46.5,18.02,48.8,173.9,159.2,1.4014,1.1238,0.754,1.1248,28.11,40.8,117.9,7978.4,10.5,LUBRICATION_FAILURE,0.1232,851.1
TAKEOFF,5795.2,98.5,38.19,242.5,243.4,242.1,239.4,1496.6,1524.5,1500.9,1516.2,32.55,43.8,17.89,74.5,217.0,204.4,3.5691,2.6017,1.7175,2.736,27.02,41.3,84.9,1234.5,27.2,SENSOR_DRIFT,0.5855,620.3
DESCENT,3817.7,34.6,19.62,159.1,161.8,165.2,164.4,1092.2,1103.8,1084.7,1098.8,10.88,45.3,18.03,52.3,164.2,160.6,1.2318,0.8142,0.6424,0.9297,28.01,40.7,115.5,8029.9,12.2,NOMINAL,0.0058,1490.6
ISR_LOITER,4577.0,56.7,26.5,197.6,199.0,199.5,198.6,1326.3,1331.4,1316.2,1326.9,15.89,45.8,18.03,58.5,179.9,173.0,1.5364,1.1206,0.8749,1.2085,27.98,43.4,122.1,22038.4,-21.0,NOMINAL,0.0552,1459.6
TAKEOFF,5828.8,98.0,38.74,236.4,236.1,237.6,237.7,1530.6,1511.4,1545.5,1506.0,32.59,44.7,17.87,71.7,211.3,206.7,3.5826,2.7199,1.7335,2.7832,28.17,42.6,80.4,1204.0,26.8,NOMINAL,0.0347,1465.0
TRANSIT,4915.8,68.6,28.61,207.9,206.0,206.6,207.8,1382.8,1398.9,1374.5,1402.8,18.35,44.9,17.89,61.9,188.5,183.5,2.004,1.4279,0.8669,1.5062,28.4,39.8,139.2,17975.5,-12.0,NOMINAL,0.1084,1450.9
CLIMB,5468.4,84.4,32.43,240.4,231.2,245.6,236.0,1465.9,1462.0,1434.7,1470.3,25.17,41.1,17.77,67.8,201.9,197.2,2.7798,2.0413,1.4381,2.1573,28.38,42.0,108.2,11972.8,3.6,INJECTOR_CLOGGING,0.3618,751.4
DESCENT,3760.4,33.3,20.03,173.1,172.6,173.8,172.3,1113.3,1125.9,1125.5,1116.6,10.72,42.9,18.17,52.7,166.2,161.8,1.1281,0.7874,0.6258,0.8726,28.38,42.5,112.0,8012.0,10.9,NOMINAL,0.0054,1450.1
PREFLIGHT,1361.4,15.0,16.05,138.1,139.9,138.7,139.2,657.9,665.9,658.2,661.5,6.2,45.6,20.66,47.8,132.4,134.9,1.9858,1.4536,0.9167,1.5162,28.28,40.3,1.1,587.6,28.8,COMBUSTION_INSTABILITY,0.9805,185.0
PREFLIGHT,1429.9,14.6,16.14,143.5,143.0,143.5,140.0,659.1,650.8,645.2,645.4,6.18,44.0,18.24,46.4,132.1,138.0,0.6152,0.3507,0.3314,0.4514,28.29,44.3,2.2,506.7,27.9,NOMINAL,0.0092,1472.5
ISR_LOITER,4625.1,57.6,26.59,197.7,201.5,201.9,197.4,1353.4,1325.4,1334.9,1332.7,15.52,44.5,18.01,55.2,181.6,171.2,1.6012,1.1597,0.8289,1.2377,27.87,39.5,123.8,22025.9,-21.8,NOMINAL,0.1074,1448.9
DESCENT,3794.4,35.0,19.38,167.7,166.8,166.1,163.8,1083.8,1102.5,1120.4,1105.9,11.61,43.6,18.06,50.9,163.5,161.5,1.1904,0.8169,0.6049,0.9037,28.09,39.8,113.0,8102.3,13.2,NOMINAL,0.0593,1474.6
PREFLIGHT,1349.6,14.7,15.8,144.3,142.9,143.5,141.6,645.5,645.3,652.8,659.3,5.69,43.6,17.92,46.3,130.7,133.3,0.6037,0.3703,0.2568,0.4349,27.95,42.6,-0.6,492.1,28.8,NOMINAL,0.0302,1460.4
CLIMB,5460.9,83.7,34.12,236.9,237.0,236.2,236.7,1483.5,1472.5,1497.6,1493.8,26.69,45.8,18.29,68.6,199.6,200.9,2.8204,2.0623,1.3425,2.161,27.76,45.0,103.3,12048.2,4.1,NOMINAL,0.0758,1473.3
RECOVERY,2204.2,23.0,17.44,158.1,156.5,160.5,156.6,868.4,865.8,855.2,854.1,7.28,43.8,17.94,49.2,144.2,148.4,0.7595,0.7527,0.4754,0.6756,28.16,42.4,62.3,789.3,25.4,NOMINAL,0.0733,1472.2
TRANSIT,4878.3,68.0,29.22,208.3,208.2,208.2,206.0,1379.1,1379.8,1376.9,1382.9,18.5,47.0,17.9,60.5,189.3,182.1,1.8451,1.4719,0.9361,1.466,28.43,40.6,138.8,18006.4,-10.6,NOMINAL,0.0901,1471.1
ISR_LOITER,4582.2,58.6,26.7,188.5,190.5,187.8,188.4,1334.5,1333.7,1312.6,1340.5,14.77,45.3,17.74,58.6,179.5,173.0,1.541,1.1528,0.8038,1.2041,28.35,44.9,124.7,22014.9,-20.8,NOMINAL,0.0956,1471.2
CLIMB,5505.4,83.4,33.84,235.6,238.4,232.4,234.8,1488.3,1465.1,1465.0,1477.3,27.5,43.4,18.09,70.6,198.7,197.3,2.8023,2.1417,1.3286,2.176,27.73,42.3,107.3,11984.4,4.4,NOMINAL,0.0829,1478.0
PREFLIGHT,1395.8,15.6,15.65,140.0,138.5,132.6,135.8,662.5,660.7,640.9,647.2,5.88,44.9,17.61,45.9,129.8,132.9,0.6155,0.3636,0.2974,0.447,27.93,39.5,-0.9,464.2,28.4,NOMINAL,0.0862,1477.9
TRANSIT,4768.7,64.7,28.39,201.3,181.2,203.4,198.9,1402.7,1287.5,1398.4,1430.4,18.45,45.7,18.06,62.5,188.2,182.6,4.5558,3.3315,2.2564,3.5093,28.53,42.5,142.3,17950.8,-13.0,CYLINDER_MISFIRE,0.4985,599.0
ISR_LOITER,4569.9,58.9,26.41,183.7,188.2,186.2,188.3,1310.9,1333.1,1325.7,1321.9,15.12,47.2,17.82,58.4,178.1,182.6,1.612,1.1631,0.8303,1.2437,28.31,42.6,124.4,22022.0,-22.2,NOMINAL,0.0914,1475.8
ISR_LOITER,4553.2,59.3,26.51,194.3,183.9,190.7,196.5,1296.0,1231.8,1309.1,1303.0,16.36,45.8,17.97,53.3,182.0,172.6,2.7776,2.0615,1.3448,2.1427,28.34,42.8,125.7,21914.2,-22.0,CYLINDER_MISFIRE,0.2477,840.3
TAKEOFF,5768.9,99.5,38.61,239.5,238.1,237.8,241.8,1539.1,1538.4,1520.9,1542.8,33.32,45.7,18.3,73.3,209.5,203.7,3.471,2.6733,1.7882,2.732,26.38,41.8,80.4,1239.0,27.9,SENSOR_DRIFT,0.9907,125.3
ISR_LOITER,4611.9,59.6,26.45,197.4,197.0,196.0,193.4,1302.8,1291.3,1302.7,1316.7,15.96,45.2,18.3,58.5,178.8,173.6,1.5815,1.173,0.8476,1.2377,28.26,41.5,124.4,22035.2,-21.0,NOMINAL,0.1179,1436.8
PREFLIGHT,1115.7,15.4,15.93,139.2,96.0,139.2,135.6,654.3,403.8,663.0,660.0,6.1,46.5,17.65,45.4,129.9,132.5,2.3301,1.4891,1.1064,1.7196,28.28,40.5,0.6,488.8,29.0,CYLINDER_MISFIRE,0.9528,181.9
ISR_LOITER,4605.4,57.6,26.73,193.1,191.1,193.4,191.4,1312.2,1304.0,1305.2,1316.8,15.74,46.4,17.98,56.2,177.5,174.7,1.6733,1.1601,0.8366,1.2709,28.22,42.9,124.4,22009.2,-21.1,NOMINAL,0.0827,1437.5
PREFLIGHT,1399.6,15.5,15.77,138.0,142.6,139.1,137.2,632.6,622.8,625.8,624.3,6.31,45.5,18.02,45.6,128.5,132.7,0.5076,0.3781,0.3179,0.4089,28.5,40.4,-0.7,510.1,27.7,NOMINAL,0.0532,1482.4
TRANSIT,4908.2,69.3,29.11,206.2,203.6,204.0,203.4,1398.2,1390.7,1375.9,1394.0,19.1,46.9,17.9,61.0,191.8,185.1,1.9374,1.3223,0.9197,1.4546,28.04,44.7,136.9,18090.2,-12.1,NOMINAL,0.0088,1463.5
TRANSIT,4870.1,69.4,28.88,206.8,210.1,207.1,210.3,1371.1,1363.5,1389.8,1371.0,18.85,46.1,18.35,60.2,184.5,185.4,1.9465,1.4326,0.9433,1.4979,28.15,43.3,137.1,18023.9,-11.0,NOMINAL,0.0198,1472.6
RECOVERY,2214.5,23.8,16.98,157.6,160.5,155.7,162.0,851.3,846.1,830.9,838.5,7.36,43.5,18.22,35.4,167.1,147.7,1.5019,1.1711,0.7284,1.1772,28.35,41.1,64.9,734.7,27.1,LUBRICATION_FAILURE,0.4993,656.2
DESCENT,3833.1,33.6,20.23,166.6,170.7,171.2,166.4,1085.2,1087.6,1077.9,1096.1,11.06,42.9,17.96,54.1,164.3,157.9,1.2503,0.9155,0.5999,0.9594,28.27,41.0,113.8,8036.4,11.0,NOMINAL,0.0592,1484.6
PREFLIGHT,1210.9,16.5,16.05,143.8,114.7,139.3,146.0,644.5,481.4,668.3,645.8,5.95,46.2,17.91,47.0,128.6,137.9,1.6542,1.2788,0.8884,1.3116,28.28,43.6,-2.9,479.6,28.1,CYLINDER_MISFIRE,0.6421,585.3
TRANSIT,4880.9,67.2,29.28,202.9,204.6,202.2,198.6,1374.9,1362.1,1379.2,1364.2,18.96,44.5,17.86,59.1,186.7,182.4,1.908,1.4617,1.0122,1.5057,28.2,42.1,142.2,18011.6,-12.9,NOMINAL,0.0993,1460.0
ISR_LOITER,4608.8,59.2,26.22,191.4,192.8,193.8,190.9,1324.4,1326.3,1315.8,1336.2,16.04,45.1,18.27,57.6,181.2,176.0,1.5361,1.2693,0.8064,1.2411,28.35,40.0,125.2,21977.0,-22.9,NOMINAL,0.0486,1478.3
ISR_LOITER,4635.2,57.1,26.21,193.1,195.3,194.6,194.9,1301.6,1325.8,1323.1,1329.5,15.54,44.6,18.11,52.4,191.9,176.0,2.6294,1.9405,1.3235,2.0356,28.12,43.9,123.6,22002.8,-22.5,LUBRICATION_FAILURE,0.3235,955.8
RECOVERY,2150.7,23.2,16.96,154.1,157.1,156.1,155.5,845.9,831.5,846.7,823.7,7.02,44.8,18.0,46.7,144.4,150.7,0.7684,0.4838,0.3128,0.5545,28.51,44.2,64.1,840.5,26.3,NOMINAL,0.053,1473.1
CLIMB,5531.8,85.1,33.99,232.1,231.6,230.4,232.0,1473.3,1458.8,1475.7,1469.0,27.19,44.8,17.87,70.5,201.6,197.7,2.9359,2.1377,1.329,2.2328,28.14,43.1,108.0,12118.1,5.0,NOMINAL,0.0747,1472.8
TRANSIT,4877.8,66.3,29.12,209.0,211.2,214.7,207.1,1365.1,1392.7,1400.1,1373.8,18.83,44.6,20.3,60.6,186.0,179.8,5.6782,4.1811,2.8259,4.386,28.2,40.2,140.2,18011.9,-10.9,COMBUSTION_INSTABILITY,0.8911,254.7
TAKEOFF,5837.4,99.1,37.7,238.3,237.9,238.9,241.0,1506.1,1499.4,1507.3,1506.7,32.47,44.2,18.07,73.9,207.5,205.9,3.6768,2.674,1.8626,2.8366,28.19,40.3,82.5,1239.2,27.7,NOMINAL,0.0463,1478.1
RECOVERY,2239.1,22.7,17.47,155.8,155.3,153.0,155.0,850.7,823.8,845.7,860.1,8.04,44.4,17.89,46.9,143.9,150.3,0.9303,0.4987,0.3594,0.6438,27.92,42.0,64.0,817.9,26.7,NOMINAL,0.0082,1491.9
RECOVERY,2213.8,20.4,17.49,149.2,147.2,148.8,150.3,878.2,883.8,871.5,867.5,7.77,45.8,20.37,49.2,143.8,148.0,2.286,1.9199,1.1997,1.8575,28.41,41.0,65.6,802.7,25.4,COMBUSTION_INSTABILITY,0.9367,220.9
ISR_LOITER,4569.7,56.6,26.84,192.3,194.6,193.0,191.9,1348.0,1335.6,1332.9,1320.6,15.34,44.7,17.7,57.5,181.6,177.0,1.5726,1.3762,0.8637,1.3055,28.2,43.7,123.8,22012.7,-22.4,NOMINAL,0.0817,1456.9
RECOVERY,2169.7,22.1,17.49,152.8,151.8,149.7,155.1,878.2,869.1,856.2,885.6,7.35,44.2,20.12,48.6,144.7,141.2,2.3181,1.7789,1.1045,1.8035,28.43,43.3,65.9,749.3,26.3,COMBUSTION_INSTABILITY,0.8512,270.0
RECOVERY,2193.2,21.3,17.36,154.1,156.4,157.6,152.0,862.6,854.5,838.8,844.5,7.61,43.0,17.98,48.8,143.5,145.0,0.8159,0.7325,0.3643,0.6671,28.1,41.7,68.1,717.4,26.8,NOMINAL,0.1041,1469.0
ISR_LOITER,4588.2,57.5,25.76,192.3,196.3,191.6,188.8,1304.2,1329.4,1309.5,1316.0,16.15,45.4,17.81,55.4,180.4,175.7,1.7203,1.0505,0.8059,1.2533,28.34,41.4,121.8,21953.8,-22.0,NOMINAL,0.0486,1451.9
TAKEOFF,5830.5,97.9,38.6,240.7,240.9,239.7,233.0,1530.3,1504.7,1518.3,1500.5,33.18,45.5,17.93,74.1,211.1,205.2,3.6316,2.6771,1.738,2.7914,28.34,41.9,81.5,1225.4,27.0,NOMINAL,0.0966,1470.2
ISR_LOITER,4642.5,56.2,26.88,193.4,197.4,195.8,197.0,1312.1,1301.2,1327.5,1305.7,16.12,46.3,18.0,56.3,178.6,176.4,1.6427,1.278,0.857,1.2995,26.54,44.2,122.9,22029.7,-19.6,SENSOR_DRIFT,0.8426,336.2
PREFLIGHT,1391.9,17.2,15.94,143.3,143.5,147.9,143.4,619.7,662.3,640.8,645.1,5.56,45.3,18.0,43.6,131.3,131.6,0.5221,0.5227,0.2637,0.4529,28.13,42.1,-0.7,534.5,28.2,NOMINAL,0.0646,1474.3
CLIMB,5452.1,85.3,33.29,230.8,233.1,228.9,229.9,1480.2,1448.9,1451.5,1460.0,26.93,45.0,18.1,67.7,200.7,197.7,3.0545,2.2737,1.626,2.3905,28.3,43.6,105.0,12011.3,4.8,CYLINDER_MISFIRE,0.0408,1041.6
TRANSIT,4896.2,68.2,28.6,202.6,205.8,208.2,203.6,1365.8,1384.7,1360.5,1369.0,18.71,44.0,17.88,62.0,187.3,185.1,1.9747,1.4522,1.0358,1.5364,28.04,43.2,141.1,17988.5,-12.2,INJECTOR_CLOGGING,0.1759,775.2
PREFLIGHT,1423.1,16.8,16.34,141.4,140.1,140.6,140.3,652.7,649.1,635.2,634.6,6.34,47.7,17.97,45.5,131.8,134.2,0.6638,0.4508,0.3625,0.5084,28.06,45.5,-0.6,526.1,28.0,NOMINAL,0.0755,1448.4
CLIMB,5479.9,84.7,33.91,231.3,230.9,232.3,232.0,1465.0,1483.4,1469.2,1482.9,26.97,44.9,17.9,68.5,199.3,197.1,2.648,2.188,1.3808,2.1374,27.89,41.9,106.3,12003.7,5.4,SENSOR_DRIFT,0.294,800.2
TRANSIT,4874.8,68.9,28.56,202.4,203.7,203.2,206.4,1389.9,1380.1,1380.5,1396.5,17.89,45.7,17.78,63.7,187.1,183.1,1.903,1.3418,0.982,1.459,28.09,43.2,138.0,18012.1,-12.0,NOMINAL,0.0236,1444.7
DESCENT,3800.8,34.6,20.09,188.6,191.9,190.9,193.1,1131.2,1123.0,1110.8,1111.6,11.1,46.6,17.67,54.8,167.2,182.4,1.1132,0.8409,0.615,0.8803,28.19,41.9,114.0,8008.9,12.8,COOLING_DEGRADATION,0.3865,828.9
ISR_LOITER,4596.8,57.9,26.83,197.6,197.6,200.4,198.6,1334.0,1327.4,1348.5,1344.8,15.75,44.2,17.86,58.2,180.8,173.3,1.5004,1.2048,0.8432,1.213,27.62,41.6,122.7,21968.3,-21.1,SENSOR_DRIFT,0.3296,838.8
ISR_LOITER,4612.6,58.5,26.37,199.1,197.7,197.3,200.5,1322.4,1301.5,1316.4,1331.5,16.35,43.9,18.32,59.4,177.9,175.4,1.6382,1.1354,0.8353,1.2477,28.56,44.0,125.3,21985.9,-21.7,NOMINAL,0.0617,1469.9
ISR_LOITER,4575.6,58.6,26.54,190.5,195.3,190.3,191.0,1312.3,1311.4,1322.7,1310.0,15.72,45.5,17.92,54.7,182.7,175.5,1.6223,1.1861,0.8405,1.2577,28.34,43.6,125.5,21931.2,-21.6,NOMINAL,0.1039,1472.1
ISR_LOITER,4598.1,57.6,26.4,199.5,197.7,200.4,196.2,1332.5,1331.5,1309.0,1313.8,15.57,43.5,18.12,56.8,183.9,175.5,1.5666,1.2388,0.8429,1.2516,28.3,40.5,127.3,21982.8,-22.0,INJECTOR_CLOGGING,0.1725,1125.6
RECOVERY,2144.8,22.5,17.34,149.6,148.7,150.3,146.6,859.1,851.1,850.3,862.5,7.29,45.3,17.97,52.8,146.0,145.7,0.9402,0.6626,0.4022,0.7035,28.13,40.0,65.9,766.2,25.1,NOMINAL,0.0222,1459.4
ISR_LOITER,4605.3,58.4,26.25,191.9,195.4,193.3,192.5,1294.7,1291.7,1287.3,1307.9,14.75,45.6,18.09,50.8,193.5,174.4,2.4695,1.8514,1.2908,1.9315,28.43,44.3,123.4,22037.9,-21.5,LUBRICATION_FAILURE,0.2957,780.7
TAKEOFF,5783.8,98.5,38.51,239.7,241.7,238.6,238.6,1531.3,1552.3,1544.0,1542.1,31.95,45.2,18.16,75.1,206.6,206.5,3.6851,2.7271,1.7325,2.8295,28.24,42.6,85.4,1165.8,26.2,NOMINAL,0.043,1482.9
TRANSIT,4904.0,69.0,28.64,197.5,202.3,197.1,202.5,1386.5,1378.0,1356.8,1376.5,18.18,43.6,18.12,63.2,190.6,181.4,1.9138,1.5249,1.0548,1.5384,28.36,41.5,140.0,17991.1,-11.3,NOMINAL,0.0075,1496.2
TRANSIT,4879.5,68.4,28.69,204.8,206.3,202.1,206.2,1403.4,1402.4,1408.5,1398.4,18.97,43.9,18.29,42.3,225.3,179.1,4.6596,3.5824,2.3384,3.6521,28.35,42.4,137.1,18038.1,-12.2,LUBRICATION_FAILURE,0.8329,346.1
ISR_LOITER,4608.1,56.3,26.32,195.2,198.3,197.1,196.5,1354.3,1324.4,1315.9,1327.7,15.68,44.4,18.06,58.8,181.9,177.8,1.695,1.2514,0.848,1.3112,28.38,43.1,121.8,22024.9,-20.6,NOMINAL,0.0391,1469.9
PREFLIGHT,1379.9,15.1,16.15,133.2,130.6,135.1,134.6,652.5,657.0,654.1,643.5,6.49,46.1,17.78,46.3,129.4,136.2,0.6122,0.4397,0.327,0.4743,28.15,43.6,2.5,472.6,27.8,NOMINAL,0.0778,1441.0
CLIMB,5464.5,84.9,34.06,225.7,226.3,229.7,226.5,1458.6,1463.5,1473.1,1461.7,26.78,45.7,18.16,69.7,199.9,199.0,2.8632,2.1109,1.466,2.2213,28.3,44.8,106.8,11903.7,4.6,NOMINAL,0.072,1469.8
TAKEOFF,5759.6,99.4,38.3,242.0,242.3,238.9,236.2,1503.0,1507.4,1498.8,1528.6,33.23,42.9,17.77,72.7,207.9,205.4,3.6009,2.6976,1.8509,2.8089,28.47,42.6,82.6,1207.2,26.4,NOMINAL,0.1022,1449.3
ISR_LOITER,4610.1,58.6,26.49,200.7,201.9,197.1,199.4,1317.3,1302.4,1299.5,1304.0,15.78,45.5,17.93,60.9,182.1,175.9,1.5656,1.2042,0.8551,1.2426,26.81,43.4,124.4,21973.9,-23.4,SENSOR_DRIFT,0.8504,282.8
CLIMB,5513.2,84.6,34.07,234.9,232.0,233.5,231.7,1469.7,1481.1,1466.5,1471.7,26.57,45.8,20.05,64.7,203.3,200.0,7.8579,6.0585,4.0857,6.1953,28.17,42.2,104.4,12026.0,6.0,COMBUSTION_INSTABILITY,0.8473,230.4
CLIMB,5502.5,85.3,34.12,231.4,227.0,228.4,229.5,1454.3,1446.5,1456.9,1461.9,26.75,45.5,18.05,67.5,196.2,198.7,2.8371,2.1652,1.3832,2.2099,28.1,40.6,99.0,11979.8,7.8,NOMINAL,0.028,1477.1
CLIMB,5531.8,87.2,34.03,256.8,257.4,256.9,257.7,1446.2,1461.4,1454.4,1473.1,26.69,43.1,17.64,68.7,198.1,223.7,2.9266,2.1225,1.3745,2.233,28.02,42.7,104.7,12028.9,2.6,COOLING_DEGRADATION,0.4,686.8
ISR_LOITER,4587.9,59.4,25.83,194.7,195.5,194.8,192.1,1317.7,1316.5,1316.1,1337.6,16.33,47.2,20.56,60.7,178.3,174.3,5.0648,3.8037,2.5577,3.9438,28.23,42.6,128.5,21923.8,-23.2,COMBUSTION_INSTABILITY,0.9975,158.7
CLIMB,5439.0,84.2,33.87,228.1,227.1,226.1,228.2,1440.6,1457.9,1444.7,1442.8,27.1,42.6,18.24,69.2,198.4,195.7,2.7192,2.0154,1.3152,2.0965,27.98,38.0,104.3,11993.2,6.3,NOMINAL,0.0003,1485.1
TRANSIT,4888.8,68.2,28.82,204.4,207.2,203.4,205.3,1398.8,1384.1,1373.0,1384.5,19.47,45.0,18.16,51.9,207.5,181.8,3.2564,2.5258,1.6078,2.554,28.15,44.9,139.9,17953.8,-11.8,LUBRICATION_FAILURE,0.4204,791.1
RECOVERY,2186.2,22.8,17.54,155.9,150.4,153.5,152.8,858.3,863.3,851.5,855.8,7.54,44.0,18.09,47.5,148.7,147.0,0.6944,0.6672,0.3628,0.5941,28.02,42.6,67.7,836.9,25.4,NOMINAL,0.0639,1482.9
ISR_LOITER,4602.5,58.2,26.15,197.2,194.8,193.7,194.1,1317.2,1317.5,1327.2,1327.7,15.4,46.3,18.15,57.9,177.1,175.4,1.5717,1.2333,0.8323,1.2495,28.4,40.4,129.3,22044.8,-21.3,NOMINAL,0.0878,1437.4
ISR_LOITER,4647.9,59.2,26.82,192.8,191.5,190.4,191.5,1304.0,1322.9,1318.7,1315.9,15.73,45.3,17.95,57.5,183.6,171.8,1.4747,1.2469,0.739,1.1938,26.85,43.5,127.5,21934.6,-23.8,SENSOR_DRIFT,0.5823,515.2
CLIMB,5520.8,85.7,34.4,227.7,229.2,230.6,232.5,1456.0,1461.3,1468.5,1466.0,27.69,44.9,17.92,70.1,200.6,199.1,2.7942,2.1556,1.3567,2.1829,28.13,38.0,103.7,12046.6,5.0,NOMINAL,0.0824,1455.0
TRANSIT,4876.9,69.7,29.26,204.8,203.4,208.8,206.8,1416.0,1410.8,1418.5,1396.9,18.42,44.8,18.1,59.6,188.3,183.6,2.0767,1.5435,1.0588,1.6141,28.32,40.4,144.7,17935.0,-12.6,COMBUSTION_INSTABILITY,0.0553,1150.0
TRANSIT,4887.6,67.1,28.9,202.7,208.5,205.8,207.6,1366.6,1375.1,1392.9,1358.2,18.19,43.9,18.42,62.0,189.8,176.7,1.93,1.4034,1.0194,1.4982,28.3,41.4,143.2,18083.6,-10.5,NOMINAL,0.0947,1463.0
PREFLIGHT,1419.1,14.6,16.07,150.9,147.2,145.7,144.4,647.0,655.4,649.3,647.4,6.37,45.5,18.14,46.1,129.8,143.1,0.6001,0.4836,0.3561,0.4901,28.15,41.8,-1.6,425.2,26.8,COOLING_DEGRADATION,0.1289,920.7
CLIMB,5500.4,85.8,33.75,226.6,231.3,229.5,232.8,1436.8,1459.2,1436.9,1439.1,28.09,44.0,18.32,68.0,197.8,195.1,2.8084,2.0326,1.3852,2.1554,27.91,42.5,101.9,11997.0,3.6,NOMINAL,0.0768,1480.3
DESCENT,3830.6,32.9,19.92,169.2,168.2,173.2,171.4,1093.6,1112.5,1098.7,1097.7,10.85,44.1,17.84,52.5,168.1,157.2,1.1727,0.8902,0.6232,0.923,28.35,41.8,113.7,8028.9,10.4,NOMINAL,0.1117,1448.7
ISR_LOITER,4613.6,58.3,26.77,200.4,198.8,198.6,198.7,1280.4,1300.6,1293.0,1291.6,15.6,46.0,18.06,58.7,179.1,175.8,1.5841,1.2569,0.8348,1.2631,28.22,40.8,125.5,22012.1,-21.9,NOMINAL,0.0165,1461.6
TAKEOFF,5788.1,97.1,38.42,239.4,242.4,245.8,243.1,1522.6,1538.4,1547.3,1533.9,31.81,45.7,18.27,68.9,211.9,204.6,3.7052,2.6957,1.8172,2.8459,28.25,43.1,85.9,1155.0,26.7,NOMINAL,0.0942,1436.7
ISR_LOITER,4612.1,57.3,26.22,198.5,196.9,199.9,195.5,1328.7,1324.1,1309.9,1305.5,16.57,43.9,18.06,58.5,180.0,176.6,1.5256,1.316,0.7588,1.243,28.18,39.8,127.1,22094.4,-20.0,NOMINAL,0.0138,1471.8
PREFLIGHT,1428.4,14.7,15.64,137.4,134.6,136.6,140.7,643.7,656.2,657.1,663.5,6.29,45.5,17.97,43.6,131.8,131.5,0.6625,0.5186,0.4168,0.5421,26.6,41.2,0.1,498.9,28.8,SENSOR_DRIFT,0.827,351.4
DESCENT,3813.1,34.6,19.97,176.3,177.9,174.7,169.7,1099.3,1084.6,1072.2,1094.0,11.12,43.8,18.07,52.1,163.8,162.5,1.1179,0.9441,0.5376,0.9,28.08,42.2,117.9,8006.6,12.6,COOLING_DEGRADATION,0.0614,914.4
RECOVERY,2060.7,21.6,17.5,155.8,128.9,155.5,160.4,859.5,678.4,852.4,856.5,7.44,44.9,18.06,48.8,145.5,149.9,1.9516,1.5382,1.0573,1.5591,28.24,41.0,63.9,757.9,27.0,CYLINDER_MISFIRE,0.5675,545.1
ISR_LOITER,4560.4,58.6,26.55,197.4,197.5,197.5,197.0,1320.0,1320.1,1323.2,1329.1,16.59,45.6,18.08,41.3,215.5,172.9,3.7629,2.9759,1.8751,2.9738,28.29,40.5,127.6,21977.0,-21.9,LUBRICATION_FAILURE,0.7714,383.0
RECOVERY,2194.3,22.3,14.91,156.2,160.2,180.8,157.9,837.2,827.3,746.7,840.7,4.83,39.7,18.31,49.7,143.8,149.1,0.761,0.4895,0.3962,0.5703,28.39,41.5,66.7,766.7,26.7,INJECTOR_CLOGGING,0.7963,373.3
ISR_LOITER,4636.8,57.4,26.56,195.9,191.9,194.4,194.6,1332.4,1346.3,1346.3,1322.6,16.28,45.6,18.05,57.7,177.0,175.6,1.6246,1.3197,0.7663,1.2869,27.96,40.2,128.2,21977.6,-20.6,NOMINAL,0.0328,1455.4
PREFLIGHT,1291.0,16.3,15.95,143.9,126.9,140.0,142.3,651.8,532.6,639.0,660.6,5.74,43.5,17.95,47.8,135.1,136.0,1.3144,1.0095,0.6835,1.035,28.42,40.2,2.4,428.7,27.5,CYLINDER_MISFIRE,0.4366,825.6
ISR_LOITER,4601.0,56.5,26.67,201.1,198.3,200.3,197.5,1321.6,1345.7,1343.5,1336.1,15.78,45.6,19.16,58.7,178.2,173.4,3.2184,2.6277,1.6657,2.5844,28.38,40.4,124.6,22027.6,-20.5,COMBUSTION_INSTABILITY,0.4898,546.4
ISR_LOITER,4584.9,56.6,26.58,195.7,196.8,200.4,191.3,1310.8,1313.1,1299.2,1302.8,15.93,45.0,18.34,58.2,181.7,175.9,1.6555,1.1534,0.8101,1.2553,28.19,40.9,126.9,21899.2,-20.7,NOMINAL,0.0546,1463.2
ISR_LOITER,4610.6,58.3,26.6,190.8,193.7,195.8,193.0,1310.4,1330.3,1312.8,1317.9,16.01,44.8,18.14,59.5,181.8,177.0,1.4334,1.1297,0.7743,1.1446,28.08,40.9,126.8,22005.3,-22.1,NOMINAL,0.081,1469.0
TAKEOFF,5794.4,99.3,39.19,242.8,245.9,243.3,242.8,1507.1,1496.9,1506.8,1496.1,32.79,44.0,18.01,71.3,210.8,206.6,3.6229,2.658,1.7718,2.7887,28.55,43.4,84.6,1171.3,25.6,NOMINAL,0.0705,1467.7
TRANSIT,4926.3,68.8,29.41,207.3,207.3,206.7,204.0,1355.9,1385.1,1375.7,1387.1,18.35,45.0,18.19,64.3,187.4,180.0,1.997,1.4078,0.9257,1.5085,26.61,40.9,141.5,17933.1,-11.9,SENSOR_DRIFT,0.8498,332.1
TRANSIT,4906.2,68.9,27.41,204.8,207.5,217.4,205.2,1393.2,1422.2,1330.9,1379.8,17.08,43.4,17.51,59.1,187.2,186.2,1.902,1.3553,0.9911,1.4648,28.45,41.0,140.9,18007.8,-11.4,INJECTOR_CLOGGING,0.4141,814.4
CLIMB,5459.4,83.6,31.06,228.7,231.5,254.6,232.1,1462.1,1463.0,1360.0,1484.1,24.69,36.8,18.25,69.0,202.4,196.9,2.7665,2.0512,1.5059,2.1701,28.12,40.6,103.7,11983.7,6.6,INJECTOR_CLOGGING,0.781,362.4
TRANSIT,4906.9,69.6,29.3,206.8,208.8,210.4,210.1,1392.7,1410.9,1396.4,1404.3,18.58,44.6,18.19,63.1,188.7,180.3,1.9809,1.3774,0.9889,1.5054,28.04,40.7,140.6,18028.9,-11.8,NOMINAL,0.0523,1439.8
CLIMB,5503.5,85.2,33.95,249.5,254.2,249.2,251.5,1474.2,1472.4,1480.3,1481.4,27.21,43.7,17.77,66.2,199.5,225.2,2.7961,2.2261,1.3983,2.2157,28.22,42.9,104.4,12011.4,3.3,COOLING_DEGRADATION,0.3536,801.5
ISR_LOITER,4485.9,58.4,26.79,192.4,178.7,197.3,194.1,1293.4,1193.9,1291.6,1305.2,15.69,44.8,17.79,56.2,180.2,176.0,3.1511,2.4628,1.6703,2.5023,27.85,44.4,126.4,22047.8,-23.0,CYLINDER_MISFIRE,0.3674,841.5
TRANSIT,4883.7,68.8,28.96,203.5,202.5,201.6,203.9,1383.2,1379.1,1361.5,1371.8,18.16,47.1,18.02,39.9,227.6,181.8,5.0509,3.6333,2.5069,3.8728,28.12,42.6,141.6,17965.2,-13.4,LUBRICATION_FAILURE,0.9037,244.2
TRANSIT,4892.4,67.4,28.61,206.6,206.4,206.0,206.5,1384.3,1390.1,1399.5,1398.4,18.16,45.2,18.13,60.6,188.3,184.4,1.8804,1.3039,0.8241,1.4042,28.25,42.2,140.4,18024.5,-13.5,NOMINAL,0.0332,1458.1
TAKEOFF,5764.2,98.3,38.52,238.0,235.6,237.2,237.1,1484.7,1500.4,1487.6,1481.2,31.85,45.0,18.32,72.1,213.6,207.9,3.6413,2.7945,1.8731,2.8622,28.38,39.2,84.5,1165.3,28.2,NOMINAL,0.1087,1449.9
TRANSIT,4892.3,67.8,29.08,204.0,208.4,208.8,203.9,1382.9,1366.1,1371.2,1363.5,18.91,45.6,18.14,63.3,186.3,181.4,1.9356,1.4043,0.9535,1.4863,28.08,44.0,141.9,18061.9,-11.3,NOMINAL,0.0557,1469.5
CLIMB,5482.5,84.7,34.32,224.8,223.0,226.0,224.9,1464.1,1450.2,1457.6,1454.1,26.01,43.3,18.08,68.5,199.9,200.7,2.8408,2.1942,1.277,2.1997,28.46,41.1,105.0,12059.3,2.9,NOMINAL,0.0014,1490.8
RECOVERY,2193.7,22.9,17.7,158.1,156.7,157.4,153.7,863.0,862.1,868.4,845.6,7.93,43.9,18.47,46.7,142.7,147.4,0.8839,0.6213,0.484,0.6835,28.15,41.3,63.5,773.7,24.6,NOMINAL,0.0961,1467.1
ISR_LOITER,4605.5,57.3,24.58,193.0,193.1,213.4,194.8,1341.4,1323.6,1263.2,1337.6,13.23,40.1,17.6,60.2,177.4,174.6,1.5996,1.1423,0.8925,1.2463,28.1,41.6,123.6,21965.1,-22.1,INJECTOR_CLOGGING,0.611,424.8
TAKEOFF,5817.6,98.0,38.09,242.6,239.7,242.5,246.9,1520.0,1525.0,1515.1,1487.7,32.53,45.2,18.18,71.9,208.5,204.8,3.5726,2.7314,1.7952,2.7956,28.05,42.9,83.5,1184.2,26.5,NOMINAL,0.0707,1474.3
ISR_LOITER,4602.4,57.3,26.39,198.9,192.6,196.4,196.3,1326.1,1330.3,1324.4,1316.7,15.89,45.8,17.99,47.3,202.5,175.9,2.9454,2.4385,1.5246,2.3767,28.13,41.6,123.1,21941.6,-22.0,LUBRICATION_FAILURE,0.5111,600.7
RECOVERY,2202.9,21.5,17.55,153.1,153.1,153.8,154.4,860.6,873.3,862.1,838.7,7.07,44.7,17.85,48.6,146.0,147.0,0.8952,0.6873,0.3094,0.6756,27.99,43.6,66.7,825.1,26.0,NOMINAL,0.0571,1439.4
ISR_LOITER,4583.0,58.0,26.77,196.8,194.6,193.5,194.0,1317.2,1309.5,1339.0,1309.2,16.54,44.4,17.94,42.7,205.2,174.5,3.1695,2.3262,1.6063,2.452,28.08,42.1,125.9,22072.6,-21.2,LUBRICATION_FAILURE,0.5433,685.0
DESCENT,3802.2,35.0,20.09,174.1,170.4,173.2,173.4,1084.4,1075.6,1088.4,1064.8,11.13,43.5,18.62,53.6,165.1,162.7,1.2564,0.8302,0.5687,0.9294,28.35,40.6,115.8,8033.7,11.7,NOMINAL,0.0145,1451.2
ISR_LOITER,4599.7,58.6,22.9,198.0,200.6,224.5,197.5,1319.1,1318.8,1215.6,1334.6,13.06,38.0,17.86,56.8,180.8,174.1,1.585,1.2119,0.8032,1.2418,28.22,42.2,126.2,22132.1,-20.8,INJECTOR_CLOGGING,0.854,244.0
PREFLIGHT,1390.9,16.2,15.68,139.7,139.5,137.1,137.1,659.8,656.0,667.4,655.7,6.08,43.0,18.18,45.5,125.4,135.9,0.5729,0.5003,0.2972,0.4715,28.08,44.6,3.1,490.7,28.4,COMBUSTION_INSTABILITY,0.0038,1022.1
ISR_LOITER,4631.8,58.7,26.59,193.0,197.5,195.2,197.9,1327.2,1329.8,1331.1,1334.2,16.52,44.5,17.97,58.0,175.4,173.9,1.5608,1.3583,0.8129,1.2835,28.27,39.8,124.9,22046.8,-19.5,NOMINAL,0.0884,1458.8
ISR_LOITER,4582.4,57.2,26.27,195.5,200.5,201.5,194.3,1335.9,1321.8,1314.7,1309.6,15.62,44.4,18.03,61.2,179.0,172.2,1.5829,1.2695,0.7923,1.2576,28.3,42.3,125.1,22079.4,-23.0,CYLINDER_MISFIRE,0.0021,1031.3
CLIMB,5517.8,84.9,33.94,228.7,229.1,231.1,235.1,1469.6,1480.3,1471.6,1484.3,26.17,43.8,18.26,68.0,198.5,197.9,2.7949,2.1336,1.2962,2.1637,28.04,40.6,106.3,11999.7,6.4,NOMINAL,0.1175,1452.0
PREFLIGHT,1262.7,14.9,15.7,134.6,106.2,132.3,136.3,622.7,442.0,636.5,635.2,6.18,45.6,18.13,48.3,129.7,132.6,1.7117,1.25,0.8364,1.3155,28.2,39.6,0.5,482.0,27.7,CYLINDER_MISFIRE,0.6319,490.0
PREFLIGHT,1428.9,15.8,15.98,136.3,136.6,134.3,137.7,682.9,651.9,663.2,669.4,5.99,42.1,18.14,45.1,130.6,135.1,0.6928,0.4441,0.4085,0.5304,28.3,43.5,0.0,515.5,26.3,NOMINAL,0.1186,1449.5
DESCENT,3785.6,33.9,19.79,166.3,170.8,168.3,165.1,1114.9,1099.1,1104.6,1102.6,11.37,44.6,18.07,51.8,165.7,159.6,1.1768,0.8123,0.5997,0.8952,28.23,44.8,116.0,7963.8,11.0,NOMINAL,0.1173,1468.7
ISR_LOITER,4591.8,58.7,25.9,197.6,200.7,198.5,196.8,1302.3,1324.5,1325.1,1313.4,16.33,45.0,18.27,56.6,177.8,174.0,1.568,1.2691,0.8147,1.256,28.09,42.0,124.1,21959.8,-22.1,NOMINAL,0.0309,1490.1
CLIMB,5495.2,84.2,33.77,234.3,231.9,230.3,231.3,1475.4,1449.1,1479.5,1454.0,27.31,43.8,17.88,64.9,203.7,199.1,2.8507,2.0704,1.3535,2.1791,28.32,40.2,104.7,11937.5,5.1,NOMINAL,0.1193,1451.7
ISR_LOITER,4586.7,59.0,26.28,196.0,191.0,197.7,190.7,1311.9,1308.0,1295.4,1297.8,14.85,42.8,17.73,60.1,186.8,173.6,1.6474,1.1907,0.8221,1.2659,28.36,40.3,124.0,22060.2,-21.5,INJECTOR_CLOGGING,0.1924,1034.3
PREFLIGHT,1408.2,16.2,16.23,139.7,138.4,139.7,139.6,637.3,662.0,663.7,659.7,6.55,44.8,17.9,27.8,162.7,132.8,1.4723,1.1026,0.7647,1.1501,27.94,41.9,-2.3,542.8,29.3,LUBRICATION_FAILURE,0.7745,312.1
TRANSIT,4879.0,67.8,28.77,201.8,204.3,200.0,197.1,1392.7,1393.8,1396.0,1399.3,19.09,43.8,18.31,61.5,189.6,182.5,1.8222,1.4946,0.9272,1.4622,28.48,40.9,138.0,17966.9,-10.5,NOMINAL,0.0162,1463.5
ISR_LOITER,4560.8,57.8,26.38,200.5,196.6,192.8,193.6,1308.3,1293.6,1291.5,1309.5,16.2,46.1,19.72,57.6,180.1,177.0,3.9321,2.9778,1.9974,3.0724,28.16,41.9,125.0,22033.7,-23.8,COMBUSTION_INSTABILITY,0.6911,424.9
CLIMB,5499.0,85.1,34.09,236.7,234.4,237.6,234.8,1448.8,1492.9,1468.8,1473.6,26.57,47.6,17.84,67.4,196.9,198.7,2.7775,2.0074,1.3966,2.1365,28.21,41.6,101.4,12014.5,3.7,NOMINAL,0.0957,1437.4
ISR_LOITER,4622.2,59.3,26.26,189.1,190.1,188.6,194.0,1316.6,1320.1,1313.8,1322.8,15.74,46.0,19.25,57.1,182.8,177.1,3.6759,2.7946,1.9635,2.897,28.02,39.1,123.9,21995.8,-22.8,COMBUSTION_INSTABILITY,0.6051,592.9
PREFLIGHT,1164.7,14.5,15.78,140.1,104.8,141.9,139.8,661.5,403.8,644.8,642.2,6.09,44.6,17.95,44.1,129.8,133.8,2.0976,1.5584,1.0048,1.6164,28.19,42.8,-4.5,528.9,26.8,CYLINDER_MISFIRE,0.8808,254.3
ISR_LOITER,4588.5,58.1,25.91,195.5,194.4,195.3,195.0,1335.4,1340.3,1323.7,1330.1,15.53,45.5,18.09,57.7,181.0,175.0,1.5962,1.1472,0.8086,1.2271,28.11,43.3,123.3,22013.4,-22.3,NOMINAL,0.0193,1489.1
PREFLIGHT,1379.5,16.1,15.73,141.3,145.0,141.4,142.1,645.6,628.2,632.2,635.7,5.65,44.4,18.03,42.6,132.7,136.5,0.6486,0.5292,0.3362,0.5208,28.17,39.6,-1.4,467.4,28.6,NOMINAL,0.1175,1443.1
ISR_LOITER,4445.8,56.9,26.6,192.0,163.1,190.9,192.6,1348.4,1151.8,1357.2,1348.0,16.36,47.1,17.98,59.3,178.8,174.1,4.5251,3.2551,2.2095,3.4619,28.06,41.0,124.0,22072.4,-21.5,CYLINDER_MISFIRE,0.6248,472.4
ISR_LOITER,4600.9,57.6,26.65,203.0,206.6,201.2,202.5,1298.1,1269.8,1294.0,1283.4,16.62,44.8,17.86,59.3,181.0,176.8,1.7528,1.1649,0.886,1.3184,28.48,40.8,123.7,22002.4,-22.2,NOMINAL,0.1122,1444.2
TAKEOFF,5842.7,100.1,39.05,242.1,240.5,245.0,243.8,1529.9,1525.4,1526.0,1530.9,32.49,46.4,18.1,70.6,207.7,207.0,3.5075,2.6791,1.778,2.7472,28.01,42.5,84.8,1168.1,29.1,NOMINAL,0.0088,1474.6
ISR_LOITER,4656.4,60.2,26.29,202.1,198.6,199.7,201.6,1339.7,1328.7,1317.7,1319.5,15.06,45.9,18.04,58.4,179.9,172.7,1.625,1.2363,0.7566,1.2572,28.2,41.0,124.6,21943.2,-22.3,NOMINAL,0.0464,1481.4
CLIMB,5540.7,86.8,34.42,226.0,227.7,225.6,231.0,1465.6,1448.5,1456.1,1441.4,26.22,45.1,18.08,70.6,204.1,197.4,2.873,2.1189,1.4001,2.2139,28.19,41.8,104.8,12082.8,5.2,NOMINAL,0.0083,1477.5
ISR_LOITER,4579.1,56.5,26.89,195.0,188.7,190.5,193.7,1322.8,1330.3,1333.4,1328.7,15.62,44.1,17.78,58.9,178.7,177.4,1.7271,1.1306,0.8369,1.286,28.51,40.7,127.4,22028.1,-21.0,NOMINAL,0.0525,1466.2
ISR_LOITER,4581.1,58.5,26.2,190.6,190.5,192.4,188.3,1335.5,1324.6,1331.1,1328.7,16.03,43.6,18.23,58.4,179.1,174.7,1.629,1.2108,0.8299,1.266,28.45,40.4,126.5,21994.6,-20.9,NOMINAL,0.1138,1447.9
TRANSIT,4925.0,69.3,28.91,244.8,245.1,244.9,246.2,1371.5,1365.7,1369.8,1374.6,18.18,46.1,17.88,64.2,188.3,223.9,1.7568,1.4645,0.9548,1.4309,28.23,41.9,141.3,18041.3,-11.5,COOLING_DEGRADATION,0.6427,438.7
CLIMB,5532.9,85.5,33.61,222.8,226.9,226.2,224.6,1452.3,1458.9,1442.8,1451.7,26.89,44.6,17.95,52.6,234.5,196.7,6.3717,4.8162,3.2887,4.987,27.88,42.1,104.4,12059.9,6.0,LUBRICATION_FAILURE,0.7251,428.1
ISR_LOITER,4617.6,59.7,26.57,195.9,196.4,192.1,193.1,1321.5,1315.6,1306.0,1300.3,15.46,46.1,17.93,57.4,181.2,175.2,1.6312,1.1806,0.7817,1.2471,28.09,43.1,125.2,22014.7,-23.0,NOMINAL,0.0465,1444.9
ISR_LOITER,4617.4,58.3,26.59,186.9,191.6,189.4,186.3,1332.8,1318.7,1344.7,1328.5,15.38,45.8,17.99,35.8,222.8,177.3,4.3225,3.1714,2.1226,3.3291,28.27,41.0,127.6,21941.5,-21.0,LUBRICATION_FAILURE,0.9565,199.1
ISR_LOITER,4383.0,59.2,26.48,188.8,152.4,188.2,188.6,1341.8,1080.4,1338.6,1328.8,15.34,44.2,17.7,61.1,178.0,174.4,5.8411,4.3396,2.8633,4.5147,28.18,41.1,124.5,22019.5,-23.0,CYLINDER_MISFIRE,0.9343,163.6
ISR_LOITER,4627.0,58.8,26.57,193.2,196.7,193.1,196.6,1328.8,1316.5,1359.8,1312.3,15.01,42.5,18.55,51.4,198.7,175.9,2.7993,1.9782,1.4626,2.1516,28.4,40.2,125.7,21996.3,-22.2,LUBRICATION_FAILURE,0.4095,698.8
PREFLIGHT,1399.3,14.3,15.99,163.3,161.4,160.8,159.2,647.7,660.3,646.6,642.8,5.9,42.9,18.24,45.7,131.5,157.9,0.5356,0.431,0.275,0.4275,28.14,41.4,2.2,601.1,27.1,COOLING_DEGRADATION,0.3441,665.3
ISR_LOITER,4595.8,57.9,26.69,193.1,197.9,196.0,189.3,1270.5,1292.8,1279.8,1258.6,16.22,45.9,19.26,59.9,178.4,173.8,3.5744,2.5962,1.8273,2.7602,28.28,41.3,126.4,21920.4,-21.3,COMBUSTION_INSTABILITY,0.572,471.4
ISR_LOITER,4627.6,58.5,26.61,196.0,196.8,192.5,195.2,1343.3,1326.9,1343.4,1330.9,15.39,44.1,17.71,57.9,179.7,175.4,1.7089,1.199,0.7866,1.288,28.17,39.2,126.4,21992.5,-21.9,NOMINAL,0.0801,1439.4
RECOVERY,2195.0,22.0,17.32,156.1,155.1,152.5,157.0,832.7,834.2,845.8,848.6,7.31,45.1,18.14,49.9,145.2,148.9,0.7269,0.5093,0.4277,0.5688,28.08,40.6,66.3,792.6,26.2,NOMINAL,0.0638,1468.4
CLIMB,5494.9,85.2,33.68,233.6,236.2,235.9,238.0,1455.7,1482.0,1466.6,1477.0,27.39,44.2,17.83,65.3,196.0,196.8,2.9014,2.0701,1.3662,2.2038,28.3,40.7,108.7,11986.9,5.9,NOMINAL,0.0857,1431.5
ISR_LOITER,4595.0,58.2,26.95,189.2,195.2,194.5,192.1,1307.4,1315.1,1302.5,1286.8,15.1,43.7,18.02,44.4,204.9,172.5,3.0074,2.1879,1.5092,2.3172,28.2,43.6,125.2,22037.0,-21.0,LUBRICATION_FAILURE,0.5079,532.4
ISR_LOITER,4592.1,58.6,26.66,230.3,232.0,230.6,231.2,1340.6,1311.8,1337.4,1338.3,15.57,45.0,17.8,56.8,180.5,217.5,1.6531,1.1491,0.8388,1.2592,28.29,39.4,124.4,21992.9,-21.9,COOLING_DEGRADATION,0.5724,470.2
ISR_LOITER,4599.2,57.7,26.42,198.0,197.8,201.7,199.8,1302.3,1315.6,1301.5,1314.2,16.35,42.7,17.8,58.2,179.2,175.4,1.5933,1.0992,0.8311,1.2162,28.0,42.3,124.1,22120.1,-22.1,NOMINAL,0.0855,1436.8
TRANSIT,4875.2,67.9,28.44,206.8,207.1,203.4,204.8,1424.0,1400.6,1407.8,1420.7,18.82,44.9,18.02,62.2,185.5,181.9,1.9194,1.4197,0.8537,1.4638,28.43,40.4,140.1,18016.1,-12.5,NOMINAL,0.1181,1442.0
ISR_LOITER,4606.1,56.9,26.72,190.7,191.2,193.1,198.6,1330.6,1300.1,1312.9,1290.7,14.96,45.0,18.11,59.2,182.2,174.3,1.6058,1.2493,0.8597,1.2752,27.37,42.3,126.3,22007.4,-22.6,SENSOR_DRIFT,0.3882,878.8
ISR_LOITER,4581.0,56.8,27.12,196.0,197.7,195.7,196.7,1320.2,1313.6,1326.5,1317.0,14.95,45.4,17.65,59.4,182.9,172.1,1.6231,1.3115,0.7764,1.2855,28.29,45.6,121.6,21949.0,-21.4,NOMINAL,0.0265,1464.2
ISR_LOITER,4654.3,58.1,25.91,200.7,196.5,198.3,196.8,1298.4,1315.4,1320.1,1309.0,15.23,43.5,18.07,58.2,180.8,178.1,1.646,1.2245,0.9184,1.2977,28.16,45.6,127.8,21985.1,-21.2,NOMINAL,0.1143,1463.9
ISR_LOITER,4605.8,58.8,26.43,197.4,195.9,195.1,197.3,1324.2,1301.2,1319.1,1317.4,15.86,45.0,17.61,55.8,178.1,175.1,1.6859,1.1038,0.7664,1.2447,28.19,40.6,125.2,22032.0,-22.8,NOMINAL,0.0598,1479.4
ISR_LOITER,4608.2,59.4,26.99,193.4,192.2,195.7,193.5,1313.0,1318.9,1314.1,1315.5,15.91,44.8,18.72,60.6,178.2,178.3,2.8973,2.1164,1.4627,2.237,28.32,44.6,122.4,21993.0,-20.6,COMBUSTION_INSTABILITY,0.3608,836.5
TRANSIT,4840.0,67.6,29.6,208.6,207.6,206.2,207.1,1359.7,1366.3,1369.2,1380.9,18.28,45.0,18.29,65.8,186.3,182.3,1.7794,1.4241,0.9355,1.4224,28.39,40.2,137.4,18076.0,-12.6,NOMINAL,0.0942,1473.4
ISR_LOITER,4604.9,58.7,26.5,216.3,218.0,215.4,216.4,1331.0,1331.2,1338.3,1323.7,15.57,44.6,18.13,57.8,184.6,195.9,1.5236,1.2194,0.8769,1.2352,28.08,40.7,124.6,21967.7,-23.4,COOLING_DEGRADATION,0.3215,819.8
CLIMB,5498.2,85.2,33.67,233.6,233.9,237.4,230.5,1453.6,1479.4,1469.1,1463.2,26.81,44.7,17.96,65.8,201.9,194.0,2.7321,2.0741,1.5072,2.1632,28.18,42.5,103.2,12043.4,8.0,NOMINAL,0.0933,1462.5
ISR_LOITER,4612.3,58.7,26.2,191.8,192.5,194.2,191.3,1318.3,1335.8,1338.7,1325.4,15.55,43.7,18.14,60.9,181.9,174.8,1.6573,1.1501,0.8184,1.2569,28.04,41.8,127.2,22040.6,-21.4,NOMINAL,0.0007,1493.0
TRANSIT,4893.9,67.8,28.86,204.2,203.5,201.2,209.3,1360.3,1369.4,1371.3,1365.4,18.46,44.0,18.15,62.0,189.4,184.9,1.8775,1.4714,1.0268,1.4994,27.14,43.0,139.1,18059.9,-12.5,SENSOR_DRIFT,0.5764,507.7
ISR_LOITER,4617.6,59.1,26.15,196.3,198.5,192.1,197.2,1326.9,1313.7,1317.9,1344.4,16.05,46.0,18.19,56.0,180.5,177.2,1.5678,1.2817,0.7694,1.2507,28.22,42.6,126.5,21985.6,-21.0,NOMINAL,0.0275,1480.6
ISR_LOITER,4648.0,57.8,26.4,192.4,196.0,196.9,199.3,1299.7,1317.4,1310.6,1311.9,16.19,44.4,18.03,59.6,182.1,172.6,1.551,1.1914,0.8407,1.229,28.16,42.1,127.5,21983.1,-20.5,NOMINAL,0.0782,1471.9
ISR_LOITER,4559.9,57.8,26.36,190.9,190.0,194.0,190.2,1331.1,1333.1,1331.6,1329.5,15.52,47.9,17.77,55.8,180.6,174.8,1.6528,1.1668,0.7566,1.2471,27.43,39.6,125.7,22034.5,-21.2,SENSOR_DRIFT,0.5665,491.6
ISR_LOITER,4638.2,58.4,26.35,196.3,194.7,192.6,195.3,1341.9,1323.7,1340.6,1334.1,16.1,42.2,17.72,57.3,183.7,173.5,1.5899,1.329,0.8214,1.287,28.33,41.0,127.4,22066.6,-21.5,NOMINAL,0.0912,1465.8
ISR_LOITER,4597.9,57.7,26.9,196.4,199.6,194.8,201.1,1301.7,1314.7,1293.1,1294.0,16.21,44.6,17.75,58.8,176.8,177.9,1.6147,1.1466,0.8573,1.2459,28.37,42.0,129.6,22112.6,-21.7,NOMINAL,0.0894,1445.4
ISR_LOITER,4544.0,57.2,26.54,196.3,188.1,198.4,197.9,1292.1,1270.1,1306.0,1298.5,15.6,43.6,17.76,55.3,180.0,170.9,2.2288,1.763,1.2237,1.7864,28.03,42.9,124.4,21974.2,-21.8,CYLINDER_MISFIRE,0.1558,1164.1
TAKEOFF,5783.6,99.2,38.91,239.8,237.8,239.6,240.0,1527.0,1517.6,1505.1,1515.1,32.3,45.9,18.31,71.5,217.1,203.1,4.4822,3.303,2.1437,3.4446,28.33,41.7,81.1,1151.0,26.9,LUBRICATION_FAILURE,0.1188,856.8
ISR_LOITER,4564.1,60.6,23.22,192.7,196.5,216.6,191.8,1330.7,1295.5,1229.8,1337.4,12.21,37.8,17.67,58.0,184.5,175.5,1.5825,1.0305,0.7447,1.172,28.18,42.1,125.7,22038.4,-22.9,INJECTOR_CLOGGING,0.8337,259.6
ISR_LOITER,4601.0,57.1,26.66,193.6,186.0,190.2,187.2,1292.1,1304.3,1298.5,1295.9,15.78,45.5,17.86,57.3,178.0,172.6,1.748,1.1456,0.8499,1.3026,28.15,42.8,125.0,21910.4,-22.0,NOMINAL,0.0978,1468.3
ISR_LOITER,4620.5,58.9,25.8,198.6,196.6,194.9,194.7,1334.0,1343.3,1336.6,1345.8,15.88,42.9,17.85,57.1,178.8,175.0,1.61,1.1745,0.7664,1.2327,28.2,44.2,122.1,22056.6,-23.6,NOMINAL,0.0725,1468.3
ISR_LOITER,4609.0,59.2,26.02,193.7,192.5,193.3,191.2,1310.7,1336.2,1326.6,1316.7,15.14,46.5,18.25,57.7,178.7,174.5,1.5831,1.2462,0.7431,1.2398,28.11,41.7,125.5,22043.3,-21.7,NOMINAL,0.0741,1481.6
TRANSIT,4936.5,67.0,28.88,205.4,206.9,205.5,201.6,1393.8,1381.7,1406.8,1406.9,18.17,43.8,17.87,62.8,189.1,188.8,1.8753,1.4305,1.0466,1.4898,28.24,40.4,140.7,18035.2,-12.3,NOMINAL,0.079,1468.6
DESCENT,3819.9,35.4,19.82,168.8,164.8,161.9,165.4,1096.1,1114.8,1102.0,1086.6,11.4,45.3,17.94,50.4,168.6,159.1,1.2718,0.8722,0.634,0.9627,28.21,42.0,113.3,8026.4,13.4,NOMINAL,0.0852,1479.7
RECOVERY,2273.6,21.0,17.33,154.3,160.7,158.8,158.9,878.6,863.5,861.8,863.8,7.36,45.4,18.26,48.6,145.0,149.1,0.8624,0.6347,0.3666,0.6535,28.26,38.8,68.1,876.6,26.9,NOMINAL,0.0299,1489.9
ISR_LOITER,4557.2,57.2,26.39,196.2,178.7,195.2,197.3,1315.2,1228.1,1329.1,1315.3,15.87,44.7,18.0,60.3,181.1,172.6,2.8963,2.1698,1.4738,2.256,28.34,42.0,125.0,21888.4,-20.7,CYLINDER_MISFIRE,0.296,968.3
CLIMB,5493.9,84.2,34.41,222.7,226.3,224.7,220.1,1447.4,1455.8,1470.8,1445.2,26.53,45.4,17.99,68.7,201.4,198.6,2.8423,2.1981,1.3854,2.2233,28.02,42.5,102.4,11943.9,4.2,NOMINAL,0.0761,1457.1
DESCENT,3768.7,34.8,17.36,167.1,171.4,191.7,169.7,1092.2,1106.5,1005.5,1081.7,8.53,38.5,17.94,54.1,162.6,159.1,1.1321,0.9618,0.5486,0.9142,27.93,42.6,114.7,8052.0,12.8,INJECTOR_CLOGGING,0.8352,328.8
PREFLIGHT,1370.0,13.2,15.96,138.4,141.8,139.2,138.2,632.2,648.1,656.6,651.7,5.78,44.5,18.01,44.4,128.8,130.7,0.5385,0.4651,0.3438,0.4562,28.21,43.6,-0.2,456.1,27.5,NOMINAL,0.059,1482.2
ISR_LOITER,4612.5,57.6,26.33,193.3,196.5,188.9,192.7,1334.3,1338.9,1357.2,1321.3,15.57,44.1,17.89,54.8,182.6,177.7,1.6466,1.1197,0.8139,1.2419,28.33,42.6,124.9,22070.5,-22.7,NOMINAL,0.0368,1490.2
ISR_LOITER,4607.9,58.6,26.66,195.2,196.8,199.6,196.5,1321.6,1316.7,1336.0,1314.2,16.04,44.1,17.78,58.0,182.4,176.3,1.4331,1.244,0.7234,1.1725,27.64,42.8,124.7,22036.4,-22.3,SENSOR_DRIFT,0.3827,614.1
TAKEOFF,5803.7,98.9,38.1,240.1,241.8,242.8,241.3,1489.8,1506.8,1507.7,1491.5,32.34,44.7,18.44,72.0,213.1,206.5,3.5916,2.6612,1.839,2.7907,28.08,41.4,86.3,1188.0,26.6,NOMINAL,0.0254,1489.1
ISR_LOITER,4566.1,57.5,26.39,192.5,199.3,196.6,196.6,1316.9,1306.9,1323.8,1330.1,15.74,44.4,17.65,57.0,179.5,174.0,1.5599,1.1521,0.8827,1.2302,28.31,43.4,125.5,21933.2,-21.3,NOMINAL,0.1168,1443.7
TRANSIT,4933.7,68.5,28.51,211.3,206.3,207.3,207.2,1367.3,1378.7,1377.6,1384.4,18.79,45.2,17.84,60.8,191.3,182.2,2.0661,1.3759,1.0597,1.5583,28.06,41.3,140.9,18049.9,-11.3,NOMINAL,0.0878,1457.9
ISR_LOITER,4571.4,56.6,26.5,190.2,191.9,186.5,186.7,1342.5,1343.3,1345.5,1343.5,15.89,44.4,18.15,57.3,180.2,174.2,1.6213,1.2745,0.7825,1.2735,28.12,41.8,122.6,22033.2,-21.9,NOMINAL,0.0957,1467.3
ISR_LOITER,4599.1,57.6,26.76,194.9,195.0,194.4,197.1,1341.3,1337.0,1343.3,1333.7,16.42,44.2,17.89,54.4,176.7,173.8,1.5756,1.2432,0.7252,1.232,28.27,42.9,126.4,22051.8,-23.2,NOMINAL,0.0922,1444.1
ISR_LOITER,4462.4,57.4,25.74,190.6,163.8,192.0,191.7,1314.1,1160.7,1309.0,1324.7,15.32,44.6,18.06,55.1,179.0,176.4,4.1394,3.0208,2.0424,3.1849,28.0,42.7,125.2,21921.9,-23.6,CYLINDER_MISFIRE,0.5745,457.0
ISR_LOITER,4581.9,58.5,26.08,248.2,247.9,248.5,248.5,1334.1,1327.1,1312.7,1344.8,16.0,45.2,17.98,57.5,178.4,226.6,1.7302,1.2013,0.7194,1.2851,28.05,42.5,125.6,21962.6,-23.1,COOLING_DEGRADATION,0.8514,318.8
PREFLIGHT,1388.1,14.5,16.46,141.8,136.5,137.4,137.6,636.3,650.4,664.7,661.5,6.67,44.2,17.77,48.4,130.4,131.8,0.8048,0.4446,0.1526,0.5381,28.42,38.5,0.6,542.1,28.7,NOMINAL,0.0538,1455.7
ISR_LOITER,4638.9,57.9,26.38,192.7,195.7,192.2,192.3,1348.3,1340.9,1314.9,1327.9,14.77,44.5,17.95,57.3,182.4,175.8,1.7973,1.232,0.8276,1.3457,28.24,41.6,123.7,21988.3,-22.2,NOMINAL,0.12,1425.7
ISR_LOITER,4607.5,57.5,26.28,194.8,194.6,200.5,193.1,1301.0,1303.3,1304.4,1318.9,15.7,43.4,18.29,58.4,180.8,176.3,1.5014,1.1996,0.8411,1.2112,28.1,42.5,126.1,21927.0,-23.0,NOMINAL,0.1121,1439.7
ISR_LOITER,4542.9,59.0,26.58,192.5,191.6,191.8,193.3,1332.2,1354.0,1350.9,1338.4,15.82,44.0,17.87,56.3,179.6,175.1,1.4728,1.2413,0.7565,1.1947,28.26,43.2,127.6,22054.9,-20.3,NOMINAL,0.0092,1496.6
TAKEOFF,5560.2,97.9,38.99,242.4,197.9,237.8,241.7,1511.7,1268.7,1522.2,1523.1,31.53,45.9,17.99,72.9,211.0,205.6,12.7594,9.5702,6.3929,9.9207,28.23,41.4,86.9,1183.6,26.0,CYLINDER_MISFIRE,0.9118,215.4
ISR_LOITER,4614.9,58.6,26.69,195.6,195.8,197.3,193.6,1304.9,1285.0,1283.3,1280.9,16.22,43.7,18.13,45.8,200.4,172.0,2.9764,2.1762,1.4847,2.2948,28.17,42.8,124.9,22037.0,-21.5,LUBRICATION_FAILURE,0.4561,567.0
ISR_LOITER,4635.7,58.8,26.51,193.6,197.0,193.3,195.7,1313.3,1316.1,1305.8,1308.6,15.47,45.4,17.95,58.5,178.0,175.9,1.6135,1.2082,0.8195,1.2563,28.16,47.7,125.9,22005.3,-21.3,NOMINAL,0.0357,1450.7
CLIMB,5487.0,83.6,31.61,232.0,229.3,250.8,231.6,1471.8,1457.7,1378.7,1486.8,25.24,39.5,17.99,71.3,200.1,197.8,2.7365,2.086,1.3159,2.1269,28.28,43.9,107.5,11964.9,2.7,INJECTOR_CLOGGING,0.672,515.7
ISR_LOITER,4559.9,57.6,26.61,191.0,191.3,188.7,194.6,1314.8,1299.6,1306.6,1284.5,15.74,44.3,18.08,54.0,179.4,176.3,1.6191,1.247,0.7701,1.2609,27.78,43.6,126.5,22078.4,-21.9,NOMINAL,0.1012,1453.9
ISR_LOITER,4610.4,58.2,26.52,232.5,232.9,230.3,229.7,1337.5,1354.6,1335.0,1352.4,15.74,44.0,17.58,58.9,181.5,212.5,1.7181,1.1171,0.8354,1.2777,28.31,43.6,121.1,22053.3,-22.1,COOLING_DEGRADATION,0.6127,597.0
ISR_LOITER,4624.0,56.0,26.11,199.0,196.6,199.5,201.0,1348.9,1322.2,1334.5,1344.2,15.22,47.2,18.04,58.1,178.9,174.3,1.5404,1.1428,0.8225,1.2049,28.37,40.4,123.6,22012.8,-23.1,NOMINAL,0.0201,1482.9
ISR_LOITER,4606.1,58.5,26.33,196.7,198.0,200.6,201.8,1323.6,1311.8,1318.0,1316.7,15.74,44.7,17.81,59.5,181.7,175.0,1.7007,1.2355,0.7442,1.2874,28.15,44.2,124.3,21965.3,-21.3,NOMINAL,0.1192,1464.4
DESCENT,3793.0,35.6,19.99,164.2,165.4,168.9,170.0,1085.6,1077.9,1103.1,1103.4,11.49,43.3,18.1,52.8,166.8,160.3,1.14,0.8757,0.6589,0.913,28.26,40.0,118.4,8057.8,13.7,NOMINAL,0.0882,1448.6
TAKEOFF,5828.4,96.8,38.72,241.9,239.1,242.2,244.2,1544.8,1549.4,1542.0,1560.3,32.8,44.0,17.9,71.0,206.3,203.5,3.4582,2.756,1.8506,2.7676,28.16,42.3,87.1,1239.2,29.0,NOMINAL,0.0743,1444.0
ISR_LOITER,4617.0,58.6,26.32,188.7,191.9,190.6,191.4,1313.1,1328.6,1325.4,1321.4,15.65,46.2,18.18,57.8,182.7,174.6,1.6164,1.1655,0.7803,1.2356,28.11,43.0,125.8,21947.4,-21.4,NOMINAL,0.0971,1467.6
CLIMB,5544.8,84.6,34.55,256.0,257.6,259.0,260.0,1474.7,1455.3,1466.5,1448.9,27.4,46.6,18.21,69.6,199.8,231.2,2.7922,2.0973,1.3628,2.1643,28.24,42.6,107.0,12019.6,5.9,COOLING_DEGRADATION,0.5018,510.2
DESCENT,3794.0,33.0,18.56,167.8,172.2,182.6,169.8,1106.6,1099.6,1036.1,1107.9,10.06,43.8,17.83,51.7,167.1,158.2,1.2825,0.9634,0.6157,0.992,28.18,41.0,113.6,8015.5,9.1,INJECTOR_CLOGGING,0.3785,665.1
ISR_LOITER,4586.1,58.2,26.06,201.3,197.6,199.0,200.3,1329.7,1325.3,1332.2,1328.9,15.37,42.1,18.54,54.5,178.3,177.8,2.4682,1.989,1.3692,1.9935,27.96,44.7,124.8,22067.9,-21.7,COMBUSTION_INSTABILITY,0.2886,820.2
ISR_LOITER,4583.1,56.6,26.48,193.8,183.0,194.9,192.3,1325.1,1270.8,1317.8,1321.4,15.58,45.5,18.07,57.2,180.7,169.4,2.658,1.9971,1.2703,2.0548,28.09,41.9,123.2,21962.3,-21.7,CYLINDER_MISFIRE,0.2212,927.8
ISR_LOITER,4431.5,58.7,26.53,198.6,162.0,195.8,198.9,1317.8,1101.6,1314.9,1329.9,16.87,43.9,18.13,58.2,182.3,176.3,5.0771,3.7539,2.4492,3.9101,28.1,42.3,125.9,21980.8,-20.0,CYLINDER_MISFIRE,0.7549,359.0
ISR_LOITER,4647.7,55.8,26.63,196.0,199.5,197.2,191.7,1343.8,1331.8,1343.8,1326.6,15.38,43.5,18.21,59.2,178.8,169.7,1.688,1.0777,0.9087,1.2697,27.98,42.0,125.5,22018.2,-21.7,NOMINAL,0.0546,1473.5
TAKEOFF,5803.3,97.3,38.53,234.5,236.4,234.1,235.9,1529.3,1522.4,1527.3,1510.4,33.04,44.3,17.96,46.5,253.4,208.3,10.0808,7.5345,5.0198,7.8228,28.2,43.1,85.4,1210.8,26.1,LUBRICATION_FAILURE,0.9984,149.1
PREFLIGHT,1387.3,15.4,16.14,138.8,147.7,143.0,142.1,651.8,648.4,644.2,658.5,6.14,44.9,17.5,44.7,127.8,134.0,0.6189,0.4132,0.2762,0.4583,28.21,41.2,-2.1,413.9,28.3,NOMINAL,0.0557,1457.4
ISR_LOITER,4587.1,57.3,26.81,196.0,194.1,196.9,193.6,1309.3,1315.1,1324.6,1317.5,15.84,44.0,17.81,59.4,182.1,177.1,1.6633,1.2268,0.8216,1.2841,28.22,42.8,124.9,22028.0,-21.1,NOMINAL,0.0712,1482.8
TAKEOFF,5768.6,99.1,38.48,242.3,244.4,240.6,243.6,1538.8,1543.7,1535.9,1539.7,32.22,45.0,17.88,72.4,212.8,204.9,3.4903,2.7118,1.8353,2.7631,28.06,43.9,83.8,1162.0,25.2,NOMINAL,0.0028,1472.3
TRANSIT,4906.7,68.8,28.77,201.7,204.8,206.2,202.4,1389.2,1408.5,1368.1,1401.3,17.8,43.6,18.22,61.5,190.2,181.2,1.9105,1.554,0.9561,1.5252,28.19,42.2,139.3,17949.9,-9.9,INJECTOR_CLOGGING,0.1647,862.0
ISR_LOITER,4596.1,58.4,26.44,195.7,196.5,194.5,200.0,1328.4,1318.0,1304.8,1319.2,16.13,46.0,17.63,38.1,216.7,178.0,4.0198,2.8704,2.0234,3.0818,27.91,42.7,130.2,22068.0,-21.7,LUBRICATION_FAILURE,0.8368,312.6
TRANSIT,4883.5,67.1,29.11,205.6,202.9,205.0,206.2,1386.0,1389.0,1386.0,1382.2,18.83,46.9,18.17,61.7,187.7,181.7,1.9758,1.3934,0.8988,1.4892,28.27,42.0,143.0,17887.2,-11.8,NOMINAL,0.0357,1448.7
ISR_LOITER,4623.4,59.3,26.47,197.1,196.8,194.0,193.4,1351.6,1341.3,1327.8,1334.2,15.83,44.9,17.94,59.8,181.1,179.5,1.7028,1.2082,0.8709,1.3061,28.25,45.6,124.4,22022.7,-22.6,NOMINAL,0.0363,1450.9
ISR_LOITER,4590.5,58.2,25.76,194.4,197.6,192.6,192.8,1291.7,1304.4,1291.4,1292.3,15.71,45.4,17.82,58.5,180.2,176.1,1.5167,1.319,0.743,1.2373,28.11,42.8,125.2,22042.3,-22.3,NOMINAL,0.1178,1466.1
RECOVERY,2244.5,21.7,17.45,160.5,158.3,157.8,164.2,863.1,854.3,854.0,851.6,7.2,45.3,17.9,44.1,147.2,149.1,0.6946,0.5784,0.4526,0.5836,28.22,39.5,62.6,892.9,26.1,NOMINAL,0.0456,1488.0
CLIMB,5526.5,85.4,33.41,227.8,229.1,230.0,229.3,1470.2,1468.8,1461.2,1457.7,27.54,46.0,17.84,68.1,197.2,197.0,2.8429,2.1156,1.4058,2.2011,28.07,40.4,106.9,12084.7,5.5,NOMINAL,0.0837,1439.3
ISR_LOITER,4585.1,57.5,25.34,192.1,193.5,203.6,195.8,1313.9,1323.1,1277.3,1324.0,14.66,43.2,17.54,59.0,179.0,174.3,1.6777,1.2807,0.7672,1.2966,28.1,41.5,123.7,21928.2,-22.0,INJECTOR_CLOGGING,0.3018,905.6
ISR_LOITER,4583.5,57.7,26.54,191.2,195.8,192.7,197.4,1309.6,1308.1,1308.5,1314.7,15.45,44.2,18.12,56.5,181.1,176.7,1.6534,1.214,0.7098,1.2532,28.02,40.0,124.2,22001.6,-23.2,NOMINAL,0.0528,1441.7
ISR_LOITER,4575.0,57.2,26.85,194.7,189.9,190.0,191.8,1324.8,1317.7,1343.8,1329.5,15.48,43.4,17.99,58.7,183.7,175.2,1.5806,1.1414,0.8185,1.2208,28.35,39.3,125.1,21949.0,-23.4,NOMINAL,0.0847,1466.5
TRANSIT,4942.3,66.9,28.84,208.3,206.2,205.0,209.7,1351.9,1391.1,1383.2,1375.0,18.32,44.6,18.04,62.3,186.1,182.1,1.9207,1.407,1.062,1.5051,28.18,39.4,138.0,18035.2,-12.7,NOMINAL,0.0336,1457.7
ISR_LOITER,4604.2,57.4,25.67,199.5,194.7,196.1,197.5,1332.7,1322.8,1313.1,1333.2,15.68,45.2,18.15,60.3,180.7,180.2,1.5928,1.2176,0.7691,1.2398,28.25,42.4,127.1,22022.2,-22.5,NOMINAL,0.0001,1461.9
CLIMB,5506.4,83.9,33.65,228.4,227.6,229.4,229.2,1446.6,1462.3,1440.6,1459.9,27.06,44.5,18.23,68.8,197.8,198.7,2.829,2.1604,1.4293,2.2146,28.3,41.3,104.6,11987.4,3.4,NOMINAL,0.0474,1444.0
DESCENT,3832.2,33.9,20.0,170.4,167.4,170.6,169.9,1089.4,1106.3,1107.9,1117.4,11.02,45.0,18.05,53.0,168.5,161.0,1.2411,0.8343,0.7024,0.9539,28.13,38.0,110.4,8016.3,10.7,INJECTOR_CLOGGING,0.0241,1125.7
CLIMB,5267.0,84.3,34.26,227.8,186.1,232.5,228.8,1445.0,1185.7,1455.0,1449.8,27.38,43.3,17.98,69.5,198.7,198.9,10.1463,7.6103,5.1004,7.8926,27.92,43.8,101.2,12056.8,5.4,CYLINDER_MISFIRE,0.9374,215.6
ISR_LOITER,4406.2,57.6,26.75,196.2,162.0,193.6,197.6,1321.8,1112.3,1305.5,1324.5,15.25,44.5,18.16,58.1,179.8,173.5,4.8979,3.8014,2.5098,3.8618,28.13,41.8,125.5,22021.9,-22.0,CYLINDER_MISFIRE,0.7459,313.5
ISR_LOITER,4555.7,58.6,26.3,196.0,193.8,198.1,194.6,1296.7,1299.2,1299.3,1294.9,15.93,43.5,18.35,56.4,180.1,176.2,1.6546,1.2465,0.7204,1.2663,28.06,42.2,126.0,22062.9,-22.5,NOMINAL,0.0621,1470.8
CLIMB,5495.8,86.3,33.83,233.6,234.9,232.2,234.1,1437.8,1446.5,1438.6,1451.6,26.49,43.8,18.26,64.3,198.7,197.7,2.8282,2.0713,1.3437,2.1676,28.38,43.6,104.2,11910.5,5.3,NOMINAL,0.0679,1467.9
ISR_LOITER,4604.5,58.9,26.49,190.9,190.4,193.0,196.2,1344.7,1315.6,1324.4,1353.2,15.52,46.9,18.2,59.8,179.1,174.2,1.5272,1.2479,0.7182,1.2118,27.53,44.5,126.2,22050.1,-23.6,SENSOR_DRIFT,0.3585,870.2
TAKEOFF,5803.1,97.0,37.56,239.6,236.6,249.2,241.6,1550.4,1542.8,1512.1,1544.3,31.36,40.7,18.18,70.3,211.2,204.4,3.6178,2.6715,1.8098,2.7989,28.26,41.5,81.5,1216.9,27.4,INJECTOR_CLOGGING,0.3231,764.1
TAKEOFF,5764.2,97.5,38.59,234.0,235.8,239.2,234.5,1545.1,1550.5,1529.1,1537.5,32.58,45.5,17.84,74.8,211.0,206.6,3.6574,2.6062,1.7943,2.7922,28.2,41.6,85.4,1094.6,27.1,NOMINAL,0.0464,1472.4
ISR_LOITER,4610.6,56.8,26.39,190.8,195.3,193.0,193.5,1298.6,1280.3,1293.8,1296.7,16.51,43.9,19.18,58.0,177.7,173.7,3.1068,2.3247,1.4927,2.4003,28.25,40.4,124.6,21978.5,-21.1,COMBUSTION_INSTABILITY,0.4084,643.9
CLIMB,5511.6,84.7,33.89,234.7,239.0,232.4,234.5,1457.0,1454.5,1455.0,1445.8,27.14,42.8,18.36,70.6,199.3,200.1,2.7765,2.1006,1.366,2.1593,28.32,41.1,106.6,11997.9,5.0,NOMINAL,0.0494,1463.3
CLIMB,5548.5,83.6,33.96,226.5,231.0,231.6,226.0,1451.5,1438.3,1440.7,1427.0,27.85,46.3,17.87,68.4,199.2,199.9,2.7727,2.0883,1.3669,2.1539,28.29,45.3,104.4,11985.2,5.0,NOMINAL,0.0169,1489.9
CLIMB,5506.5,84.5,33.4,229.8,227.1,227.8,224.2,1458.8,1437.8,1443.8,1456.4,27.31,43.7,18.11,66.3,200.5,196.4,2.7188,2.1021,1.3638,2.1347,28.5,41.1,102.6,11955.1,5.0,NOMINAL,0.0613,1438.3
ISR_LOITER,4622.8,56.3,26.79,195.7,190.7,190.6,190.2,1321.4,1337.5,1313.7,1319.9,16.19,45.7,17.9,57.7,181.8,178.2,1.7361,1.2828,0.7665,1.3225,28.47,40.9,121.7,22005.6,-20.5,NOMINAL,0.0987,1429.1
ISR_LOITER,4616.6,58.5,26.54,194.3,193.9,194.1,196.2,1308.6,1309.0,1313.0,1337.4,15.36,46.3,17.94,57.9,177.4,178.8,1.6178,1.2395,0.7251,1.2489,28.1,42.6,124.7,22022.3,-19.9,NOMINAL,0.1186,1463.1
TRANSIT,4889.3,67.6,29.04,206.8,207.0,211.7,205.1,1384.9,1367.4,1381.4,1376.2,18.21,43.6,17.73,62.2,189.4,180.5,1.7378,1.4317,0.9735,1.4162,28.3,40.5,138.8,17944.5,-12.7,NOMINAL,0.0298,1493.1
DESCENT,3780.3,35.1,19.75,166.1,170.7,168.3,166.1,1094.7,1086.6,1093.6,1093.3,10.76,46.1,17.63,51.4,164.1,158.4,1.2981,0.9181,0.5296,0.9675,28.01,45.2,114.0,7960.2,13.2,NOMINAL,0.0104,1468.4
ISR_LOITER,4588.0,56.4,25.98,195.5,200.3,203.2,198.8,1301.1,1296.5,1273.5,1303.0,15.12,43.7,18.17,56.9,182.8,175.6,1.5081,1.1884,0.7307,1.1861,28.21,41.4,123.3,21911.0,-22.8,INJECTOR_CLOGGING,0.1647,770.9
DESCENT,3795.5,35.0,19.7,172.3,175.9,172.5,170.2,1124.7,1129.0,1122.8,1105.2,10.71,44.6,18.5,50.2,166.6,159.8,1.2755,0.8244,0.5875,0.9402,28.07,40.7,116.5,7944.0,12.3,NOMINAL,0.0511,1483.4
ISR_LOITER,4599.4,58.0,26.03,197.0,195.2,197.0,191.9,1315.6,1310.5,1298.2,1301.0,15.43,46.6,18.04,59.1,181.9,174.4,1.5824,1.1162,0.8098,1.2119,28.21,40.7,127.3,21961.2,-19.2,INJECTOR_CLOGGING,0.1134,1091.9
ISR_LOITER,4610.1,57.6,26.45,198.5,196.5,196.6,196.6,1304.6,1319.5,1319.8,1306.2,16.15,42.6,18.5,57.9,178.3,176.2,1.6501,1.3228,0.8891,1.3245,28.0,41.6,123.2,22037.1,-20.6,NOMINAL,0.0442,1465.8
CLIMB,5510.2,86.2,33.87,246.9,248.0,249.9,251.7,1459.8,1486.2,1459.7,1473.4,26.8,43.8,18.24,67.9,202.6,217.3,2.8329,2.1331,1.4544,2.2129,28.34,41.4,105.8,12075.0,5.0,COOLING_DEGRADATION,0.2732,959.1
CLIMB,5487.6,84.7,34.35,233.2,230.3,233.1,229.8,1479.8,1469.3,1483.1,1480.2,27.21,43.4,17.6,66.3,201.0,199.3,2.8903,2.0757,1.4104,2.21,27.67,44.1,103.6,12058.9,4.7,SENSOR_DRIFT,0.2363,902.1
TRANSIT,4954.2,69.0,29.15,207.1,205.6,205.8,207.5,1374.9,1372.3,1386.4,1363.9,17.84,44.0,18.03,63.0,186.5,189.4,1.9146,1.4341,0.8855,1.4727,27.98,39.3,142.7,18060.6,-12.0,NOMINAL,0.0708,1444.5
ISR_LOITER,4569.6,57.6,26.41,197.6,195.8,196.1,198.7,1280.5,1295.3,1298.3,1299.3,16.08,45.7,18.14,56.7,182.7,172.6,1.6296,1.1591,0.7141,1.226,28.11,41.8,127.8,22091.0,-22.1,NOMINAL,0.0376,1473.4
ISR_LOITER,4584.8,56.8,26.8,243.0,238.0,243.9,246.8,1315.8,1314.3,1315.1,1316.9,15.51,43.7,17.93,58.2,178.0,223.0,1.5648,1.12,0.8336,1.2108,27.68,40.2,127.8,21988.9,-21.8,COOLING_DEGRADATION,0.78,393.9
ISR_LOITER,4596.8,58.7,25.92,193.5,193.2,194.9,196.3,1318.4,1310.4,1320.1,1321.3,15.94,46.3,17.53,58.0,180.6,172.0,1.6177,1.2549,0.7888,1.2667,28.3,43.5,127.7,22058.1,-20.6,NOMINAL,0.0335,1481.4
TAKEOFF,5738.2,96.9,38.87,238.7,240.7,234.1,238.9,1528.1,1516.2,1534.4,1510.8,32.93,42.4,17.93,71.8,210.4,201.3,4.0422,3.0143,2.0745,3.1479,28.31,40.9,82.9,1179.0,29.2,COMBUSTION_INSTABILITY,0.0453,883.5
CLIMB,5501.2,83.8,34.16,267.1,265.2,262.6,264.2,1479.9,1490.0,1459.3,1458.6,26.37,44.1,18.19,70.0,195.8,229.4,2.6886,2.0479,1.3889,2.1096,28.14,42.8,101.1,11974.0,6.4,COOLING_DEGRADATION,0.5202,718.5
TRANSIT,4935.1,69.7,29.12,208.1,202.0,206.7,198.2,1387.8,1388.6,1385.8,1386.5,18.71,45.7,20.12,61.6,185.3,183.5,5.6667,4.2766,2.7402,4.3935,27.94,42.6,137.7,18028.6,-14.2,COMBUSTION_INSTABILITY,0.8762,237.3
ISR_LOITER,4385.9,58.5,26.74,187.6,143.7,187.0,189.9,1297.0,1041.1,1312.2,1313.3,15.41,47.6,18.2,61.3,181.3,176.5,5.9242,4.5372,2.9906,4.6414,28.17,44.8,122.4,21963.4,-19.2,CYLINDER_MISFIRE,0.9653,164.2
ISR_LOITER,4625.5,57.0,26.33,206.6,201.4,202.1,203.1,1348.6,1336.4,1358.6,1344.8,16.4,44.1,17.92,58.4,179.1,177.1,1.6854,1.1857,0.8329,1.2832,28.51,43.6,126.3,22064.8,-20.3,NOMINAL,0.013,1451.8
ISR_LOITER,4637.9,57.7,26.48,197.2,195.1,194.1,198.0,1300.0,1304.8,1300.3,1296.5,15.85,43.4,17.98,61.0,177.6,177.9,1.7669,1.1529,0.8164,1.3061,28.01,39.8,125.3,22020.5,-22.6,NOMINAL,0.0251,1478.2
CLIMB,5516.1,84.6,31.1,232.9,233.6,251.6,235.0,1500.5,1489.1,1413.5,1475.8,24.12,40.9,18.03,66.7,203.7,196.8,2.7104,2.1361,1.3349,2.1363,28.35,40.3,105.5,12015.8,5.3,INJECTOR_CLOGGING,0.7361,321.8
ISR_LOITER,4567.8,57.8,26.15,219.0,223.0,223.5,224.7,1309.6,1311.0,1304.5,1326.2,15.46,44.6,18.33,57.4,179.8,205.5,1.6934,1.2085,0.7558,1.2779,28.14,42.8,124.4,21976.6,-22.9,COOLING_DEGRADATION,0.4567,663.4
TRANSIT,4865.9,68.0,29.45,205.2,206.9,205.2,209.7,1384.9,1378.3,1397.8,1380.5,18.26,43.6,18.1,61.3,186.4,180.9,1.8709,1.475,0.9742,1.486,27.41,42.8,139.8,18010.3,-12.7,SENSOR_DRIFT,0.4258,586.7
DESCENT,3783.6,35.2,20.05,172.0,170.5,174.8,173.7,1115.7,1110.6,1124.0,1103.8,11.22,45.9,20.56,52.5,161.8,156.5,3.689,2.7912,1.7666,2.8589,28.2,43.0,114.9,8014.8,12.6,COMBUSTION_INSTABILITY,0.9545,186.5
CLIMB,5483.5,86.1,33.65,231.0,233.0,235.4,232.2,1486.0,1490.5,1481.6,1489.5,27.38,44.9,17.79,69.7,202.8,198.7,2.7215,2.0473,1.2816,2.1008,28.11,43.6,103.6,11952.2,6.0,NOMINAL,0.0108,1457.5
CLIMB,5528.8,83.2,34.11,229.5,229.3,228.0,230.5,1449.0,1450.6,1437.3,1450.7,26.93,44.0,18.11,64.8,199.0,198.6,2.9679,2.0181,1.4044,2.2251,28.28,42.1,102.5,11975.8,2.6,NOMINAL,0.0151,1486.7
ISR_LOITER,4581.3,58.2,26.58,197.4,194.8,200.5,195.7,1324.1,1324.2,1320.9,1314.5,15.65,44.9,17.62,58.0,183.0,174.5,1.5974,1.1386,0.8093,1.2251,28.08,43.3,127.3,22068.0,-23.4,NOMINAL,0.0893,1466.6
DESCENT,3818.1,36.2,20.12,172.7,174.3,176.5,175.0,1075.3,1102.6,1081.8,1075.6,10.89,43.4,17.55,51.8,161.9,160.6,1.2787,0.9226,0.6022,0.9745,27.97,43.3,118.9,8070.4,10.7,NOMINAL,0.0218,1493.7
ISR_LOITER,4654.1,58.1,26.37,194.5,197.9,196.3,200.1,1306.9,1291.8,1288.4,1314.3,15.38,43.6,17.9,59.5,179.3,173.3,1.697,1.2625,0.8834,1.3234,28.4,43.6,123.5,22033.0,-20.8,NOMINAL,0.0025,1452.3
CLIMB,5546.4,84.1,34.29,226.2,227.7,228.9,228.5,1468.7,1447.5,1460.1,1456.6,26.61,44.1,17.82,68.5,200.8,199.8,2.8262,2.1095,1.4039,2.1916,28.3,38.8,104.9,12015.9,6.8,NOMINAL,0.0784,1435.7
CLIMB,5443.2,83.6,33.95,227.9,229.0,227.9,227.9,1455.1,1432.7,1452.3,1450.3,27.0,44.3,17.96,68.6,203.2,194.6,2.8457,2.1731,1.3365,2.2066,28.17,42.4,109.0,12108.7,3.7,NOMINAL,0.0379,1490.4
TAKEOFF,5792.4,98.2,38.67,238.6,237.5,236.6,237.5,1520.2,1515.7,1514.2,1506.4,32.48,44.7,18.22,73.0,211.7,202.7,5.2095,3.9973,2.6679,4.0921,28.31,44.1,82.9,1195.9,26.0,COMBUSTION_INSTABILITY,0.2148,791.5
PREFLIGHT,1436.0,16.1,15.98,134.3,131.7,135.2,131.6,663.0,657.1,640.1,651.1,6.26,45.4,18.21,46.7,129.5,136.1,0.7286,0.3889,0.2696,0.5016,27.95,41.1,0.4,394.2,28.4,NOMINAL,0.0181,1488.7
ISR_LOITER,4588.2,57.6,24.14,198.8,199.8,212.4,201.9,1334.0,1321.9,1283.2,1344.7,14.61,41.6,17.83,59.0,180.8,174.9,1.6559,1.2052,0.8274,1.2753,28.36,40.0,123.0,21954.4,-20.1,INJECTOR_CLOGGING,0.485,721.9
TRANSIT,4849.0,67.9,29.27,202.6,202.0,203.2,202.1,1365.0,1358.1,1369.9,1353.8,18.6,45.0,18.08,62.8,189.3,183.7,1.9434,1.4429,0.9167,1.4943,28.33,41.0,139.4,17956.9,-12.9,NOMINAL,0.0843,1476.1
ISR_LOITER,4592.1,57.5,27.19,194.6,196.3,196.5,196.0,1335.6,1304.4,1317.6,1328.6,15.44,43.1,19.32,59.6,178.3,174.3,3.6364,2.6673,1.7793,2.799,28.1,41.1,122.7,21987.1,-20.9,COMBUSTION_INSTABILITY,0.5689,586.9
ISR_LOITER,4657.6,58.2,24.38,197.2,194.8,215.0,194.3,1315.5,1323.7,1260.4,1292.9,13.39,40.1,18.18,59.8,181.3,176.1,1.7889,1.1713,0.7611,1.3104,28.02,42.6,124.6,22041.2,-22.5,INJECTOR_CLOGGING,0.5207,564.0
PREFLIGHT,1415.7,14.9,16.17,137.0,135.8,135.7,139.8,664.7,675.9,681.8,678.5,5.97,46.0,18.03,42.4,132.4,133.8,0.586,0.4686,0.2734,0.461,28.31,40.3,-1.1,561.3,28.0,NOMINAL,0.0588,1460.4
TAKEOFF,5841.4,99.8,38.54,241.2,240.3,239.9,242.2,1531.6,1510.7,1529.1,1531.8,32.61,45.7,17.94,70.2,213.8,202.3,3.7345,2.6961,1.8624,2.8684,28.2,43.4,85.9,1166.5,27.1,NOMINAL,0.0675,1455.0
RECOVERY,2196.4,22.3,17.19,151.5,149.1,152.3,152.4,852.4,851.0,838.2,838.0,7.66,44.0,17.85,46.6,152.4,147.2,1.0719,0.6763,0.4821,0.7829,28.34,43.5,65.7,788.5,26.8,LUBRICATION_FAILURE,0.0749,913.5
TRANSIT,4935.2,68.5,28.78,201.4,203.9,203.2,203.8,1422.6,1413.5,1411.9,1401.5,18.23,47.9,17.99,61.8,188.6,182.4,2.0274,1.4574,0.8845,1.5293,28.1,42.0,142.1,17924.0,-11.5,NOMINAL,0.1115,1451.8
DESCENT,3818.3,35.9,19.98,171.4,167.9,171.9,171.9,1097.4,1100.4,1091.8,1088.8,11.28,45.2,17.93,50.1,165.9,159.3,1.1401,0.9766,0.5512,0.9233,28.28,39.8,112.1,8024.1,11.7,NOMINAL,0.0905,1445.7
CLIMB,5509.3,82.9,34.29,225.2,226.7,227.0,223.5,1425.4,1431.9,1432.5,1447.1,26.83,45.9,18.22,68.8,193.9,197.4,2.7867,2.0967,1.2959,2.148,28.09,40.0,103.1,11987.1,4.3,NOMINAL,0.0022,1496.1
ISR_LOITER,4578.7,56.4,26.19,191.2,195.4,194.6,192.8,1313.0,1303.9,1323.2,1335.3,15.54,46.5,17.83,57.2,182.9,174.8,1.655,1.1838,0.7099,1.2442,28.55,41.7,125.3,21963.4,-21.2,NOMINAL,0.0844,1467.0
ISR_LOITER,4630.0,58.6,26.72,192.8,190.9,191.9,191.9,1295.8,1310.6,1295.1,1323.6,16.2,46.4,17.86,58.3,177.9,175.4,1.4586,1.2637,0.7678,1.1992,27.2,42.7,123.9,21960.1,-22.1,SENSOR_DRIFT,0.5784,649.9
ISR_LOITER,4620.1,58.8,26.44,196.9,194.0,196.9,195.2,1314.3,1321.2,1310.5,1308.2,16.04,46.0,20.31,58.1,178.8,175.3,5.0171,3.7045,2.4255,3.8634,28.18,41.4,122.2,21975.9,-21.3,COMBUSTION_INSTABILITY,0.9257,250.0
ISR_LOITER,4572.0,58.8,26.12,196.1,195.4,197.7,200.0,1345.8,1331.6,1323.5,1330.0,15.12,44.3,18.09,57.4,178.8,174.9,1.5785,1.2453,0.7337,1.2357,28.28,41.9,125.9,21930.5,-21.1,NOMINAL,0.0147,1476.4
ISR_LOITER,4613.6,57.2,26.93,196.2,195.8,192.1,192.4,1322.4,1318.6,1296.4,1310.0,15.51,46.3,18.09,56.3,180.2,174.9,1.5969,1.1694,0.8012,1.2328,28.07,40.2,122.5,21947.5,-21.6,NOMINAL,0.0523,1449.9
ISR_LOITER,4601.2,58.3,26.74,195.5,197.3,199.5,197.1,1317.3,1329.5,1307.5,1317.7,15.41,44.9,18.25,59.0,176.3,173.8,1.4801,1.2635,0.7709,1.2085,27.55,42.2,125.4,21855.4,-21.6,SENSOR_DRIFT,0.3648,793.3
DESCENT,3786.3,33.9,20.27,172.1,172.5,169.1,173.8,1101.1,1101.4,1098.5,1078.0,11.43,43.8,18.02,50.8,164.3,159.2,1.1325,0.8864,0.576,0.8945,28.04,43.8,113.4,8028.1,12.7,NOMINAL,0.0912,1464.0
TRANSIT,4913.2,67.8,29.14,204.2,204.0,204.9,207.5,1387.4,1403.8,1385.2,1393.8,18.18,44.6,17.86,63.0,187.0,183.1,1.8579,1.4247,1.0229,1.4751,28.09,40.9,139.5,17999.1,-11.4,NOMINAL,0.0149,1488.9
ISR_LOITER,4601.1,58.3,26.6,197.0,198.4,194.9,193.4,1305.0,1309.7,1326.8,1336.4,15.44,44.9,20.05,58.7,180.6,173.2,4.5793,3.4632,2.376,3.5875,28.1,39.7,127.6,22024.9,-23.2,COMBUSTION_INSTABILITY,0.8605,315.4
ISR_LOITER,4613.9,58.3,26.56,229.0,231.2,229.9,229.5,1327.5,1327.5,1333.7,1340.7,16.0,44.1,17.68,59.1,185.4,208.3,1.5629,1.2492,0.757,1.2351,28.42,42.6,124.9,21961.3,-21.1,COOLING_DEGRADATION,0.5215,659.3
DESCENT,3788.9,36.3,20.05,179.6,178.6,181.1,178.6,1098.9,1102.0,1104.7,1129.2,11.32,44.2,18.22,52.3,167.6,163.8,1.0807,0.7575,0.6996,0.8624,28.1,39.5,114.0,7951.6,11.2,NOMINAL,0.0865,1463.3
DESCENT,3778.7,34.8,19.94,173.9,169.3,174.3,175.1,1091.6,1085.7,1083.2,1093.7,11.69,44.5,18.22,50.3,164.3,159.9,1.2173,0.88,0.6623,0.9478,28.39,41.7,114.0,7970.0,13.0,NOMINAL,0.0288,1474.9
ISR_LOITER,4583.4,58.7,26.09,190.4,194.2,193.2,190.0,1323.2,1325.2,1323.1,1326.3,15.9,45.9,18.77,55.9,177.7,173.4,3.1128,2.165,1.4494,2.3436,28.16,41.5,128.6,21913.7,-19.8,COMBUSTION_INSTABILITY,0.3838,861.4
ISR_LOITER,4576.4,56.6,27.28,202.2,203.1,202.1,200.3,1327.6,1314.2,1298.1,1303.5,15.37,44.9,17.97,59.1,181.5,175.8,1.6289,1.2626,0.7887,1.274,26.92,45.2,123.2,22034.8,-22.3,SENSOR_DRIFT,0.5106,527.2
TAKEOFF,5835.0,97.0,38.29,239.0,239.6,238.8,240.4,1536.1,1541.8,1530.1,1530.0,33.21,46.4,18.1,69.9,206.6,206.2,3.6523,2.6566,1.8177,2.8108,28.06,42.9,86.2,1229.6,27.3,NOMINAL,0.1069,1465.1
TAKEOFF,5606.6,98.1,38.7,244.1,205.4,243.5,244.5,1497.9,1271.4,1505.9,1505.2,32.44,47.0,18.24,71.1,211.7,204.9,11.916,8.8576,5.8782,9.2196,28.31,42.0,86.0,1279.7,26.8,CYLINDER_MISFIRE,0.8223,311.2
TRANSIT,4894.3,67.8,28.75,217.6,217.6,219.8,217.8,1377.2,1390.0,1401.0,1397.8,18.46,46.5,18.35,62.7,187.3,199.8,2.0215,1.4402,1.0111,1.5474,28.08,38.9,138.1,18010.3,-12.1,COOLING_DEGRADATION,0.2259,999.4
PREFLIGHT,1424.0,13.5,15.56,141.7,142.3,141.0,143.4,612.2,651.1,629.5,631.1,7.28,43.4,19.73,47.1,126.9,136.0,1.5751,1.1207,0.8381,1.2165,28.28,42.0,4.1,461.4,28.9,COMBUSTION_INSTABILITY,0.7754,332.9
TRANSIT,4908.2,67.9,29.2,208.5,205.0,204.0,205.9,1365.4,1365.4,1381.2,1373.3,18.26,46.1,18.11,61.9,188.2,181.2,1.9679,1.4726,0.9995,1.5319,28.34,42.1,138.6,17991.6,-11.9,NOMINAL,0.0303,1492.6
TRANSIT,4940.9,67.9,27.87,207.5,205.1,216.5,207.6,1378.9,1401.0,1323.0,1368.8,17.55,41.7,17.87,61.1,187.6,184.1,1.9345,1.375,1.0417,1.4965,28.06,40.9,142.3,18074.9,-11.6,INJECTOR_CLOGGING,0.4122,616.9
DESCENT,3767.7,37.5,20.09,176.0,171.4,170.7,173.0,1104.4,1116.8,1111.7,1107.5,10.93,44.2,17.82,51.8,161.2,162.7,1.118,0.8311,0.5797,0.8712,28.0,43.0,113.1,8025.1,12.9,NOMINAL,0.0627,1440.3
TAKEOFF,5779.9,96.9,38.37,238.9,240.5,240.3,234.9,1509.7,1515.8,1497.7,1486.1,32.19,44.0,18.24,70.4,209.3,208.4,3.6129,2.7117,1.7949,2.8064,28.35,42.6,88.7,1298.1,27.3,NOMINAL,0.0303,1490.2
ISR_LOITER,4599.1,57.3,26.74,197.5,199.6,195.8,193.7,1324.7,1323.8,1326.1,1306.5,15.2,45.3,18.04,57.5,182.9,175.0,1.6985,1.2527,0.7455,1.2923,28.07,40.1,125.9,22004.9,-20.6,NOMINAL,0.0633,1474.4
ISR_LOITER,4588.4,55.9,26.59,203.8,203.3,204.1,203.1,1327.7,1313.8,1314.3,1308.6,15.79,43.7,18.5,57.4,176.1,172.7,1.8998,1.4559,0.9622,1.4894,28.08,41.1,123.6,22028.3,-21.9,COMBUSTION_INSTABILITY,0.0821,935.1
CLIMB,5488.8,85.0,34.4,229.7,234.0,232.2,232.5,1463.4,1455.5,1467.9,1441.3,27.62,45.9,18.83,66.9,201.9,200.3,4.5415,3.408,2.2473,3.5256,28.28,41.9,109.2,11923.3,4.1,COMBUSTION_INSTABILITY,0.2919,985.7
ISR_LOITER,4608.8,58.1,26.81,194.7,196.5,192.1,193.8,1310.9,1320.2,1298.3,1311.2,15.57,44.6,17.49,61.0,175.0,176.0,1.4965,1.1253,0.8069,1.1771,28.3,40.4,122.8,21935.3,-21.8,NOMINAL,0.1139,1457.3
ISR_LOITER,4573.8,58.1,23.92,196.1,199.4,212.7,197.2,1310.4,1314.2,1258.1,1318.4,14.04,41.5,18.33,56.3,179.0,177.9,1.7594,1.1843,0.8136,1.3115,28.25,42.4,125.5,22068.2,-23.8,INJECTOR_CLOGGING,0.5847,634.8
DESCENT,3787.6,35.3,20.33,191.4,188.7,187.8,185.3,1093.3,1103.4,1103.6,1105.6,11.93,45.9,18.16,54.7,164.3,172.6,1.2978,0.9291,0.5978,0.984,28.19,41.7,114.8,7999.9,11.7,COOLING_DEGRADATION,0.2096,828.6
TRANSIT,4913.9,68.5,29.17,204.3,203.7,204.7,203.7,1392.1,1359.7,1379.3,1361.7,18.07,44.3,18.27,63.7,188.1,182.1,1.983,1.4929,0.9213,1.5286,28.3,40.6,139.2,18029.7,-12.7,NOMINAL,0.0789,1469.2
ISR_LOITER,4579.5,59.4,26.29,199.1,196.8,196.4,195.4,1315.6,1340.9,1340.0,1338.0,14.66,44.8,18.13,59.9,180.6,175.4,1.5457,1.2227,0.7882,1.2255,28.09,40.3,123.1,22016.2,-23.4,NOMINAL,0.0814,1438.9
PREFLIGHT,1392.6,15.4,16.16,138.8,140.7,137.0,142.9,671.8,635.2,669.2,651.7,6.77,46.2,17.78,45.9,128.6,136.1,0.6037,0.4062,0.2332,0.4411,28.23,42.7,-0.3,461.3,27.5,NOMINAL,0.0758,1433.3
ISR_LOITER,4546.0,59.0,25.67,196.8,195.8,205.3,193.1,1340.5,1316.2,1296.4,1341.8,15.95,43.4,17.73,59.3,179.9,172.9,1.6175,1.1214,0.8098,1.2288,28.06,39.0,121.7,21969.6,-21.5,INJECTOR_CLOGGING,0.2316,739.6
TRANSIT,4931.4,69.4,28.55,204.1,207.1,204.6,206.1,1394.8,1357.0,1367.9,1378.4,18.61,46.3,17.92,62.3,186.5,184.1,1.9034,1.5092,1.0206,1.5212,28.01,44.3,141.9,17992.2,-11.2,NOMINAL,0.1175,1425.5
CLIMB,5487.3,86.4,34.03,233.2,234.4,233.3,233.8,1444.8,1455.5,1444.9,1452.2,26.8,44.8,19.39,68.0,199.8,195.0,7.1244,5.3724,3.5643,5.5475,28.32,41.2,104.6,12003.7,5.1,COMBUSTION_INSTABILITY,0.6976,474.7
CLIMB,5441.3,84.2,33.93,233.0,229.8,228.1,231.1,1440.9,1444.5,1458.0,1438.5,27.46,44.6,19.73,68.5,199.3,196.0,7.053,5.3299,3.5397,5.4979,28.29,41.3,106.4,12017.9,5.9,COMBUSTION_INSTABILITY,0.6845,409.7
RECOVERY,2187.9,22.7,17.12,161.0,155.3,151.8,151.3,824.2,830.2,833.1,831.9,7.31,46.0,19.4,49.1,142.9,147.2,1.736,1.3848,0.8965,1.3826,28.47,41.0,62.9,814.8,25.8,COMBUSTION_INSTABILITY,0.5744,455.0
ISR_LOITER,4612.6,56.5,26.86,197.9,197.6,199.8,196.9,1342.6,1307.4,1326.7,1320.6,16.3,46.3,18.11,60.9,180.0,176.3,1.4722,1.1808,0.8055,1.1847,28.06,42.4,121.1,22025.0,-22.4,NOMINAL,0.0111,1447.5
ISR_LOITER,4580.3,58.7,26.94,199.0,197.2,199.9,198.1,1295.5,1307.8,1302.0,1302.5,15.67,45.3,18.18,36.3,221.7,171.6,4.0472,3.2085,2.0,3.1976,28.39,42.0,124.9,22046.8,-21.2,LUBRICATION_FAILURE,0.873,286.3
PREFLIGHT,1433.3,14.7,15.67,136.8,142.7,140.8,139.1,651.3,642.8,650.0,661.9,6.36,44.4,17.79,43.9,131.6,134.9,0.6448,0.4332,0.2533,0.4717,28.29,40.8,-0.8,438.8,27.1,NOMINAL,0.0184,1459.0
TRANSIT,4927.3,69.1,28.89,205.3,207.4,206.7,203.3,1395.9,1385.5,1403.1,1385.0,18.63,45.1,19.47,61.5,188.7,184.0,4.9296,3.7504,2.4909,3.8545,28.29,42.9,139.5,17950.5,-10.4,COMBUSTION_INSTABILITY,0.7244,481.4
ISR_LOITER,4619.2,57.7,26.9,197.5,195.0,193.1,195.2,1318.9,1310.6,1332.5,1321.9,14.61,45.3,18.05,60.9,180.0,177.1,1.6517,1.1646,0.8174,1.2587,28.18,41.0,124.0,21967.4,-22.0,NOMINAL,0.0803,1480.1
ISR_LOITER,4594.8,56.1,26.2,195.4,192.2,197.4,194.1,1328.7,1339.3,1349.9,1328.7,15.39,47.2,18.06,57.3,179.8,175.6,1.5845,1.281,0.8049,1.2649,28.3,42.1,124.9,22044.6,-21.1,NOMINAL,0.0011,1466.0
ISR_LOITER,4559.2,59.2,26.17,194.1,194.6,195.2,197.0,1301.8,1289.6,1292.3,1293.5,15.88,47.8,17.99,55.7,188.0,172.7,2.0627,1.5522,1.0579,1.6107,28.26,41.0,126.6,22052.4,-22.3,LUBRICATION_FAILURE,0.1833,889.7
ISR_LOITER,4589.5,60.2,26.47,193.3,195.1,190.8,192.7,1331.5,1322.8,1347.7,1335.7,15.4,43.3,18.04,58.1,179.0,173.7,1.6613,1.0511,0.8315,1.2324,28.27,40.2,121.1,22029.4,-23.2,NOMINAL,0.0482,1462.6
ISR_LOITER,4639.3,56.3,26.41,194.4,193.9,195.2,192.7,1318.4,1312.4,1318.3,1311.6,16.51,42.1,18.13,59.3,177.5,178.6,1.6018,1.1925,0.8186,1.246,28.33,42.2,125.2,22041.9,-21.0,NOMINAL,0.0352,1443.9
DESCENT,3808.4,33.5,19.69,177.7,179.8,179.5,178.4,1104.1,1084.0,1079.3,1111.7,10.75,43.2,17.93,52.0,164.0,165.2,1.0863,0.9428,0.5235,0.8837,28.2,42.4,116.3,8011.4,10.9,COOLING_DEGRADATION,0.0864,949.2
ISR_LOITER,4588.6,58.4,26.27,193.2,192.8,194.8,192.8,1328.6,1330.8,1326.5,1322.2,15.82,43.7,18.17,60.1,179.3,174.9,1.5559,1.1955,0.7474,1.2123,28.16,42.6,125.7,22012.5,-24.4,CYLINDER_MISFIRE,0.0046,1323.7
ISR_LOITER,4599.8,59.1,26.47,197.4,197.8,194.8,193.3,1303.5,1298.0,1314.0,1303.1,16.09,43.1,18.19,56.9,180.6,170.8,2.0783,1.5534,1.0682,1.62,28.21,40.6,120.5,21961.5,-23.3,COMBUSTION_INSTABILITY,0.1421,1139.8
PREFLIGHT,1369.8,13.7,15.44,154.0,153.4,154.2,155.1,637.9,656.7,644.8,656.5,6.31,43.5,17.61,46.6,128.2,151.2,0.5518,0.5305,0.2963,0.4739,27.99,41.6,2.2,456.5,26.4,COOLING_DEGRADATION,0.2529,984.5
PREFLIGHT,1357.5,14.1,16.07,139.0,142.9,142.5,142.0,643.1,647.6,656.9,659.6,5.78,47.1,17.97,46.4,127.5,135.4,0.4963,0.4573,0.3216,0.4316,28.27,40.8,-3.7,514.6,27.6,NOMINAL,0.0847,1438.0
DESCENT,3789.3,35.0,20.31,164.7,159.4,162.4,168.5,1080.7,1090.5,1066.6,1090.5,11.04,45.3,18.11,51.2,165.9,157.7,1.2019,0.9294,0.5715,0.9372,28.05,41.3,117.1,8045.3,12.7,NOMINAL,0.0124,1472.1
TRANSIT,4877.2,68.5,29.26,205.4,200.9,204.0,201.8,1384.5,1369.8,1362.8,1386.1,18.62,45.1,17.73,61.5,186.8,181.0,1.9183,1.4674,0.9643,1.5014,28.23,42.2,139.7,17958.5,-12.0,NOMINAL,0.0619,1481.1
ISR_LOITER,4618.7,56.9,27.37,192.2,195.2,193.2,193.2,1321.3,1322.3,1322.8,1313.3,15.43,45.1,17.89,58.3,177.8,172.1,1.4977,1.1956,0.7192,1.1818,28.49,44.9,126.8,21981.5,-22.5,NOMINAL,0.0339,1447.3
ISR_LOITER,4595.3,58.5,25.79,191.1,191.1,193.9,191.6,1321.6,1323.2,1323.6,1318.0,15.71,43.6,17.93,57.2,180.5,178.0,1.6208,1.2062,0.8117,1.2571,28.07,43.1,125.8,21997.8,-21.6,NOMINAL,0.0684,1441.6
ISR_LOITER,4608.2,56.4,25.44,197.6,191.9,208.8,200.0,1306.8,1298.2,1259.6,1318.2,14.52,38.6,18.08,59.3,181.0,176.3,1.7284,1.1873,0.8859,1.3143,28.18,43.7,124.7,22101.9,-21.4,INJECTOR_CLOGGING,0.359,662.8
ISR_LOITER,4611.0,58.7,26.81,199.3,199.5,194.5,200.1,1333.3,1312.4,1302.2,1333.0,15.88,44.5,18.06,59.8,175.9,175.3,1.6046,1.2898,0.8414,1.284,28.32,41.3,126.3,21975.7,-22.1,NOMINAL,0.0723,1435.2
ISR_LOITER,4614.3,57.0,26.23,192.9,193.8,193.4,191.2,1355.6,1332.4,1359.4,1340.5,16.52,43.7,17.91,55.6,182.1,175.5,1.7613,1.171,0.8669,1.3197,28.21,41.9,124.4,21957.7,-21.6,NOMINAL,0.0963,1466.5
ISR_LOITER,4537.2,57.7,26.85,192.1,198.0,192.4,197.2,1310.1,1320.7,1298.1,1313.8,16.36,43.4,18.74,57.9,177.9,175.5,2.5179,1.9815,1.4144,2.0221,28.17,41.9,127.8,22063.0,-22.6,COMBUSTION_INSTABILITY,0.2873,835.8
ISR_LOITER,4617.2,57.8,26.22,191.0,192.7,192.2,190.1,1275.8,1286.3,1276.8,1282.4,15.85,44.0,18.26,56.4,178.8,176.7,1.6552,1.231,0.7681,1.2708,28.29,43.2,125.9,21998.4,-21.4,NOMINAL,0.0981,1429.4
ISR_LOITER,4585.4,60.1,25.92,199.7,196.3,199.7,198.2,1339.4,1320.8,1324.7,1330.0,15.54,46.2,17.94,55.2,180.3,176.6,1.715,1.2332,0.8577,1.3163,28.27,40.6,123.4,21885.1,-22.2,NOMINAL,0.0617,1455.5
ISR_LOITER,4616.3,56.4,27.0,200.4,198.1,197.3,197.2,1312.8,1311.2,1315.8,1331.2,16.71,43.6,18.09,58.3,181.1,174.1,1.6435,1.1172,0.9691,1.2765,28.24,43.1,122.8,21965.2,-23.5,NOMINAL,0.0544,1469.3
ISR_LOITER,4595.3,57.9,26.64,193.6,189.8,191.0,192.4,1332.9,1320.3,1337.3,1345.4,16.4,45.7,18.15,57.4,178.2,174.9,1.7812,1.1681,0.8217,1.3181,28.26,41.4,128.0,22079.4,-19.3,NOMINAL,0.0247,1464.4
RECOVERY,2180.0,22.2,17.36,149.8,151.1,152.8,151.8,848.9,869.6,865.5,852.3,7.09,46.0,18.51,50.0,142.4,147.6,0.7414,0.5444,0.4568,0.5929,28.37,44.7,66.4,797.8,26.2,NOMINAL,0.0257,1458.6
ISR_LOITER,4581.5,57.6,26.41,183.9,187.2,184.9,184.9,1319.3,1344.3,1346.5,1340.4,15.91,45.2,18.22,37.2,221.2,173.1,4.1496,3.1304,1.9807,3.2116,28.07,41.9,125.8,21969.1,-21.9,LUBRICATION_FAILURE,0.858,304.9
TRANSIT,4848.3,69.5,29.17,202.3,203.7,202.2,202.4,1367.5,1351.7,1357.9,1370.0,18.61,46.0,18.03,62.0,189.3,182.4,1.8222,1.377,1.0338,1.4475,28.68,43.1,138.0,18094.9,-12.4,NOMINAL,0.0118,1473.5
RECOVERY,2204.6,21.6,17.89,155.6,154.2,151.4,152.8,864.5,860.4,849.2,857.8,7.58,45.7,18.36,44.6,147.4,148.4,0.7176,0.6099,0.4723,0.6083,28.46,40.5,63.3,735.4,26.2,NOMINAL,0.1179,1440.9
TRANSIT,4907.1,69.8,29.39,204.9,200.3,201.9,201.4,1369.6,1366.1,1362.7,1361.7,18.24,43.6,18.11,63.7,188.8,184.8,1.8328,1.3801,0.9721,1.4386,28.29,42.0,140.0,17946.7,-14.7,NOMINAL,0.0765,1442.0
ISR_LOITER,4583.5,57.6,26.8,191.2,188.2,191.5,195.5,1320.9,1325.4,1327.8,1329.7,16.42,44.0,18.0,59.1,178.6,175.1,1.6786,1.1688,0.7913,1.2662,28.03,43.4,125.3,21978.7,-22.3,NOMINAL,0.0271,1488.3
ISR_LOITER,4599.8,57.4,26.42,193.8,192.1,198.3,193.7,1353.9,1351.7,1344.7,1351.4,15.07,43.4,18.06,57.4,178.4,176.6,1.6206,1.263,0.7814,1.2691,28.2,44.3,122.4,21995.7,-22.9,NOMINAL,0.1039,1426.9
TRANSIT,4905.2,68.5,28.97,201.9,205.9,202.6,203.9,1381.3,1373.4,1387.0,1376.2,18.93,44.0,17.97,60.4,190.0,181.4,1.8554,1.4136,0.9445,1.4529,28.26,42.8,139.7,17998.0,-15.1,NOMINAL,0.064,1456.3
TRANSIT,4888.7,67.4,29.32,207.9,205.6,206.7,206.7,1363.6,1374.3,1384.1,1370.0,18.08,45.2,18.04,61.7,191.7,182.5,1.9459,1.2905,0.9019,1.4451,28.28,42.4,139.2,18022.7,-11.1,NOMINAL,0.0192,1487.8
CLIMB,5485.7,85.9,33.86,225.9,229.9,224.7,229.6,1515.1,1498.7,1501.5,1487.2,27.38,45.3,18.41,66.3,202.4,198.9,2.727,2.0835,1.32,2.1229,27.19,40.2,104.2,12004.1,3.7,SENSOR_DRIFT,0.2887,698.3
ISR_LOITER,4592.1,59.3,25.98,197.8,199.4,196.9,199.0,1358.6,1349.1,1331.3,1323.2,15.68,45.3,18.14,57.8,183.6,175.1,1.562,1.2315,0.835,1.2455,28.09,40.6,121.7,21985.6,-20.8,NOMINAL,0.0275,1447.5
RECOVERY,2183.6,21.8,16.93,199.2,204.6,200.9,199.2,863.0,872.4,865.6,860.3,7.74,45.8,17.97,47.5,143.9,192.3,0.6717,0.5542,0.3919,0.5513,28.08,42.4,65.3,924.0,25.2,COOLING_DEGRADATION,0.6664,491.2
ISR_LOITER,4599.7,57.8,26.51,195.5,197.6,195.6,195.7,1310.6,1324.4,1324.3,1309.4,15.71,43.1,17.73,57.3,177.9,176.6,1.5873,1.232,0.739,1.236,28.39,42.7,125.8,22047.3,-21.7,NOMINAL,0.0716,1449.7
CLIMB,5457.9,86.7,34.2,233.6,229.3,233.2,229.1,1470.5,1425.0,1455.9,1437.7,27.59,46.7,18.17,68.4,204.7,200.0,3.4037,2.6482,1.7857,2.6949,28.22,42.9,107.9,11990.6,4.6,CYLINDER_MISFIRE,0.0909,1021.0
CLIMB,5472.9,84.4,33.68,227.3,228.0,232.5,230.5,1468.4,1468.8,1459.1,1462.0,26.89,45.1,17.99,66.3,201.2,196.9,2.9538,2.175,1.3169,2.2502,28.16,44.4,106.3,12004.5,2.7,NOMINAL,0.0094,1455.9
TAKEOFF,5782.5,98.3,38.54,239.8,244.7,242.8,237.2,1541.4,1522.1,1517.8,1514.7,32.36,46.2,18.03,72.8,203.5,204.5,3.5158,2.6052,1.7398,2.7188,28.21,43.0,83.2,1229.5,27.8,NOMINAL,0.0418,1483.6
TAKEOFF,5808.2,98.3,38.29,242.7,243.8,242.3,240.0,1490.4,1495.6,1511.6,1504.6,32.26,45.5,17.6,71.6,207.8,202.3,3.5588,2.8483,1.8316,2.8363,28.03,43.8,82.4,1275.9,26.1,NOMINAL,0.0194,1462.2
ISR_LOITER,4598.2,57.9,24.62,203.0,198.0,211.2,201.2,1313.0,1316.9,1245.6,1315.2,14.47,43.4,17.9,58.5,182.4,175.1,1.6869,1.3499,0.8015,1.3304,28.4,42.8,126.7,22035.3,-20.9,INJECTOR_CLOGGING,0.461,546.0
ISR_LOITER,4625.0,58.4,26.06,257.2,257.7,259.4,259.1,1338.2,1336.7,1330.0,1328.8,15.97,46.7,18.05,60.0,175.9,236.4,1.6066,1.1001,0.7242,1.1994,28.27,42.2,126.6,21870.2,-20.9,COOLING_DEGRADATION,0.934,164.9
DESCENT,3835.2,36.8,19.6,166.7,169.7,173.1,168.6,1120.7,1106.1,1094.5,1102.8,10.61,45.5,17.96,51.4,162.1,159.8,1.2164,0.8178,0.6541,0.9267,28.24,40.7,114.8,8041.8,13.4,NOMINAL,0.0771,1461.9
ISR_LOITER,4639.7,59.1,26.45,197.4,197.2,201.3,200.2,1282.7,1298.3,1312.6,1314.1,15.97,45.2,17.81,59.6,177.6,171.8,1.6166,1.1734,0.8362,1.2503,28.27,44.6,125.8,22053.0,-22.9,NOMINAL,0.0454,1472.6
DESCENT,3838.6,35.0,19.76,170.4,177.8,169.6,175.8,1086.6,1101.0,1093.7,1102.1,10.65,43.2,18.15,49.3,162.7,159.8,1.0965,0.83,0.5794,0.8616,27.87,39.9,117.7,8047.8,14.3,NOMINAL,0.0379,1471.3
TRANSIT,4914.9,67.8,25.67,198.1,198.4,228.9,196.2,1387.1,1391.0,1262.9,1386.9,15.38,38.2,17.96,60.1,186.8,181.3,1.8359,1.4364,0.9571,1.4548,28.21,40.7,140.3,18064.4,-11.7,INJECTOR_CLOGGING,0.9858,151.3
DESCENT,3764.8,34.4,19.96,191.6,191.4,191.7,191.9,1103.9,1137.3,1126.4,1113.5,11.35,43.4,17.95,51.5,164.2,179.6,1.2083,0.8283,0.5412,0.9017,27.91,43.3,114.6,8037.7,15.1,COOLING_DEGRADATION,0.2765,947.3
ISR_LOITER,4577.5,58.5,27.26,195.5,195.9,193.3,196.6,1310.0,1310.3,1295.4,1313.3,15.41,44.7,17.85,59.7,178.6,177.7,1.6109,1.2252,0.8042,1.2574,28.07,42.6,124.1,22015.9,-21.4,NOMINAL,0.0149,1447.1
TAKEOFF,5823.9,98.7,38.43,241.2,239.9,243.3,240.9,1524.8,1518.6,1515.7,1509.9,33.02,44.5,18.32,70.8,213.0,205.2,3.6689,2.622,1.7347,2.7895,28.24,40.5,87.7,1218.2,26.4,NOMINAL,0.0822,1476.6
CLIMB,5477.0,86.2,34.19,225.7,225.7,223.8,229.3,1467.8,1445.0,1444.0,1460.5,26.67,46.5,17.86,64.8,199.7,196.8,2.8118,2.0791,1.4288,2.181,28.26,42.5,105.4,12000.0,3.6,NOMINAL,0.1157,1424.3
ISR_LOITER,4609.7,58.7,26.6,194.9,195.8,194.2,191.5,1325.3,1317.6,1322.4,1327.9,16.2,45.8,18.04,59.1,181.5,175.4,1.6572,1.2015,0.8716,1.2845,27.96,40.6,125.4,21957.6,-22.0,LUBRICATION_FAILURE,0.0304,1114.7
PREFLIGHT,1403.7,15.5,15.39,147.7,147.0,145.5,144.1,656.2,664.8,648.2,658.0,5.48,44.0,17.83,47.5,127.3,135.8,0.7276,0.5103,0.3761,0.5571,28.45,42.1,1.0,509.7,28.5,NOMINAL,0.0616,1484.7
PREFLIGHT,1407.3,14.0,14.24,140.5,144.1,156.7,141.4,635.5,642.6,584.6,646.8,4.24,42.2,18.17,46.5,131.9,134.0,0.5264,0.4297,0.3495,0.4412,28.02,40.0,-3.6,437.2,27.2,INJECTOR_CLOGGING,0.5546,684.6
RECOVERY,2203.1,20.8,17.7,155.1,155.4,159.0,155.6,807.8,827.8,827.2,831.5,8.55,44.4,17.87,48.7,148.7,149.3,0.7726,0.6591,0.4897,0.6509,26.5,40.5,65.1,815.1,27.4,SENSOR_DRIFT,0.8793,284.6
TAKEOFF,5790.1,98.6,38.4,240.7,240.2,239.9,243.0,1519.7,1530.5,1495.3,1512.6,32.2,44.7,17.79,69.6,211.3,203.8,3.6445,2.6293,1.7182,2.7777,28.24,42.9,83.8,1149.1,28.2,NOMINAL,0.092,1463.6
ISR_LOITER,4598.6,57.3,26.38,197.0,195.5,200.1,199.2,1328.8,1319.2,1323.8,1294.0,15.88,47.3,17.88,56.5,179.7,173.3,1.5261,1.2159,0.8412,1.2268,28.24,40.3,123.7,22016.1,-21.3,NOMINAL,0.0011,1494.5
ISR_LOITER,4628.1,60.0,24.3,197.1,196.4,212.3,197.9,1320.4,1352.4,1253.7,1339.7,13.06,42.9,18.25,55.6,180.6,174.5,1.6124,1.2381,0.76,1.253,28.19,39.3,125.2,21897.0,-20.7,INJECTOR_CLOGGING,0.5744,642.8
ISR_LOITER,4563.4,59.4,26.5,199.1,197.1,201.8,196.7,1312.6,1327.4,1305.4,1324.5,16.45,45.5,18.01,56.7,177.0,176.7,1.6022,1.2375,0.6904,1.2349,28.31,45.0,127.7,22014.8,-23.0,NOMINAL,0.0683,1437.0
RECOVERY,2187.6,21.6,18.13,153.2,156.5,151.5,148.5,823.5,870.1,825.8,845.6,6.89,44.1,17.87,45.1,147.4,148.9,0.7658,0.5655,0.4544,0.609,26.76,45.1,64.1,821.3,24.8,SENSOR_DRIFT,0.8071,352.4
ISR_LOITER,4589.2,59.2,26.69,193.3,191.5,195.9,196.0,1291.7,1313.0,1290.0,1316.3,15.74,45.6,18.29,58.9,179.7,176.7,1.5226,1.0843,0.8573,1.1873,28.0,43.4,125.3,21999.3,-22.9,NOMINAL,0.0838,1437.9
DESCENT,3805.0,34.1,20.22,171.5,174.1,173.7,168.5,1107.9,1125.1,1115.5,1117.3,10.92,45.2,17.96,52.0,164.0,157.5,1.2051,0.8532,0.6293,0.9267,28.2,39.1,117.8,8021.8,11.5,NOMINAL,0.003,1475.2
TAKEOFF,5791.6,97.9,36.5,243.9,242.1,260.0,245.5,1489.6,1517.2,1440.6,1507.5,31.2,39.4,17.73,70.5,211.1,204.0,3.5301,2.6414,1.8087,2.7514,28.2,39.9,82.2,1173.7,27.9,INJECTOR_CLOGGING,0.5756,496.0
ISR_LOITER,4562.9,56.8,26.57,188.2,188.3,192.6,189.8,1324.1,1330.9,1318.6,1320.0,15.86,44.9,18.01,58.0,178.4,173.0,1.5724,1.1529,0.7994,1.2166,28.14,42.0,124.8,22088.3,-23.4,INJECTOR_CLOGGING,0.0432,1022.1
CLIMB,5495.3,83.5,33.54,235.2,230.0,239.6,230.9,1487.7,1501.9,1453.2,1485.2,25.58,44.5,18.42,68.9,202.7,200.3,2.7435,2.1195,1.4247,2.164,28.03,44.2,104.0,11989.2,4.7,INJECTOR_CLOGGING,0.199,949.7
ISR_LOITER,4604.1,57.1,26.38,196.1,197.4,195.3,196.8,1309.9,1305.8,1308.5,1310.5,15.53,43.2,17.79,56.2,182.5,171.5,1.6502,1.1589,0.8518,1.2638,28.14,42.0,126.0,22062.7,-22.6,NOMINAL,0.049,1475.9
ISR_LOITER,4584.6,58.7,26.6,197.9,198.1,194.9,193.3,1303.4,1317.9,1301.3,1301.5,15.61,45.6,18.29,58.4,181.0,177.0,1.6712,1.1669,0.8436,1.2736,28.35,42.5,125.3,22030.0,-21.5,NOMINAL,0.0329,1465.4
ISR_LOITER,4609.4,58.1,23.89,195.4,196.5,213.6,196.8,1322.5,1330.8,1237.7,1327.7,14.34,39.9,18.05,60.1,174.9,174.7,1.56,1.1485,0.7236,1.1939,28.17,43.0,124.7,22039.9,-21.9,INJECTOR_CLOGGING,0.712,388.4
ISR_LOITER,4629.2,57.1,26.32,201.4,196.8,195.9,198.1,1317.0,1294.9,1296.0,1296.6,16.26,44.5,18.09,58.2,179.8,174.0,1.7575,1.3675,0.7558,1.3577,28.04,42.1,120.5,22002.4,-20.0,NOMINAL,0.0312,1445.4
TAKEOFF,5836.7,97.1,38.55,264.4,265.0,261.2,263.2,1543.6,1544.7,1531.0,1523.4,32.91,45.6,18.1,73.2,208.1,228.4,3.6124,2.7685,1.801,2.8259,28.29,42.7,83.9,1154.9,27.8,COOLING_DEGRADATION,0.3345,683.9
CLIMB,5478.6,83.4,33.78,223.7,230.0,227.8,227.4,1464.8,1462.4,1462.3,1457.1,27.04,46.0,18.11,53.7,232.0,199.3,6.3478,4.7877,3.1976,4.9478,28.13,41.0,106.3,12022.7,6.5,LUBRICATION_FAILURE,0.7059,359.6
ISR_LOITER,4547.0,58.0,26.7,193.3,195.7,193.3,197.1,1316.3,1330.6,1296.2,1312.3,16.09,46.4,18.15,56.6,179.0,170.5,1.6036,1.2698,0.8004,1.2681,27.37,42.8,124.4,21878.4,-20.7,SENSOR_DRIFT,0.5065,710.7
PREFLIGHT,1410.8,13.7,16.11,141.5,141.6,141.0,139.1,672.5,665.5,656.2,659.1,5.75,46.3,18.4,46.7,130.8,134.9,0.5767,0.3908,0.3973,0.463,26.36,40.7,-0.4,494.4,28.6,SENSOR_DRIFT,0.9375,184.5
ISR_LOITER,4593.9,57.7,26.39,193.8,193.8,188.7,191.8,1333.3,1332.8,1328.3,1363.2,15.7,43.9,18.03,59.1,179.7,175.5,1.6802,1.1427,0.8089,1.2627,28.1,40.8,128.5,21995.5,-23.1,NOMINAL,0.012,1475.3
CLIMB,5497.2,86.9,33.95,241.9,239.9,238.6,234.8,1460.6,1468.9,1470.7,1474.2,26.73,44.5,17.98,69.1,199.5,209.9,2.7693,2.0576,1.4555,2.1619,28.25,43.1,104.6,12040.2,3.9,COOLING_DEGRADATION,0.1665,1050.7
CLIMB,5477.0,85.8,34.56,234.6,232.5,231.0,234.4,1452.8,1440.2,1451.4,1459.9,26.71,42.8,18.29,72.5,199.0,196.7,2.6922,2.0507,1.3236,2.0981,28.0,42.0,101.8,11926.6,5.2,NOMINAL,0.0438,1481.4
TRANSIT,4884.6,67.5,29.21,201.6,200.4,201.3,200.2,1360.2,1378.4,1370.1,1366.3,18.22,44.9,18.01,60.3,188.9,181.3,1.9237,1.4231,0.8791,1.4718,27.67,42.0,139.3,18029.1,-13.2,SENSOR_DRIFT,0.4015,751.7
CLIMB,5528.7,85.3,34.24,224.9,228.3,227.2,228.3,1449.5,1444.4,1469.0,1455.9,27.43,44.9,18.44,69.8,199.7,198.0,2.8019,2.0318,1.3759,2.1504,28.12,42.3,103.4,11992.5,4.6,NOMINAL,0.0906,1448.2
ISR_LOITER,4601.9,57.7,26.31,200.5,205.0,203.4,200.6,1321.3,1311.3,1312.0,1305.6,14.83,43.3,17.78,58.6,180.3,177.2,1.5037,1.3072,0.8847,1.2587,28.21,41.0,123.7,22009.9,-20.1,NOMINAL,0.021,1483.6
ISR_LOITER,4636.3,58.6,26.46,197.3,196.8,197.5,199.0,1316.6,1295.6,1305.8,1307.6,16.03,43.3,18.14,56.3,180.5,177.2,1.5018,1.2145,0.7907,1.205,28.05,40.2,123.6,21959.5,-22.2,NOMINAL,0.083,1438.4
ISR_LOITER,4589.3,56.5,26.42,189.0,188.9,191.1,192.9,1310.9,1296.5,1295.4,1309.4,15.63,46.1,17.78,52.7,185.9,171.2,1.7863,1.3863,0.9367,1.4131,28.29,40.5,127.6,21924.2,-22.4,LUBRICATION_FAILURE,0.1049,1124.3
TRANSIT,4826.1,70.7,28.9,210.1,208.4,210.1,206.8,1385.1,1365.6,1373.4,1385.1,18.63,45.1,17.84,63.7,190.3,184.1,1.9234,1.4256,1.0062,1.4993,28.34,40.7,140.6,18032.9,-12.7,NOMINAL,0.0072,1483.9
DESCENT,3764.0,37.0,20.08,171.8,161.2,170.2,172.8,1090.0,1017.5,1085.9,1106.5,10.95,43.6,17.77,52.4,159.9,159.0,1.9093,1.4867,0.9907,1.5096,28.25,42.9,117.3,7982.3,11.3,CYLINDER_MISFIRE,0.2342,826.6
ISR_LOITER,4611.2,58.4,26.54,194.2,199.1,196.9,197.7,1303.2,1307.5,1311.9,1318.7,15.74,45.6,18.14,59.4,179.6,177.6,1.4862,1.1322,0.824,1.179,28.27,41.6,124.1,21978.6,-22.9,NOMINAL,0.1108,1430.3
TAKEOFF,5713.9,98.4,38.89,240.7,223.8,238.0,238.5,1515.3,1415.6,1533.0,1512.5,32.66,45.7,18.25,73.0,209.7,208.4,6.9255,5.2123,3.5235,5.402,28.21,43.2,85.3,1218.5,28.0,CYLINDER_MISFIRE,0.3398,925.5
ISR_LOITER,4622.0,58.1,26.55,193.5,192.3,191.2,191.2,1308.7,1311.7,1312.3,1330.8,16.17,45.4,18.37,57.8,181.0,175.7,1.6378,1.1551,0.7848,1.2426,28.08,42.6,125.0,21905.9,-21.5,NOMINAL,0.0259,1464.5
ISR_LOITER,4605.4,59.1,26.44,195.6,192.4,192.7,193.6,1310.5,1289.6,1291.7,1301.5,15.69,44.0,17.56,60.0,180.5,176.1,1.5611,1.2408,0.7708,1.2343,28.22,42.2,127.3,22032.4,-22.6,NOMINAL,0.0825,1468.0
DESCENT,3779.7,35.6,20.06,167.9,167.2,167.3,170.1,1103.8,1092.6,1089.8,1087.0,11.02,43.1,17.76,53.0,168.1,160.1,1.1438,0.6957,0.6852,0.8683,28.0,39.8,114.4,7997.9,12.0,NOMINAL,0.0214,1487.7
TRANSIT,4878.6,67.3,28.62,202.3,202.2,200.9,201.0,1378.4,1371.9,1382.4,1361.0,18.03,46.2,18.0,60.8,189.0,180.6,1.9551,1.4542,0.9387,1.5076,27.95,40.6,143.0,18087.3,-9.4,NOMINAL,0.0117,1489.1
ISR_LOITER,4582.9,58.3,27.07,191.6,194.9,196.0,194.5,1320.1,1322.5,1309.7,1297.4,15.76,44.7,18.11,61.6,182.6,170.9,1.8017,1.2398,0.7868,1.3419,28.42,38.2,123.9,22009.9,-21.9,NOMINAL,0.097,1445.3
TRANSIT,4937.9,67.4,29.23,199.9,204.9,201.9,200.1,1373.9,1380.5,1374.4,1390.7,18.39,46.1,17.94,53.7,205.7,181.5,3.1581,2.4351,1.6575,2.4934,28.1,42.0,138.9,18096.8,-11.7,LUBRICATION_FAILURE,0.3922,600.4
ISR_LOITER,4622.1,58.0,26.48,197.8,196.6,194.8,194.6,1297.9,1292.0,1297.9,1318.2,15.65,46.3,17.99,56.7,178.5,175.5,1.4704,1.154,0.7773,1.1688,28.32,42.4,125.4,22023.2,-21.0,NOMINAL,0.0318,1464.5
TAKEOFF,5801.3,98.2,38.66,243.3,239.1,240.3,238.5,1530.6,1538.4,1520.6,1533.3,32.19,45.8,17.55,74.3,207.8,205.3,3.7124,2.6299,1.888,2.8439,28.52,43.0,85.0,1190.8,27.6,NOMINAL,0.0535,1470.4
ISR_LOITER,4581.8,57.3,26.11,199.4,199.0,198.6,200.5,1309.8,1319.0,1328.7,1302.0,15.93,45.4,17.76,59.0,179.5,178.2,1.6799,1.2,0.7892,1.276,28.46,41.1,125.5,21996.7,-20.8,NOMINAL,0.0364,1445.9
RECOVERY,2231.8,21.8,17.13,160.2,154.7,157.8,158.8,848.6,835.3,834.5,869.8,8.29,45.4,17.93,46.7,143.8,149.4,0.985,0.5929,0.4599,0.7149,28.33,41.6,67.0,851.5,26.9,NOMINAL,0.0973,1463.1
RECOVERY,2229.7,23.0,17.82,157.0,153.5,151.6,157.7,858.2,855.4,865.0,860.2,6.73,46.1,18.17,39.5,158.0,146.0,1.1487,0.8769,0.6351,0.9114,28.5,41.4,66.7,839.9,23.9,LUBRICATION_FAILURE,0.2899,824.8
ISR_LOITER,4565.4,55.9,26.3,253.0,251.4,252.1,252.7,1290.2,1320.5,1294.9,1307.0,15.5,46.3,17.75,56.8,177.3,226.8,1.6407,1.2019,0.811,1.2642,28.32,42.2,124.1,22013.0,-22.5,COOLING_DEGRADATION,0.8705,251.6
TRANSIT,4958.4,67.0,28.63,205.7,204.7,202.0,205.8,1389.5,1363.0,1374.3,1349.1,18.35,45.4,19.01,62.2,186.4,184.5,3.6107,2.6589,1.8198,2.7939,28.34,42.8,139.0,18088.7,-12.1,COMBUSTION_INSTABILITY,0.4171,587.1
TAKEOFF,5757.2,97.9,38.77,236.7,238.2,239.7,238.0,1499.8,1523.0,1523.4,1523.5,32.13,45.0,18.05,72.9,211.2,202.2,3.7378,2.6275,1.7184,2.8183,27.76,43.0,87.9,1168.4,25.2,NOMINAL,0.1133,1460.8
ISR_LOITER,4589.0,58.3,26.6,198.7,198.9,195.0,195.5,1351.4,1331.1,1333.3,1337.9,15.79,44.7,17.81,59.3,179.2,175.3,1.5994,1.2405,0.8228,1.2615,28.16,41.4,124.8,21944.5,-22.8,NOMINAL,0.0845,1474.5
ISR_LOITER,4613.3,58.1,26.4,199.4,199.4,202.6,203.0,1345.6,1338.6,1331.8,1341.3,15.83,45.0,17.76,60.3,180.3,174.8,1.5365,1.2735,0.8493,1.2522,28.06,42.8,126.6,21937.7,-21.4,NOMINAL,0.0575,1444.4
TRANSIT,4930.9,68.3,29.19,206.6,205.5,207.4,210.5,1398.5,1401.5,1400.9,1396.3,18.12,46.1,18.04,60.1,189.4,182.7,1.9761,1.3888,0.8886,1.4859,28.3,43.2,137.8,18011.9,-12.6,NOMINAL,0.0614,1447.6
ISR_LOITER,4624.3,57.6,26.34,199.1,199.6,198.3,197.1,1305.8,1309.0,1299.5,1308.6,15.93,44.0,18.32,57.9,177.9,174.6,1.5518,1.1496,0.8786,1.2249,28.2,43.5,125.8,22023.8,-22.0,NOMINAL,0.0255,1454.4
ISR_LOITER,4624.9,59.5,26.61,197.9,199.0,199.7,202.8,1310.5,1318.1,1325.3,1318.9,15.6,43.5,18.24,56.4,179.2,175.1,1.7011,1.2599,0.8074,1.308,28.38,44.1,124.0,21980.3,-21.3,NOMINAL,0.1115,1458.8
ISR_LOITER,4642.4,58.6,26.91,193.7,193.9,193.9,195.6,1352.7,1343.9,1362.8,1354.3,15.39,45.7,17.92,58.2,181.8,177.0,1.6733,1.203,0.7513,1.2664,28.15,42.0,128.1,21973.7,-21.8,NOMINAL,0.1198,1443.6
CLIMB,5521.2,84.3,34.42,224.5,228.3,228.9,227.0,1479.2,1472.8,1480.9,1478.9,27.89,43.3,18.04,67.4,200.2,197.7,2.7721,2.0686,1.4357,2.1622,28.14,42.0,105.4,11963.8,5.6,NOMINAL,0.0402,1451.7
DESCENT,3776.0,35.0,19.69,169.6,172.2,170.3,171.2,1116.6,1123.5,1096.4,1104.2,11.21,46.0,18.03,52.0,167.1,159.3,1.1693,0.9312,0.7197,0.9578,28.2,41.0,113.9,7981.7,13.3,NOMINAL,0.0547,1441.9
PREFLIGHT,1397.7,13.7,15.9,142.4,139.8,140.4,138.8,629.9,637.0,658.6,649.0,6.28,47.4,18.2,45.8,129.0,147.0,0.6988,0.5036,0.2998,0.5266,28.06,44.3,1.7,489.8,27.7,COOLING_DEGRADATION,0.1368,1171.8
TAKEOFF,5539.7,98.4,38.78,242.2,201.6,243.1,239.0,1499.4,1258.7,1515.9,1525.6,31.88,46.1,18.08,70.4,206.5,206.9,12.7866,9.5701,6.4553,9.9458,28.2,42.9,85.9,1367.3,27.7,CYLINDER_MISFIRE,0.9192,189.6
TRANSIT,4877.2,67.8,29.13,201.8,204.0,204.7,204.9,1353.9,1361.2,1378.8,1365.2,18.58,48.2,17.55,61.8,189.4,180.0,1.8892,1.353,0.9789,1.4558,28.1,41.4,141.8,18027.8,-11.0,NOMINAL,0.0891,1446.8
ISR_LOITER,4643.9,58.0,26.75,231.6,228.8,229.6,227.4,1345.4,1344.5,1323.7,1357.8,15.96,44.7,18.24,57.2,182.6,208.2,1.5822,1.1948,0.7728,1.2286,28.09,41.3,123.9,21976.5,-20.6,COOLING_DEGRADATION,0.5467,561.7
RECOVERY,2180.1,20.4,17.8,149.3,148.3,151.2,147.0,839.6,830.1,837.4,833.6,7.7,45.3,18.06,46.4,145.2,149.2,0.7959,0.5939,0.3059,0.5999,28.43,39.9,63.8,760.6,26.3,NOMINAL,0.1113,1435.5
TRANSIT,4908.5,67.2,28.93,198.6,200.0,198.3,204.1,1377.0,1394.7,1387.0,1387.9,18.44,45.6,17.82,61.2,188.0,178.5,1.8595,1.4726,0.9255,1.47,28.09,41.4,141.5,18018.0,-12.2,NOMINAL,0.0875,1480.2
ISR_LOITER,4632.7,57.5,26.48,195.9,196.9,197.0,197.9,1330.0,1345.1,1325.4,1332.9,16.25,46.8,18.23,56.9,177.1,173.7,1.6135,1.1554,0.7187,1.2186,27.1,46.5,124.6,22090.0,-22.2,SENSOR_DRIFT,0.5086,627.8
PREFLIGHT,1419.8,13.8,15.76,133.8,138.2,140.1,136.6,644.5,670.7,665.7,655.3,5.9,45.7,17.8,43.0,130.9,134.0,0.4381,0.4852,0.373,0.4346,28.3,41.3,-4.3,507.3,27.3,NOMINAL,0.104,1458.8
ISR_LOITER,4554.5,59.7,26.51,195.5,195.1,191.6,191.5,1316.4,1318.6,1320.1,1326.0,15.69,44.2,18.08,59.1,178.4,172.3,1.6144,1.1748,0.8418,1.251,28.05,40.2,123.7,22026.0,-22.4,NOMINAL,0.0759,1441.6
ISR_LOITER,4597.8,58.9,26.68,196.4,198.1,198.6,200.6,1320.0,1315.1,1312.4,1313.8,15.64,45.8,17.71,58.0,182.1,172.7,1.7556,1.1354,0.7748,1.2873,28.35,44.2,125.7,22016.6,-20.2,NOMINAL,0.0696,1465.2
ISR_LOITER,4582.1,58.4,26.8,195.8,198.5,196.3,198.9,1331.0,1339.4,1354.3,1330.2,15.36,43.0,17.82,59.6,181.0,175.5,1.6305,1.2432,0.7221,1.2551,28.35,42.6,122.1,22016.8,-23.3,NOMINAL,0.0419,1484.8
ISR_LOITER,4612.8,57.4,26.73,194.0,196.5,192.3,192.4,1322.6,1331.8,1329.0,1333.4,15.33,44.1,18.25,42.1,212.1,174.5,3.5967,2.6514,1.6941,2.759,28.36,42.3,123.5,22000.1,-22.5,LUBRICATION_FAILURE,0.6851,465.4
TRANSIT,4871.3,66.7,29.08,205.1,204.1,206.4,206.6,1398.8,1393.6,1377.8,1388.8,18.39,43.9,18.29,65.4,186.9,181.7,3.0048,2.2471,1.3675,2.3057,28.18,44.7,139.6,18081.8,-12.0,COMBUSTION_INSTABILITY,0.2601,910.9
RECOVERY,2191.2,20.6,17.67,155.2,152.3,155.9,155.4,865.7,876.2,874.9,858.0,7.31,46.3,17.8,47.7,145.5,145.7,0.7921,0.5921,0.3838,0.6125,27.97,42.0,63.8,853.3,26.4,NOMINAL,0.0615,1470.6
TAKEOFF,5762.1,98.3,38.66,240.6,243.8,239.9,242.9,1524.2,1535.4,1516.2,1536.7,32.19,45.6,18.07,72.6,210.1,202.7,3.7192,2.6922,1.7934,2.8459,28.41,40.7,84.9,1208.5,26.8,NOMINAL,0.0773,1460.3
PREFLIGHT,1406.8,15.1,16.41,147.4,143.5,149.5,144.5,651.7,657.4,660.6,650.3,5.4,45.8,17.82,46.2,131.5,135.4,0.6723,0.4206,0.3687,0.5049,28.22,41.7,2.3,466.7,25.9,NOMINAL,0.1132,1441.9
ISR_LOITER,4622.8,58.3,26.42,250.3,252.8,252.1,253.4,1305.0,1295.3,1308.4,1307.8,15.81,45.2,18.39,56.2,178.1,230.4,1.6074,1.0838,0.8112,1.2133,28.19,41.1,125.9,22014.8,-20.4,COOLING_DEGRADATION,0.904,217.5
ISR_LOITER,4615.3,59.3,23.27,198.0,196.8,216.1,193.6,1326.7,1331.8,1248.4,1312.0,13.59,37.4,18.05,56.3,177.1,178.6,1.4894,1.1618,0.799,1.1841,27.89,43.2,123.6,21949.0,-21.1,INJECTOR_CLOGGING,0.7277,339.5
PREFLIGHT,1347.7,15.1,15.98,138.6,129.0,142.6,140.7,622.8,582.0,602.4,636.8,6.2,44.1,17.89,44.3,133.0,135.5,1.01,0.6718,0.4831,0.7538,28.34,43.7,-2.7,540.4,27.9,CYLINDER_MISFIRE,0.2114,788.4
RECOVERY,2209.1,22.3,15.87,155.0,153.7,164.4,155.4,855.1,854.5,835.8,864.1,6.14,41.1,17.96,49.9,146.7,146.7,0.7736,0.5211,0.4132,0.589,27.6,39.7,65.2,668.8,28.3,INJECTOR_CLOGGING,0.4148,631.1
RECOVERY,2177.8,22.5,17.88,154.7,153.2,154.9,156.0,849.7,840.4,860.6,835.6,7.74,46.0,18.05,29.2,185.8,150.8,1.8648,1.6149,1.0683,1.552,28.28,42.9,64.0,837.9,27.8,LUBRICATION_FAILURE,0.8876,242.6
TRANSIT,4853.1,67.3,28.64,205.4,207.5,206.1,202.9,1397.2,1392.3,1388.9,1394.7,18.37,46.2,18.0,59.9,190.4,182.8,1.9225,1.4774,0.9489,1.5032,28.12,42.5,141.2,18019.1,-11.2,NOMINAL,0.0251,1492.2
RECOVERY,2202.5,21.0,17.31,156.9,156.7,156.4,160.8,853.5,868.8,856.2,856.8,8.3,43.8,17.7,48.8,144.5,148.6,0.898,0.6457,0.4758,0.6952,27.84,43.3,63.5,883.4,26.4,SENSOR_DRIFT,0.1266,884.3
CLIMB,5512.7,86.6,32.18,231.2,229.2,243.4,230.1,1464.5,1463.3,1400.3,1473.5,25.15,40.6,18.03,67.4,203.1,201.7,2.7758,2.0521,1.3768,2.1457,28.27,41.9,102.4,11992.2,5.4,INJECTOR_CLOGGING,0.5505,616.7
ISR_LOITER,4593.7,57.1,26.29,191.3,194.6,195.2,190.7,1310.9,1318.6,1319.9,1336.6,15.78,45.5,18.08,56.7,179.5,175.0,1.6302,1.1139,0.7703,1.2236,28.2,41.3,122.2,21963.9,-23.4,NOMINAL,0.0298,1473.2
PREFLIGHT,1404.0,15.7,15.73,134.5,132.6,138.8,134.5,652.9,618.7,615.6,633.0,5.96,45.7,18.09,43.6,133.2,133.6,0.7383,0.5342,0.3936,0.5731,28.34,40.6,0.4,510.2,28.0,CYLINDER_MISFIRE,0.1221,1154.3
ISR_LOITER,4572.5,57.6,26.17,196.0,197.2,193.7,196.7,1317.9,1335.3,1315.4,1351.6,15.78,44.9,18.38,43.8,203.5,174.1,3.4668,2.4297,1.6336,2.6198,28.43,40.8,124.8,22067.5,-22.6,LUBRICATION_FAILURE,0.5942,519.4
ISR_LOITER,4580.0,58.4,26.49,189.1,194.9,191.6,193.4,1341.6,1351.4,1335.9,1333.7,15.92,44.7,18.09,60.3,176.6,174.8,1.776,1.1766,0.8507,1.3244,28.33,39.8,125.6,22011.0,-18.8,NOMINAL,0.0158,1472.7
ISR_LOITER,4594.3,57.6,26.23,190.9,191.5,194.5,194.2,1323.4,1313.6,1337.0,1318.8,16.32,45.5,17.96,58.7,176.1,178.0,1.5833,1.21,0.7712,1.2336,28.17,44.4,124.5,21979.1,-21.3,NOMINAL,0.0219,1474.0
ISR_LOITER,4607.8,59.2,26.11,195.0,194.0,196.0,200.0,1290.1,1292.9,1310.3,1302.8,15.29,44.4,17.7,57.3,178.1,175.6,1.6515,1.0408,0.8054,1.2192,27.85,42.0,128.2,21982.6,-21.7,NOMINAL,0.0495,1485.7
TAKEOFF,5820.9,98.4,38.27,292.3,291.7,287.9,289.2,1530.7,1526.9,1536.2,1528.6,32.85,44.5,17.78,70.6,210.1,253.8,3.6033,2.6852,1.8859,2.8137,28.33,40.7,81.1,1182.0,25.9,COOLING_DEGRADATION,0.7593,440.7
CLIMB,5456.8,86.1,33.98,228.1,225.8,231.4,226.7,1446.9,1442.2,1448.6,1445.0,26.47,44.6,18.25,66.8,202.3,199.3,2.8111,2.0556,1.4136,2.17,28.12,43.7,102.4,12015.4,5.0,NOMINAL,0.1142,1429.9
ISR_LOITER,4605.4,59.0,26.43,197.9,200.2,198.2,198.2,1319.0,1325.7,1319.4,1317.5,16.57,45.8,17.93,59.7,179.5,176.2,1.6432,1.2002,0.7638,1.2548,28.2,41.3,125.5,22021.1,-24.0,NOMINAL,0.0314,1468.2
ISR_LOITER,4608.4,59.0,26.72,188.4,189.7,187.2,191.0,1322.6,1339.4,1312.4,1335.1,15.97,44.0,17.69,57.6,180.5,172.9,1.5241,1.2594,0.7609,1.2231,28.29,43.8,123.4,21937.5,-21.1,NOMINAL,0.028,1487.6
PREFLIGHT,1392.5,14.6,16.43,136.0,139.0,137.4,138.2,647.7,666.3,646.7,648.0,6.81,44.6,17.88,44.8,133.4,135.2,0.7051,0.5912,0.2889,0.5568,28.37,39.8,-1.6,455.2,27.9,LUBRICATION_FAILURE,0.0751,1100.3
TRANSIT,4881.2,68.0,28.74,273.2,273.4,273.3,275.4,1392.5,1371.9,1374.7,1375.2,18.63,46.2,17.73,60.4,187.3,247.6,1.8247,1.4018,0.9139,1.4295,28.31,41.8,138.5,17941.2,-12.4,COOLING_DEGRADATION,0.9924,121.6
DESCENT,3793.4,35.8,20.31,167.9,165.4,168.0,164.9,1115.9,1136.1,1114.1,1108.4,10.67,45.1,18.2,50.9,166.1,159.5,1.1681,0.9294,0.5053,0.9099,28.17,43.5,114.6,8000.4,11.9,NOMINAL,0.0119,1487.7
ISR_LOITER,4647.8,59.3,26.7,199.2,196.5,197.7,199.7,1300.8,1292.0,1302.8,1307.7,16.07,43.9,17.89,58.3,181.1,175.4,1.5883,1.1556,0.8444,1.2344,28.38,41.1,124.1,22034.2,-21.8,NOMINAL,0.0107,1463.1
DESCENT,3750.1,35.2,20.21,169.7,175.8,171.6,166.2,1085.3,1088.9,1078.7,1089.7,11.0,45.2,17.94,50.9,164.3,161.7,1.2051,0.8871,0.6176,0.9346,28.2,40.3,116.4,7968.8,11.7,NOMINAL,0.0979,1449.8
DESCENT,3762.2,35.8,19.79,169.7,168.4,172.9,172.1,1103.4,1112.5,1103.7,1095.9,11.03,45.5,17.72,53.3,161.7,162.2,1.2397,1.017,0.609,0.9903,27.15,43.0,113.2,7946.6,11.1,SENSOR_DRIFT,0.6372,472.8
PREFLIGHT,1381.4,15.8,16.13,144.6,149.0,144.6,145.3,659.5,664.5,656.0,682.8,5.97,46.8,19.04,43.5,126.9,133.1,1.1718,0.9835,0.6067,0.9502,28.43,42.8,0.1,513.3,28.6,COMBUSTION_INSTABILITY,0.5323,517.1
CLIMB,5529.8,83.6,34.12,271.3,271.8,274.3,272.3,1451.9,1466.5,1468.3,1477.6,27.03,45.0,18.01,68.4,199.8,234.0,2.7882,2.1183,1.431,2.184,28.61,40.0,106.2,12073.8,4.2,COOLING_DEGRADATION,0.5662,518.8
DESCENT,3797.7,34.9,20.23,167.3,166.3,170.2,168.1,1105.2,1098.3,1103.3,1104.4,10.47,45.6,17.74,52.3,166.9,162.8,1.1799,0.857,0.6668,0.9258,28.43,43.0,113.6,7934.2,13.1,NOMINAL,0.0317,1475.1
TRANSIT,4898.5,67.8,26.86,202.2,200.4,219.9,201.8,1372.9,1371.7,1298.9,1368.6,16.58,39.9,18.21,64.8,189.5,183.0,1.8826,1.4396,0.9303,1.4699,28.11,41.7,143.6,17995.8,-10.4,INJECTOR_CLOGGING,0.6387,503.7
TAKEOFF,5772.9,96.8,38.69,290.5,286.3,286.6,283.6,1535.6,1548.9,1515.1,1540.1,33.03,45.9,17.88,71.6,211.1,255.3,3.58,2.7276,1.7819,2.7947,28.18,41.7,87.2,1128.6,27.6,COOLING_DEGRADATION,0.7581,380.6
ISR_LOITER,4609.0,58.5,26.58,201.9,203.9,204.9,205.8,1320.1,1330.3,1319.8,1349.2,15.82,46.1,17.97,58.7,176.4,177.1,1.7042,1.1644,0.7095,1.2601,28.42,44.0,126.6,21990.7,-22.3,NOMINAL,0.1016,1455.8
TRANSIT,4903.9,68.0,29.1,208.3,205.7,205.4,206.3,1368.9,1390.3,1383.1,1373.9,18.46,45.6,18.02,63.6,186.5,179.7,1.839,1.4004,0.9567,1.4444,28.15,40.2,137.3,17936.1,-12.3,NOMINAL,0.0021,1459.6
ISR_LOITER,4538.8,56.8,26.1,197.7,191.0,195.8,196.7,1324.2,1295.2,1319.0,1333.1,15.37,45.1,17.68,58.3,183.9,173.9,2.3134,1.8016,1.1686,1.8224,28.38,42.6,126.8,21901.1,-21.9,CYLINDER_MISFIRE,0.1636,1143.7
TRANSIT,4910.8,67.8,28.76,206.0,210.3,209.1,209.2,1407.6,1393.6,1399.2,1394.2,18.59,43.9,18.49,57.4,186.5,181.0,1.9727,1.3403,0.9412,1.4803,28.32,40.2,139.7,17991.6,-12.6,NOMINAL,0.02,1489.2
DESCENT,3800.9,35.5,19.94,172.9,171.1,169.9,171.1,1114.2,1088.5,1104.2,1099.5,11.11,44.1,18.17,44.1,183.5,162.3,1.9752,1.4201,1.0783,1.5363,28.11,43.2,111.5,8078.5,10.0,LUBRICATION_FAILURE,0.3478,670.5
ISR_LOITER,4613.2,58.3,26.07,201.1,199.3,196.6,197.7,1317.5,1327.6,1327.3,1313.1,16.18,45.5,18.13,58.8,181.7,173.1,1.6152,1.2604,0.8558,1.2819,28.37,40.7,129.2,22088.3,-22.9,NOMINAL,0.0884,1469.3
TRANSIT,4892.5,68.6,29.06,204.8,210.6,211.3,208.7,1386.6,1386.7,1379.3,1409.9,18.19,46.1,18.18,61.3,186.1,181.8,1.9558,1.4434,1.0408,1.5266,28.11,41.2,141.8,17916.6,-12.6,NOMINAL,0.0003,1477.6
PREFLIGHT,1435.4,16.4,15.5,143.1,142.6,139.1,143.6,642.9,622.4,650.4,632.7,6.66,44.7,18.02,45.8,130.2,133.8,0.6904,0.4435,0.2438,0.4942,28.25,41.9,-0.0,506.3,28.1,NOMINAL,0.0534,1469.7
ISR_LOITER,4636.4,58.0,26.75,187.5,192.0,190.3,188.5,1308.3,1346.2,1347.4,1313.6,15.36,45.1,17.92,57.5,180.6,178.8,1.709,1.1808,0.8361,1.2928,27.59,42.2,124.5,22048.2,-21.4,SENSOR_DRIFT,0.1846,1087.1
TRANSIT,4911.5,67.8,29.03,206.8,205.7,206.6,206.7,1392.5,1403.2,1386.6,1395.1,18.43,45.0,18.06,55.5,204.0,176.8,3.0662,2.4058,1.5982,2.432,28.32,43.8,141.6,18058.0,-13.1,LUBRICATION_FAILURE,0.3457,872.2
PREFLIGHT,1398.5,15.1,16.02,134.9,139.2,136.9,133.9,651.9,667.2,632.7,649.3,5.55,45.3,20.25,43.8,129.2,134.7,1.7927,1.1863,0.8241,1.3292,28.44,40.9,-0.8,509.0,30.3,COMBUSTION_INSTABILITY,0.8285,326.5
CLIMB,5487.2,85.5,33.84,230.6,227.8,227.9,229.4,1457.5,1453.3,1443.6,1440.1,27.41,46.6,18.1,68.5,195.7,199.2,2.9271,2.1643,1.4509,2.2625,27.95,40.9,104.7,11964.4,3.8,NOMINAL,0.0351,1476.9
ISR_LOITER,4610.5,59.6,26.74,195.4,199.0,196.6,194.7,1327.3,1326.3,1317.4,1313.5,16.27,44.7,17.94,58.9,179.0,175.5,1.5696,1.0452,0.8193,1.1871,28.24,42.5,120.8,21932.5,-20.8,NOMINAL,0.1043,1427.3
DESCENT,3802.1,33.4,19.83,172.8,171.7,171.8,170.0,1094.6,1103.5,1113.3,1111.3,11.12,44.9,17.82,53.7,168.2,160.9,1.0691,0.9404,0.6827,0.9117,28.03,43.3,114.6,8062.2,10.8,NOMINAL,0.061,1458.5
CLIMB,5489.2,84.5,30.78,226.1,228.3,250.8,228.2,1470.5,1491.6,1358.1,1480.9,23.49,38.0,18.01,69.1,198.9,196.4,2.6336,2.1199,1.3679,2.1056,28.35,42.8,107.4,11956.3,5.2,INJECTOR_CLOGGING,0.8819,208.1
ISR_LOITER,4463.7,58.7,27.06,197.6,170.2,201.9,201.6,1309.6,1108.6,1324.3,1320.7,15.55,46.9,18.02,59.0,181.7,179.3,4.985,3.7107,2.5716,3.883,28.37,42.5,125.5,21902.0,-22.1,CYLINDER_MISFIRE,0.7482,339.8
PREFLIGHT,1364.9,13.6,15.89,140.7,138.3,140.7,138.8,670.1,654.6,644.7,645.6,6.2,45.1,17.96,46.5,128.1,137.0,0.5925,0.5018,0.2687,0.4743,28.32,40.8,3.3,496.0,27.6,NOMINAL,0.051,1461.0
TAKEOFF,5781.6,96.0,38.16,239.0,240.6,237.7,240.5,1523.5,1522.2,1524.2,1518.3,31.89,43.7,17.72,71.7,211.4,208.0,3.5631,2.6904,1.8941,2.8001,28.14,41.1,84.7,1178.8,26.3,NOMINAL,0.0558,1458.4
TRANSIT,4695.2,68.0,28.5,200.3,168.1,200.5,201.9,1391.7,1179.1,1382.4,1366.0,18.41,45.0,18.32,58.0,186.4,182.5,5.5424,4.0611,2.7526,4.2735,28.2,44.2,140.4,17992.9,-12.7,CYLINDER_MISFIRE,0.6784,421.9
DESCENT,3792.6,35.7,19.85,170.4,170.3,168.5,171.8,1078.8,1104.7,1096.6,1099.2,10.54,44.9,18.31,51.8,165.3,157.7,1.0849,0.9138,0.5661,0.8818,28.12,42.1,116.4,8026.3,12.1,NOMINAL,0.0382,1468.8
DESCENT,3822.2,33.5,20.42,167.2,170.4,167.3,164.3,1065.0,1066.1,1064.6,1060.7,10.93,45.9,17.88,52.2,165.3,158.8,1.1398,0.9042,0.5174,0.8915,28.5,41.1,114.2,8036.8,11.8,NOMINAL,0.0787,1479.9
RECOVERY,2202.5,21.5,18.12,156.3,152.4,154.6,157.2,819.7,820.7,832.1,837.1,7.45,47.4,17.65,46.6,144.0,150.1,0.8184,0.5595,0.3437,0.6058,27.98,42.8,64.2,850.7,24.6,NOMINAL,0.0491,1486.9
CLIMB,5510.7,84.5,34.03,230.9,232.3,229.4,231.1,1447.7,1473.4,1449.4,1456.3,27.47,44.2,18.14,69.3,200.9,199.5,2.7482,2.2288,1.2801,2.1725,28.07,40.0,108.4,11993.5,4.1,NOMINAL,0.0562,1474.2
ISR_LOITER,4615.7,58.7,26.59,194.4,189.4,192.5,190.5,1353.0,1333.8,1324.5,1336.9,16.44,46.0,17.9,57.7,182.0,177.8,1.4759,1.2092,0.7823,1.1906,28.13,44.0,122.3,22040.3,-24.3,NOMINAL,0.0157,1487.7
ISR_LOITER,4581.9,57.2,26.29,195.9,197.4,197.5,193.9,1329.7,1324.6,1315.3,1333.0,16.21,45.1,17.49,57.3,178.2,178.6,1.5729,1.1032,0.7977,1.201,28.3,42.1,123.4,21977.1,-21.2,NOMINAL,0.0749,1449.2
ISR_LOITER,4595.0,57.4,26.03,195.7,199.1,195.1,197.4,1313.1,1319.1,1316.2,1317.7,15.75,46.7,18.13,58.2,181.8,175.3,1.6893,1.1292,0.9066,1.2846,28.23,40.3,126.5,22064.7,-23.0,NOMINAL,0.0621,1474.8
PREFLIGHT,1388.2,14.6,13.08,132.9,135.6,160.3,135.7,649.3,631.7,525.8,649.7,3.75,40.0,17.93,47.4,127.8,134.4,0.6326,0.4218,0.3114,0.4744,28.39,42.6,-0.4,561.3,28.5,INJECTOR_CLOGGING,0.8119,257.4
ISR_LOITER,4622.0,59.3,26.63,192.2,193.7,196.2,195.7,1333.0,1323.7,1332.9,1317.6,15.22,45.3,17.92,52.6,198.5,173.6,2.6297,1.8121,1.304,1.9916,28.25,40.5,125.3,21953.6,-21.1,LUBRICATION_FAILURE,0.3382,830.1
RECOVERY,2204.7,23.5,17.04,153.4,152.9,153.2,151.1,825.2,836.6,858.3,838.0,7.57,45.1,18.04,46.0,146.6,147.8,0.9848,0.5776,0.4489,0.7083,28.14,44.9,66.5,735.7,27.4,NOMINAL,0.0845,1477.2
TRANSIT,4859.7,69.2,29.52,209.5,210.5,207.8,204.7,1398.0,1394.4,1376.4,1368.5,18.53,44.8,17.95,62.9,186.5,183.4,1.9556,1.2654,0.9466,1.4516,28.23,43.1,141.1,17912.5,-11.9,NOMINAL,0.1019,1461.8
ISR_LOITER,4593.5,58.8,26.45,200.0,200.3,195.8,201.1,1294.7,1315.0,1306.5,1321.4,15.93,47.1,18.23,58.2,182.4,174.8,1.5129,1.1726,0.7943,1.1965,26.84,44.1,124.8,22048.2,-21.8,SENSOR_DRIFT,0.4988,634.8
CLIMB,5497.0,84.3,33.88,230.8,231.3,231.1,229.5,1450.2,1435.7,1426.4,1418.2,26.45,45.5,18.14,68.2,199.9,197.3,2.8394,2.0534,1.399,2.1784,28.21,42.9,103.4,11949.8,5.0,NOMINAL,0.1042,1455.5
ISR_LOITER,4605.2,58.3,27.27,196.9,197.4,197.1,195.3,1287.6,1305.9,1304.0,1295.4,16.18,44.2,17.93,57.5,176.9,174.5,1.731,1.2917,0.8059,1.331,28.17,44.7,124.5,21974.1,-21.0,NOMINAL,0.009,1473.8
CLIMB,5498.4,85.5,33.82,229.0,229.1,231.2,230.7,1466.3,1444.7,1465.4,1452.7,27.8,45.0,17.96,70.3,202.4,197.5,2.7059,1.9942,1.3476,2.0908,28.25,41.8,103.1,11980.4,6.7,NOMINAL,0.0001,1478.8
ISR_LOITER,4628.0,59.5,23.76,192.6,192.8,215.1,189.9,1322.1,1295.7,1228.1,1305.9,14.03,36.6,18.24,56.5,177.8,178.3,1.6602,1.1113,0.8101,1.2447,28.41,42.8,125.1,22057.5,-21.6,INJECTOR_CLOGGING,0.7831,351.8
CLIMB,5489.9,85.5,30.82,224.6,225.5,248.3,225.5,1449.1,1442.2,1337.6,1448.1,24.4,38.7,17.79,66.9,203.0,199.8,2.8511,2.1477,1.4569,2.2259,28.22,41.4,106.1,11998.7,6.5,INJECTOR_CLOGGING,0.9232,252.8
TAKEOFF,5838.4,96.9,38.11,239.9,239.3,240.8,239.0,1533.7,1528.6,1524.5,1532.2,32.86,43.2,18.03,68.9,209.5,206.4,3.6818,2.6685,1.7732,2.8179,28.17,40.3,85.3,1149.9,27.6,NOMINAL,0.0787,1479.8
TRANSIT,4912.5,68.6,29.18,205.7,205.4,204.9,205.9,1358.3,1366.6,1364.0,1362.4,18.05,43.6,18.27,62.2,191.6,185.7,1.9984,1.3481,1.0206,1.5113,28.18,41.6,139.2,17982.5,-11.6,NOMINAL,0.013,1468.3
ISR_LOITER,4657.5,57.5,26.1,192.1,192.2,193.8,193.6,1315.1,1312.3,1324.1,1321.1,15.98,44.5,18.22,59.3,179.5,171.2,1.6076,1.1585,0.8359,1.2416,28.23,39.5,125.6,22085.8,-22.2,NOMINAL,0.0935,1478.2
ISR_LOITER,4601.8,59.5,26.82,193.3,194.1,194.1,193.1,1306.7,1318.0,1315.5,1310.2,16.12,45.0,17.79,61.0,180.8,176.6,1.6838,1.1738,0.8272,1.2777,27.91,43.4,124.9,22026.3,-22.1,NOMINAL,0.0036,1477.0
ISR_LOITER,4645.4,58.6,26.67,190.7,195.7,193.4,193.6,1321.6,1308.0,1324.9,1336.5,15.18,45.1,18.15,56.9,181.5,175.1,1.543,1.0494,0.795,1.1711,28.19,44.0,125.7,21973.5,-23.6,NOMINAL,0.1085,1447.8
DESCENT,3831.1,36.4,19.81,163.6,163.2,160.0,166.2,1078.8,1089.9,1087.2,1086.7,10.33,45.1,18.28,51.8,163.0,162.8,1.2671,0.8493,0.6161,0.9498,28.36,40.6,115.2,7980.6,10.8,NOMINAL,0.0284,1466.2
RECOVERY,2091.9,21.5,17.67,159.1,137.2,156.9,157.2,825.9,671.5,820.4,824.4,8.36,43.4,18.09,47.3,146.0,149.7,1.7473,1.4719,0.9691,1.4328,28.32,41.5,63.9,822.0,25.6,CYLINDER_MISFIRE,0.4491,729.3
ISR_LOITER,4646.9,58.1,26.31,191.0,185.9,186.5,188.8,1332.5,1334.0,1341.5,1324.9,15.89,46.1,17.97,40.1,210.5,177.3,3.5547,2.8429,1.831,2.8326,28.04,43.3,126.0,22020.8,-21.3,LUBRICATION_FAILURE,0.7168,462.4
ISR_LOITER,4604.0,55.8,26.6,206.6,204.0,199.2,202.6,1302.6,1307.7,1294.2,1305.5,16.35,46.1,18.24,57.3,181.4,179.6,1.5136,1.2253,0.7442,1.2037,27.31,39.0,123.9,22115.3,-22.5,SENSOR_DRIFT,0.6004,602.5
ISR_LOITER,4573.2,59.3,26.94,187.6,188.2,187.1,189.2,1302.9,1304.3,1297.3,1316.4,15.25,45.5,18.2,61.0,181.0,175.5,1.4648,1.2884,0.8071,1.2189,28.25,42.6,125.2,22000.4,-22.4,NOMINAL,0.0586,1467.5
ISR_LOITER,4618.2,58.4,25.12,193.4,195.3,206.3,192.3,1341.1,1319.8,1281.1,1328.8,15.16,44.2,17.74,58.2,182.5,172.9,1.4502,1.1108,0.7939,1.15,28.5,39.7,122.7,21974.8,-23.0,INJECTOR_CLOGGING,0.3411,753.1
ISR_LOITER,4613.9,59.2,24.73,192.6,192.4,208.5,190.9,1316.8,1334.8,1279.0,1315.8,14.38,39.2,18.06,57.3,179.5,172.7,1.6956,1.2157,0.8497,1.3006,28.18,43.8,121.3,22000.3,-20.8,INJECTOR_CLOGGING,0.4536,796.8
ISR_LOITER,4550.5,57.6,26.8,197.2,195.7,198.6,198.4,1312.6,1313.6,1304.0,1298.3,15.98,44.8,17.79,56.9,181.8,176.7,1.653,1.1975,0.7659,1.2587,28.4,41.5,125.5,21957.5,-22.2,NOMINAL,0.0008,1456.7
DESCENT,3761.9,35.2,19.82,167.1,169.3,169.5,167.2,1136.6,1142.0,1137.6,1116.0,10.92,42.6,17.96,51.8,166.6,163.5,1.0993,0.9083,0.5887,0.8907,28.18,44.3,115.2,8027.5,12.5,NOMINAL,0.0511,1455.2
ISR_LOITER,4605.5,58.0,26.66,193.7,196.0,194.1,196.6,1285.6,1294.8,1277.6,1303.0,15.98,45.6,17.98,57.0,183.2,178.3,1.5943,1.1657,0.7136,1.2124,28.23,41.0,124.0,22048.2,-23.0,NOMINAL,0.0874,1458.9
ISR_LOITER,4548.8,57.3,26.61,194.9,194.4,192.9,195.7,1332.8,1322.3,1314.6,1323.7,16.39,44.8,17.75,58.3,181.2,176.7,1.6558,1.21,0.7583,1.2624,26.53,41.5,126.2,21967.5,-22.5,SENSOR_DRIFT,0.8446,264.0
PREFLIGHT,1377.9,15.7,16.47,137.0,140.0,135.6,137.6,665.5,652.3,657.0,657.7,6.64,47.7,18.32,47.2,121.6,135.3,0.6051,0.498,0.228,0.4712,28.31,38.9,2.1,417.6,29.2,NOMINAL,0.0919,1443.4
PREFLIGHT,1411.0,15.0,15.56,141.0,143.0,139.9,143.5,664.3,664.1,668.9,679.5,6.41,43.7,17.86,44.9,131.0,132.7,0.6279,0.5033,0.275,0.491,28.5,40.9,0.4,395.6,27.7,NOMINAL,0.0998,1470.6
CLIMB,5496.3,84.5,34.19,223.3,224.0,222.7,224.4,1443.9,1447.5,1450.9,1424.4,26.69,43.9,20.62,67.1,200.6,195.2,8.697,6.5076,4.4084,6.7681,28.01,44.7,105.4,11963.6,5.3,COMBUSTION_INSTABILITY,0.9657,151.8
ISR_LOITER,4609.5,56.8,24.06,197.3,198.2,217.5,199.3,1350.4,1322.2,1260.4,1332.5,13.13,37.1,17.92,58.6,183.2,173.4,1.638,1.1826,0.8864,1.2737,28.19,41.3,125.3,22009.6,-20.6,INJECTOR_CLOGGING,0.6259,458.2
ISR_LOITER,4600.1,58.1,26.27,199.2,195.4,196.7,195.4,1312.8,1319.2,1315.1,1308.5,15.93,44.8,18.12,59.7,182.0,172.9,1.3577,1.3355,0.8262,1.1985,28.26,40.9,120.9,21899.9,-22.3,NOMINAL,0.0206,1458.2
ISR_LOITER,4586.7,57.5,26.06,190.6,188.0,189.7,191.2,1281.1,1320.0,1323.0,1315.5,15.96,45.4,18.11,58.1,180.4,171.7,1.6093,1.2299,0.8169,1.2609,27.2,44.2,123.9,21943.3,-20.7,SENSOR_DRIFT,0.6503,449.4
PREFLIGHT,1416.6,16.4,15.73,146.1,155.1,150.5,152.4,636.9,672.3,649.5,630.0,5.63,43.5,17.85,43.1,131.6,144.6,0.6409,0.4758,0.2877,0.4899,27.97,39.7,-2.9,445.4,29.7,COOLING_DEGRADATION,0.1418,1030.4
ISR_LOITER,4610.5,59.3,26.01,196.6,191.6,194.3,191.5,1338.0,1335.9,1339.9,1324.7,15.52,46.2,18.21,60.5,182.8,171.7,1.6979,1.1979,0.8364,1.2933,28.15,40.6,124.4,22003.2,-21.7,NOMINAL,0.0424,1475.7
ISR_LOITER,4624.3,57.1,26.4,194.0,195.8,195.2,194.3,1298.3,1295.9,1288.6,1287.0,16.87,45.8,18.22,58.9,182.8,176.1,1.4316,1.1497,0.8118,1.1591,28.23,42.2,122.8,21971.9,-21.8,NOMINAL,0.0298,1446.8
ISR_LOITER,4541.1,57.6,26.48,192.3,179.4,193.5,188.5,1327.4,1258.4,1343.1,1310.9,15.88,44.4,17.99,58.2,179.3,173.6,2.3948,1.7948,1.2155,1.8649,28.27,43.2,126.1,22006.6,-22.3,CYLINDER_MISFIRE,0.1782,1086.9
ISR_LOITER,4561.7,59.3,26.99,193.3,194.3,191.8,193.0,1354.9,1341.6,1367.2,1350.2,15.6,43.6,18.11,58.4,178.0,175.3,1.639,1.1763,0.8187,1.257,28.2,41.7,123.1,22010.0,-24.1,NOMINAL,0.0251,1462.7
ISR_LOITER,4574.4,56.6,26.85,194.5,191.9,196.1,195.4,1320.9,1298.0,1325.8,1324.5,15.76,46.2,18.23,58.5,177.0,172.5,1.5442,1.1851,0.8421,1.2245,28.25,41.8,126.3,21961.2,-21.4,NOMINAL,0.0107,1456.0
TRANSIT,4905.7,67.3,29.23,203.4,205.5,204.2,206.8,1376.0,1375.7,1369.7,1356.5,18.56,45.0,18.13,62.5,188.5,184.3,1.8791,1.4753,1.0144,1.4985,28.12,41.4,138.5,17932.1,-10.2,NOMINAL,0.0595,1439.6
RECOVERY,2191.7,23.7,17.68,154.4,153.5,155.0,154.1,827.3,831.7,830.7,841.6,7.45,44.5,17.94,49.0,144.6,146.6,0.6956,0.5458,0.4534,0.5737,28.1,44.7,66.3,759.2,25.4,NOMINAL,0.0647,1451.5
ISR_LOITER,4398.3,58.6,26.45,195.3,166.9,195.1,192.6,1332.5,1150.6,1332.2,1315.7,15.73,45.3,17.97,59.0,180.9,174.2,4.2219,3.1621,2.0943,3.2767,28.51,41.1,127.2,22008.2,-22.4,CYLINDER_MISFIRE,0.5958,618.1
TRANSIT,4900.2,67.7,28.36,205.1,201.9,205.8,201.8,1402.1,1402.1,1395.7,1409.8,18.8,44.1,17.94,60.7,186.9,183.3,1.8989,1.4868,0.871,1.4804,28.24,43.2,140.2,17931.9,-13.0,NOMINAL,0.0324,1484.2
CLIMB,5522.7,84.7,33.92,234.7,236.5,235.4,238.2,1434.5,1448.0,1438.2,1433.9,26.11,44.4,20.44,65.4,204.2,198.8,8.2059,6.2345,4.1815,6.4211,28.13,41.1,108.9,11983.0,4.9,COMBUSTION_INSTABILITY,0.8919,240.3
TRANSIT,4882.6,68.4,28.71,207.0,208.7,202.2,205.4,1349.4,1366.1,1372.3,1365.6,17.64,46.1,17.71,63.3,186.5,180.3,1.9009,1.489,1.0478,1.5197,28.14,40.0,140.7,17933.0,-11.3,NOMINAL,0.1017,1444.8
ISR_LOITER,4364.7,57.1,26.23,194.3,149.6,196.1,194.8,1317.0,1028.1,1295.4,1312.6,15.75,44.7,17.92,58.0,179.5,176.0,6.0742,4.489,3.1075,4.7153,28.11,42.0,121.8,21994.8,-22.2,CYLINDER_MISFIRE,0.9855,172.9
ISR_LOITER,4434.5,58.2,26.96,190.2,165.0,191.7,190.2,1322.8,1142.0,1338.9,1342.8,15.64,44.0,18.41,59.2,178.4,175.7,4.4866,3.3126,2.2443,3.4708,27.99,41.3,124.2,21973.0,-21.1,CYLINDER_MISFIRE,0.6517,563.1
TAKEOFF,5810.1,99.3,37.88,236.8,239.0,240.8,238.6,1485.0,1498.7,1482.9,1512.6,32.08,40.5,18.15,73.8,214.0,205.3,3.6495,2.6315,1.7179,2.7806,28.39,42.8,87.5,1187.2,29.4,INJECTOR_CLOGGING,0.1073,818.2
CLIMB,5492.1,83.4,33.72,228.7,231.0,228.6,226.8,1484.1,1470.1,1474.6,1498.9,27.24,44.0,18.15,66.6,196.5,200.2,2.8236,2.0882,1.3167,2.1654,28.15,42.3,102.7,12002.1,6.6,NOMINAL,0.0795,1470.3
TRANSIT,4905.7,69.1,28.97,201.9,207.1,204.0,203.3,1374.7,1368.6,1377.1,1367.1,18.55,44.9,18.37,64.9,189.6,181.8,1.9642,1.4713,0.9265,1.5145,27.95,39.1,139.8,17974.8,-12.5,NOMINAL,0.0229,1482.7
CLIMB,5514.7,84.7,34.43,227.1,228.5,231.3,227.4,1440.3,1446.2,1433.9,1430.3,26.14,46.8,18.37,69.8,199.4,197.9,2.8548,2.1088,1.2442,2.1714,28.34,43.8,107.1,12022.6,6.0,NOMINAL,0.0611,1480.8
RECOVERY,2164.7,23.5,17.56,152.4,152.3,156.0,155.7,840.3,845.7,829.7,819.3,7.77,44.9,18.17,48.6,144.9,148.4,0.9127,0.5826,0.4368,0.6741,28.25,39.5,62.4,798.0,25.5,NOMINAL,0.0526,1452.0
ISR_LOITER,4578.1,59.5,27.26,196.6,195.9,195.6,190.5,1341.9,1333.8,1327.9,1329.4,15.9,44.7,17.93,56.5,181.0,174.7,1.5366,1.2059,0.8021,1.2191,28.28,42.0,126.2,21986.3,-22.2,NOMINAL,0.0263,1456.1
PREFLIGHT,1406.9,16.0,15.99,175.9,175.3,176.4,174.1,642.3,649.5,629.2,662.6,6.17,46.0,18.15,44.3,128.4,172.5,0.7532,0.4409,0.2863,0.5303,28.24,39.6,-0.8,457.2,26.9,COOLING_DEGRADATION,0.6016,547.9
PREFLIGHT,1402.0,15.5,15.92,143.6,142.1,139.6,140.0,649.7,640.5,626.5,648.7,6.05,45.8,18.01,46.0,135.0,137.6,0.5719,0.4754,0.3059,0.4643,28.24,39.6,2.1,384.7,28.0,NOMINAL,0.0224,1463.7
TAKEOFF,5756.1,97.8,36.32,240.6,238.0,259.3,238.9,1496.0,1514.7,1428.1,1523.0,29.49,38.5,18.23,72.8,211.4,207.9,3.5388,2.6481,1.8428,2.7648,28.3,41.8,84.7,1151.5,28.6,INJECTOR_CLOGGING,0.7065,436.3
ISR_LOITER,4608.3,56.2,26.36,250.1,252.1,252.2,251.7,1312.7,1317.8,1307.4,1326.9,15.16,45.1,17.91,59.0,179.3,232.2,1.6733,1.1401,0.6667,1.2307,28.03,42.8,124.5,21971.3,-22.7,COOLING_DEGRADATION,0.8057,279.0
CLIMB,5520.7,83.9,32.2,231.0,229.7,247.0,231.0,1460.1,1459.6,1418.2,1482.7,25.43,39.9,17.67,67.2,200.8,200.3,2.8343,2.1274,1.3914,2.1981,28.3,40.6,105.2,11988.5,6.4,INJECTOR_CLOGGING,0.6139,516.5
ISR_LOITER,4618.5,57.9,26.21,199.7,198.4,197.2,196.0,1303.9,1319.9,1322.6,1318.0,15.79,45.8,18.06,57.1,178.2,174.4,1.5492,1.2078,0.8803,1.2428,28.24,44.2,125.0,21991.6,-23.5,NOMINAL,0.0633,1475.6
CLIMB,5479.5,84.4,34.49,228.6,227.0,232.7,235.1,1453.7,1424.2,1458.5,1440.8,26.7,44.5,17.97,67.6,201.4,199.0,3.9115,2.9986,1.914,3.0526,28.3,43.3,105.6,12026.3,5.7,CYLINDER_MISFIRE,0.1461,1055.4
TRANSIT,4930.2,66.4,29.04,206.7,205.1,205.0,205.8,1366.8,1397.4,1380.8,1396.6,18.16,43.9,19.88,62.1,187.0,180.4,5.149,3.9265,2.6427,4.0379,28.16,40.4,139.5,18085.6,-11.0,COMBUSTION_INSTABILITY,0.7702,412.1
ISR_LOITER,4609.6,56.0,26.19,197.9,194.0,194.8,193.9,1325.9,1309.5,1315.8,1302.9,15.59,47.0,18.36,59.0,180.9,173.7,1.6159,1.2099,0.8009,1.2539,28.32,40.6,130.1,22081.2,-22.8,NOMINAL,0.0766,1481.3
CLIMB,5502.7,84.4,34.19,227.9,232.4,229.3,229.3,1444.1,1446.8,1436.5,1415.8,26.68,42.4,17.72,68.1,200.1,200.6,2.7974,2.0473,1.4601,2.1717,28.23,43.4,104.9,11984.6,3.8,SENSOR_DRIFT,0.1298,880.7
ISR_LOITER,4580.2,59.3,26.01,191.6,194.5,195.6,198.1,1301.0,1298.3,1296.6,1298.5,14.39,44.0,18.16,54.3,179.2,174.4,1.6573,1.207,0.8211,1.2751,28.09,39.4,123.9,21992.9,-20.8,NOMINAL,0.0162,1467.2
ISR_LOITER,4579.7,57.8,26.48,193.7,195.3,194.4,198.3,1309.6,1349.1,1318.8,1316.8,15.68,45.3,17.93,58.9,179.1,173.7,1.526,1.2756,0.8192,1.2419,28.03,41.3,122.4,22136.3,-21.8,NOMINAL,0.0714,1466.1
ISR_LOITER,4550.3,56.6,26.42,193.9,191.9,195.6,190.7,1311.7,1331.2,1309.7,1299.4,15.75,44.6,18.04,58.3,181.9,174.0,1.5331,1.1514,0.7672,1.1923,28.24,39.9,123.1,22002.5,-20.8,NOMINAL,0.0649,1453.1
TAKEOFF,5801.5,98.0,39.27,247.0,249.3,250.0,251.4,1494.4,1512.7,1511.8,1508.8,31.9,44.7,18.14,70.1,210.2,205.8,3.7315,2.7381,1.7957,2.8662,27.67,43.1,85.2,1239.3,26.7,SENSOR_DRIFT,0.3225,672.6
RECOVERY,2230.0,21.5,17.21,156.4,157.9,157.3,157.2,829.7,832.8,821.1,826.3,7.4,45.5,18.19,47.8,146.5,148.2,0.7943,0.6471,0.3276,0.621,28.27,41.0,67.1,767.1,25.7,NOMINAL,0.0302,1465.2
CLIMB,5500.7,83.3,33.79,229.8,230.2,229.6,236.3,1486.6,1457.2,1479.8,1488.5,26.42,45.1,17.89,66.7,202.7,196.7,2.7477,2.0459,1.3456,2.1249,28.12,41.1,102.6,11998.6,2.5,NOMINAL,0.0272,1477.6
TRANSIT,4902.5,68.4,28.92,210.3,214.6,216.9,211.6,1396.5,1401.8,1380.5,1373.3,18.56,44.0,17.96,39.8,233.6,183.1,5.2683,3.9203,2.6039,4.0785,28.46,45.4,142.2,17986.0,-13.1,LUBRICATION_FAILURE,0.9879,119.3
TAKEOFF,5810.8,97.4,38.71,238.7,240.2,242.4,236.2,1494.9,1503.1,1498.0,1507.4,32.3,45.1,18.03,70.0,209.6,203.4,3.6911,2.6592,1.7752,2.8194,28.06,42.0,84.7,1274.1,27.0,NOMINAL,0.0688,1462.5
TRANSIT,4933.6,66.8,29.71,201.2,202.0,202.7,205.8,1387.3,1348.4,1385.1,1386.0,18.25,43.9,18.1,61.0,191.0,183.0,1.8396,1.4425,0.9535,1.4577,27.91,40.5,138.7,18019.0,-11.4,NOMINAL,0.044,1472.8
TRANSIT,4862.0,67.2,28.79,204.0,201.6,203.6,204.5,1379.6,1367.3,1377.0,1389.9,18.75,43.7,18.24,61.5,185.9,181.9,1.7981,1.4791,1.0173,1.467,28.05,41.7,141.7,17933.5,-13.2,CYLINDER_MISFIRE,0.0038,1159.1
PREFLIGHT,1394.1,14.9,15.6,136.2,137.1,135.0,136.6,628.1,630.5,643.4,638.8,6.27,44.8,17.77,45.1,130.6,139.4,0.5937,0.4278,0.3141,0.4598,28.42,42.5,-0.4,460.7,27.2,NOMINAL,0.0003,1482.2
DESCENT,3812.2,34.4,19.75,170.3,170.8,171.0,173.6,1118.0,1113.4,1106.5,1130.4,11.59,42.6,18.17,51.6,163.8,161.5,1.2281,0.9053,0.555,0.9374,28.35,40.1,116.5,8004.5,12.0,NOMINAL,0.0819,1471.9
ISR_LOITER,4586.2,59.2,26.38,192.2,195.4,189.5,192.8,1333.5,1318.3,1319.5,1317.4,15.54,45.6,17.96,36.3,222.1,175.9,4.2323,3.2224,2.1629,3.3153,28.32,43.6,127.7,21939.7,-19.2,LUBRICATION_FAILURE,0.9113,267.0
ISR_LOITER,4604.2,56.5,26.57,192.9,191.4,189.0,193.2,1320.9,1322.8,1316.7,1314.3,15.71,45.2,18.13,56.8,181.6,176.3,1.6416,1.3098,0.712,1.2803,28.49,41.0,125.5,22002.2,-23.3,NOMINAL,0.0918,1445.6
DESCENT,3813.2,33.5,19.63,168.1,163.9,172.0,170.9,1104.4,1111.2,1112.4,1120.5,11.28,44.2,18.26,54.6,164.9,158.9,1.3276,0.7683,0.5553,0.9418,28.35,44.1,114.4,8114.0,9.6,NOMINAL,0.11,1448.8
DESCENT,3790.2,33.9,20.03,168.7,169.0,166.6,166.5,1100.0,1076.4,1090.5,1071.9,11.8,44.7,18.22,47.7,176.4,158.6,1.9427,1.3667,0.951,1.4772,28.22,38.5,116.9,7993.1,10.8,LUBRICATION_FAILURE,0.3115,724.9
CLIMB,5538.7,83.2,34.18,234.9,236.1,235.3,237.1,1433.1,1456.8,1439.2,1447.1,27.51,48.2,17.78,66.9,200.4,201.6,2.7359,2.0085,1.4063,2.1211,28.32,42.5,101.7,11919.7,5.1,COOLING_DEGRADATION,0.0661,896.7
CLIMB,5503.7,86.1,33.72,227.8,230.0,231.4,235.7,1453.7,1454.9,1465.1,1459.9,26.5,42.9,17.63,69.3,197.9,202.7,2.7577,2.1463,1.3419,2.1612,28.23,44.1,104.3,11945.7,4.6,NOMINAL,0.0331,1443.2
TRANSIT,4894.6,67.0,29.5,207.2,208.5,202.5,206.3,1390.3,1393.9,1384.6,1418.6,18.21,45.8,17.74,61.6,190.1,182.7,1.8247,1.3821,0.9581,1.4327,28.2,40.0,139.2,17992.7,-11.4,NOMINAL,0.0268,1459.4
TRANSIT,4911.9,69.0,29.51,204.1,200.1,199.5,200.8,1375.4,1369.8,1378.3,1371.8,18.36,43.0,18.12,43.2,224.6,182.3,4.7205,3.5947,2.3655,3.6879,28.0,44.9,142.6,18002.5,-11.8,LUBRICATION_FAILURE,0.8213,344.4
ISR_LOITER,4607.2,58.7,26.81,197.1,195.8,193.5,197.8,1310.0,1305.3,1328.4,1302.2,15.42,45.2,17.97,57.2,182.8,172.8,1.6248,1.2052,0.7994,1.2559,28.37,45.1,125.0,22044.4,-22.0,NOMINAL,0.1062,1427.7
ISR_LOITER,4633.3,58.4,26.49,192.6,193.5,192.7,191.5,1339.6,1314.1,1315.7,1330.3,15.92,45.8,18.1,56.9,181.3,173.7,1.6843,1.1401,0.7604,1.2536,28.09,42.5,124.9,22005.7,-22.1,NOMINAL,0.0688,1472.2
ISR_LOITER,4598.7,57.7,26.94,188.3,192.9,191.5,189.4,1306.6,1301.1,1319.8,1300.2,16.48,45.2,17.92,57.6,180.6,174.5,1.5259,1.2379,0.8496,1.2359,28.35,41.8,127.2,22015.8,-22.3,NOMINAL,0.0328,1451.7
ISR_LOITER,4507.5,57.4,26.29,194.3,175.5,192.6,194.3,1355.9,1248.6,1339.0,1320.7,16.1,44.1,17.95,60.0,179.5,174.4,3.274,2.4368,1.6442,2.5404,28.31,43.0,125.6,22058.8,-23.7,CYLINDER_MISFIRE,0.3827,792.4
ISR_LOITER,4601.3,57.7,26.72,199.9,200.1,199.6,196.9,1301.2,1336.9,1312.6,1325.6,15.61,47.5,20.32,58.2,184.6,171.8,5.1045,3.7545,2.5394,3.9412,28.15,44.5,123.4,22001.9,-21.1,COMBUSTION_INSTABILITY,0.9682,170.8
TAKEOFF,5865.6,99.3,38.7,240.7,243.0,240.2,241.8,1491.2,1490.3,1524.0,1522.5,32.47,44.1,17.81,72.6,213.9,203.6,3.6159,2.7089,1.8833,2.8261,28.24,39.9,86.5,1208.5,26.1,NOMINAL,0.0187,1489.9
DESCENT,3826.5,35.1,19.91,165.1,169.4,165.9,165.2,1120.7,1107.7,1087.7,1106.6,11.44,45.8,17.85,46.8,173.2,162.1,1.4735,1.1085,0.8579,1.1741,28.38,40.6,114.2,8105.4,12.9,LUBRICATION_FAILURE,0.1753,1088.5
ISR_LOITER,4578.7,58.7,26.71,197.9,194.2,196.1,196.5,1338.2,1301.6,1330.2,1307.2,15.69,47.3,17.84,55.6,178.1,176.4,1.8332,1.3224,0.9823,1.423,28.26,40.3,124.6,22106.6,-22.3,CYLINDER_MISFIRE,0.0544,1194.5
DESCENT,3757.6,35.4,20.07,171.2,171.1,171.8,165.4,1088.9,1106.0,1105.0,1093.7,11.07,44.0,18.12,50.7,165.4,162.1,1.1303,0.8196,0.5619,0.8689,28.07,42.1,111.6,8080.3,10.7,NOMINAL,0.0955,1452.8
CLIMB,5493.2,84.7,34.19,263.7,267.8,262.3,263.8,1446.9,1441.5,1426.2,1436.0,26.5,43.7,18.22,69.3,203.6,230.5,2.7886,2.0391,1.4699,2.1676,28.29,43.2,106.1,12059.3,3.5,COOLING_DEGRADATION,0.4722,698.1
TAKEOFF,5769.7,98.0,39.2,266.5,270.6,267.0,267.3,1517.7,1517.5,1527.2,1524.9,32.1,44.6,17.73,72.6,206.3,228.6,3.5483,2.7327,1.7596,2.7782,28.07,42.6,85.9,1147.7,27.6,COOLING_DEGRADATION,0.3703,752.4
ISR_LOITER,4569.3,58.1,26.09,195.6,190.7,191.1,195.0,1319.4,1292.5,1329.1,1322.7,15.53,45.1,17.61,59.1,178.3,174.3,1.5912,1.2725,0.8234,1.2687,27.84,41.1,125.5,21995.7,-22.2,SENSOR_DRIFT,0.1694,911.4
PREFLIGHT,1400.2,14.9,15.99,138.8,143.7,138.9,141.4,630.0,619.0,636.9,644.1,6.07,42.6,17.55,46.7,130.0,136.2,0.6185,0.381,0.2872,0.451,27.95,43.4,0.6,537.0,29.3,NOMINAL,0.0546,1445.3
PREFLIGHT,1397.4,16.3,15.53,140.7,142.2,137.0,142.2,653.4,638.7,656.4,651.3,6.13,43.2,17.98,44.1,134.0,135.3,0.6183,0.4363,0.3624,0.4844,28.27,44.3,2.1,480.7,28.7,NOMINAL,0.0381,1458.9
DESCENT,3820.4,35.1,20.02,173.7,173.3,174.8,177.1,1098.5,1097.8,1082.1,1076.8,11.3,44.8,18.09,51.1,167.8,157.6,1.1843,0.8765,0.6549,0.9309,28.17,41.1,115.2,7960.6,12.0,NOMINAL,0.0218,1467.0
ISR_LOITER,4605.5,58.3,26.81,201.6,200.4,201.4,203.0,1326.7,1319.1,1313.5,1320.7,15.46,44.1,18.03,59.7,179.4,174.6,1.4414,1.3433,0.7885,1.2253,27.79,42.3,125.9,21988.5,-22.9,NOMINAL,0.0043,1462.9
TRANSIT,4922.4,67.6,28.88,205.0,207.7,211.6,205.3,1368.2,1374.0,1382.8,1380.9,18.45,44.5,18.42,63.7,191.5,183.4,1.8925,1.4489,1.0403,1.5015,28.28,39.4,142.8,18074.8,-10.8,NOMINAL,0.023,1465.6
CLIMB,5509.5,85.6,33.75,231.2,230.3,233.2,232.7,1453.8,1451.0,1452.5,1468.3,27.53,43.8,17.89,67.7,199.5,196.3,2.8469,2.0963,1.4109,2.1977,27.94,39.6,103.9,12030.4,5.5,NOMINAL,0.1061,1465.1
PREFLIGHT,1425.2,16.5,16.28,151.0,151.3,155.3,150.8,669.6,664.2,660.9,666.9,6.03,45.2,17.94,41.9,129.0,151.1,0.6416,0.4359,0.3049,0.4812,28.08,41.0,0.0,489.2,27.2,COOLING_DEGRADATION,0.219,775.3
ISR_LOITER,4372.9,58.8,26.39,193.1,161.5,190.7,195.2,1339.4,1137.1,1317.4,1332.1,16.06,45.0,18.18,58.3,180.6,178.0,4.6581,3.429,2.3403,3.6025,28.12,39.9,126.2,22000.0,-23.8,CYLINDER_MISFIRE,0.6914,395.2
CLIMB,5326.6,86.1,33.35,231.7,189.3,228.5,229.4,1469.2,1213.0,1469.7,1455.7,27.15,44.8,18.05,68.3,202.6,197.5,9.4267,7.1523,4.7955,7.3714,28.14,43.0,103.3,12034.9,5.9,CYLINDER_MISFIRE,0.8483,325.1
ISR_LOITER,4609.8,57.0,26.09,193.4,197.4,198.9,197.6,1299.3,1312.9,1308.0,1302.6,15.83,44.9,17.95,59.5,182.6,174.4,1.5856,1.1851,0.8257,1.2384,28.25,40.9,124.7,21925.2,-23.6,NOMINAL,0.0013,1454.0
ISR_LOITER,4570.5,58.2,26.96,194.0,198.8,196.7,192.9,1336.2,1328.4,1323.5,1327.8,16.25,44.1,17.92,57.9,177.5,176.5,1.578,1.1769,0.7679,1.2199,28.19,42.2,127.0,22051.2,-23.1,NOMINAL,0.0094,1457.7
ISR_LOITER,4590.1,58.5,26.59,200.5,199.1,200.3,196.7,1334.3,1313.1,1313.6,1314.7,15.6,47.3,18.1,58.7,176.2,177.6,1.5169,1.1978,0.7648,1.2001,28.24,44.3,123.1,21964.1,-21.9,NOMINAL,0.0132,1490.1
CLIMB,5539.2,84.0,33.88,221.6,229.0,225.2,224.6,1464.9,1454.7,1458.2,1464.7,26.61,45.8,18.42,65.8,201.1,196.4,2.8553,2.1203,1.494,2.2271,28.46,39.8,106.5,12037.4,6.2,NOMINAL,0.1195,1431.1
TRANSIT,4854.4,68.7,28.97,207.6,197.6,211.2,206.8,1393.7,1342.9,1376.3,1395.2,18.61,46.1,17.87,61.5,188.5,182.1,2.7331,2.0831,1.4495,2.1533,28.27,43.8,139.7,18002.7,-11.8,CYLINDER_MISFIRE,0.1609,1067.2
ISR_LOITER,4435.3,58.3,26.28,205.4,175.4,200.3,199.4,1327.7,1136.1,1301.2,1311.1,15.8,45.4,18.06,56.9,180.0,178.4,4.2682,3.2925,2.1235,3.345,28.14,43.7,120.9,22104.9,-23.3,CYLINDER_MISFIRE,0.6144,517.1
ISR_LOITER,4616.0,57.1,26.67,199.5,199.0,200.6,197.5,1295.2,1316.1,1304.0,1321.8,16.08,45.0,17.82,57.8,181.9,172.0,1.5676,1.1031,0.7479,1.188,28.11,41.6,125.7,22035.1,-20.6,NOMINAL,0.0303,1473.4
TRANSIT,4940.1,68.2,28.83,203.5,208.7,209.2,204.2,1383.3,1370.9,1377.3,1372.8,18.25,45.2,17.64,61.2,196.0,178.9,1.8696,1.4423,0.941,1.4675,28.08,43.5,140.3,17968.8,-11.1,SENSOR_DRIFT,0.0056,971.7
ISR_LOITER,4643.9,59.5,26.66,188.1,196.5,191.3,194.0,1309.2,1290.5,1301.1,1295.9,16.12,46.0,17.95,56.7,180.4,177.2,1.4815,1.3268,0.7878,1.235,28.18,44.4,124.9,21994.7,-22.9,NOMINAL,0.0747,1467.6
ISR_LOITER,4585.6,55.9,26.43,190.4,187.7,193.9,190.0,1333.0,1344.3,1327.5,1328.0,16.38,44.6,18.21,57.9,180.3,175.3,1.5704,1.1679,0.7674,1.2137,28.01,41.3,124.5,22020.4,-22.1,NOMINAL,0.0153,1461.6
TRANSIT,4887.2,66.6,29.39,202.0,200.9,204.4,200.0,1369.5,1350.7,1381.5,1352.4,19.5,44.9,17.94,62.0,185.9,183.3,1.8673,1.4062,1.0143,1.4712,27.94,41.7,139.8,18006.9,-12.6,NOMINAL,0.0974,1428.7
DESCENT,3792.0,34.2,20.2,169.7,168.5,166.8,172.4,1115.7,1112.5,1115.4,1121.3,10.53,45.1,17.64,51.4,165.7,159.3,1.341,0.8825,0.5615,0.9819,28.2,40.4,113.2,8046.8,13.0,NOMINAL,0.0831,1432.7
ISR_LOITER,4652.2,57.9,26.24,198.5,198.9,198.6,197.6,1336.4,1334.1,1314.1,1312.8,15.38,46.0,17.91,58.2,183.1,177.2,1.4262,1.2438,0.8028,1.1868,27.0,41.5,124.4,21934.4,-21.8,SENSOR_DRIFT,0.6129,492.6
ISR_LOITER,4654.4,57.0,26.14,196.7,198.9,201.9,198.2,1324.2,1321.0,1317.3,1329.5,15.72,45.6,18.3,39.0,215.2,172.3,4.1164,3.0054,2.0211,3.1655,28.08,42.9,128.8,22007.6,-21.4,LUBRICATION_FAILURE,0.8389,310.3
ISR_LOITER,4631.9,59.6,25.9,192.3,192.4,197.6,191.9,1333.7,1314.1,1295.9,1306.4,15.87,42.4,18.09,59.0,174.2,172.4,1.5698,1.3137,0.7811,1.2649,28.12,40.9,123.5,21968.2,-22.7,INJECTOR_CLOGGING,0.1354,911.9
TAKEOFF,5782.1,97.4,38.34,244.2,241.2,241.9,240.5,1524.9,1499.4,1505.3,1502.7,32.43,46.9,18.44,73.4,209.8,207.2,3.7187,2.7706,1.7933,2.8706,28.18,41.0,84.5,1160.0,26.9,NOMINAL,0.0826,1477.2
ISR_LOITER,4632.3,59.2,27.08,188.7,189.0,190.3,192.0,1312.5,1345.2,1318.5,1323.2,15.86,43.4,18.06,55.6,179.6,176.3,1.553,1.2116,0.7699,1.221,28.03,42.7,127.1,22052.1,-22.2,NOMINAL,0.0696,1442.7
ISR_LOITER,4442.4,55.9,26.62,198.4,178.3,197.8,196.1,1317.7,1219.6,1342.5,1347.9,15.61,46.8,17.97,58.7,181.5,175.1,3.442,2.6803,1.6397,2.6907,28.21,39.2,121.4,21997.3,-22.5,CYLINDER_MISFIRE,0.4128,710.6
ISR_LOITER,4570.0,56.2,26.09,194.2,197.7,195.6,193.9,1342.7,1355.1,1338.4,1347.5,15.92,45.4,17.84,58.7,177.1,175.7,1.7098,1.3082,0.7479,1.3158,28.27,40.9,125.3,22096.1,-21.1,NOMINAL,0.1034,1451.2
PREFLIGHT,1383.7,13.5,16.6,144.6,145.0,144.4,144.2,649.4,660.0,657.0,671.0,5.59,43.9,17.6,45.2,133.2,134.1,0.7092,0.4916,0.3433,0.5362,26.91,44.7,-0.4,534.3,29.8,SENSOR_DRIFT,0.7677,437.3
CLIMB,5514.4,84.1,33.73,235.4,236.5,236.9,235.0,1448.2,1440.2,1444.7,1457.2,27.36,46.2,18.0,67.7,197.4,197.3,2.8139,2.1653,1.3033,2.1837,28.15,38.6,101.8,12065.9,3.7,NOMINAL,0.0153,1452.1
TRANSIT,4902.7,66.8,29.04,209.2,208.6,212.0,206.8,1401.3,1386.6,1377.0,1374.2,19.15,44.8,17.82,61.9,186.9,180.9,1.8603,1.4255,0.9879,1.4684,27.97,44.0,138.1,18012.8,-12.1,NOMINAL,0.0997,1429.3
TRANSIT,4879.8,69.1,28.76,207.8,206.9,211.4,207.0,1386.7,1395.0,1392.7,1386.0,18.21,45.9,18.14,62.4,185.4,180.2,2.7854,2.022,1.4359,2.1532,28.31,41.0,139.5,17944.8,-11.5,COMBUSTION_INSTABILITY,0.2048,942.2
TAKEOFF,5839.2,97.0,37.96,240.2,245.8,238.1,244.3,1494.1,1510.5,1498.7,1507.5,32.28,44.1,18.05,73.3,209.8,205.6,3.7249,2.6581,1.8452,2.8487,28.58,44.7,88.3,1236.4,28.2,NOMINAL,0.0699,1436.4
RECOVERY,2195.1,21.3,17.54,150.7,152.4,156.1,153.8,864.1,844.7,848.3,852.9,7.42,43.3,18.11,46.5,145.0,143.7,0.7481,0.5924,0.4281,0.6038,28.01,40.7,68.5,898.3,26.5,NOMINAL,0.0043,1455.5
CLIMB,5532.0,85.2,33.91,228.2,231.1,232.8,232.8,1435.8,1455.4,1460.5,1454.9,27.35,43.3,17.77,68.9,199.3,200.3,2.8245,2.0463,1.3527,2.1599,27.92,43.0,104.8,12045.8,5.3,NOMINAL,0.0837,1435.3
ISR_LOITER,4600.0,58.8,26.22,197.0,198.1,200.1,200.1,1324.7,1327.0,1321.2,1314.9,15.98,44.5,17.79,57.4,176.7,172.5,1.7623,1.2676,0.788,1.3333,28.28,40.6,126.3,22013.1,-22.7,NOMINAL,0.0435,1447.0
ISR_LOITER,4591.9,57.6,26.27,186.2,188.7,191.0,191.5,1315.9,1320.4,1322.7,1300.6,15.25,45.1,18.11,56.7,180.5,178.6,1.4931,1.2004,0.8519,1.2105,28.17,42.6,126.8,21984.9,-23.1,NOMINAL,0.0583,1480.3
ISR_LOITER,4604.5,59.0,26.57,204.0,203.3,202.4,203.5,1301.0,1283.6,1318.5,1314.5,15.77,43.9,17.96,55.4,180.2,181.3,1.6085,1.1577,0.7926,1.2323,28.03,44.3,125.7,21965.6,-22.2,COOLING_DEGRADATION,0.1558,884.3
ISR_LOITER,4640.2,59.5,26.33,193.7,195.7,195.4,194.4,1320.1,1332.0,1314.5,1313.9,15.64,46.4,17.83,57.1,180.3,174.9,1.5696,1.228,0.7763,1.2348,28.36,42.4,127.0,21960.5,-22.1,NOMINAL,0.027,1465.2
ISR_LOITER,4609.3,58.1,26.11,194.6,197.3,196.0,199.0,1317.9,1328.6,1335.0,1335.8,15.39,45.7,18.16,57.2,180.6,175.8,1.5612,1.2769,0.8118,1.2552,28.17,40.2,127.3,22003.7,-21.9,NOMINAL,0.0756,1469.6
ISR_LOITER,4578.8,55.8,26.29,196.3,195.7,196.4,201.8,1326.6,1319.8,1323.0,1322.0,15.83,43.9,18.16,58.4,178.4,177.0,1.4478,1.3292,0.8943,1.2467,28.46,41.3,125.5,21968.9,-21.6,NOMINAL,0.0124,1495.9
ISR_LOITER,4664.7,59.3,26.53,193.2,192.4,190.6,194.6,1328.6,1312.3,1332.0,1328.7,15.59,46.0,17.96,56.4,176.5,177.9,1.7662,1.3221,0.8759,1.3705,28.38,42.2,128.1,22007.3,-24.7,CYLINDER_MISFIRE,0.0349,921.1
TRANSIT,4931.7,66.8,29.26,212.3,201.4,203.5,199.1,1382.1,1366.8,1377.8,1360.1,17.85,44.1,18.27,62.9,184.8,177.2,1.8743,1.4905,0.9121,1.4795,28.36,42.2,143.5,17966.1,-12.1,NOMINAL,0.0231,1446.5
TRANSIT,4914.8,66.3,29.21,221.8,217.8,219.6,221.9,1373.2,1372.6,1377.0,1382.1,18.0,45.4,18.19,63.2,187.7,201.4,1.9659,1.4378,1.0047,1.5212,28.22,41.4,136.5,17988.5,-13.2,COOLING_DEGRADATION,0.3049,899.2
CLIMB,5454.3,84.8,34.05,230.6,231.1,233.6,232.0,1434.1,1456.0,1464.9,1461.4,26.59,44.1,19.48,68.8,201.2,197.7,7.3859,5.4955,3.7236,5.7335,27.95,43.2,106.2,12058.4,5.1,COMBUSTION_INSTABILITY,0.749,427.2
TAKEOFF,5798.3,98.3,38.64,237.0,243.0,237.7,239.8,1522.0,1528.6,1516.8,1538.3,32.17,45.1,17.99,70.9,204.9,207.1,3.6116,2.5956,1.7043,2.7499,28.15,41.9,84.6,1272.2,25.3,NOMINAL,0.0806,1442.7
TRANSIT,4905.3,68.2,28.9,199.7,199.0,201.2,201.4,1376.9,1386.4,1383.1,1385.8,19.0,45.5,18.07,60.7,186.5,183.0,1.773,1.4036,0.9118,1.4077,28.18,41.7,140.3,18023.3,-11.0,NOMINAL,0.1086,1454.7
DESCENT,3791.9,34.0,20.14,173.1,176.2,170.1,176.0,1073.1,1075.6,1087.9,1086.8,11.16,44.1,17.75,51.9,164.6,158.4,1.1796,0.9151,0.6535,0.9409,28.23,41.7,113.4,7962.8,12.2,NOMINAL,0.0317,1477.4
PREFLIGHT,1406.8,14.8,16.27,138.9,138.7,141.1,138.9,645.2,635.7,642.5,643.6,7.15,43.4,18.16,43.8,132.7,133.6,0.6829,0.4633,0.2334,0.4951,28.23,42.8,1.2,488.2,30.6,NOMINAL,0.0131,1463.5
RECOVERY,2167.1,21.0,17.42,153.6,150.7,150.4,154.7,856.0,824.6,838.0,839.9,7.65,44.4,17.78,49.0,141.1,148.8,0.7357,0.6146,0.458,0.6134,28.1,41.4,64.2,913.9,25.9,NOMINAL,0.0823,1440.7
ISR_LOITER,4595.7,57.4,26.74,193.5,195.2,192.0,191.9,1316.4,1310.0,1316.9,1293.8,15.38,44.9,20.59,57.8,180.2,176.2,5.0202,3.8763,2.6125,3.9603,28.15,40.7,126.8,22086.0,-21.9,COMBUSTION_INSTABILITY,1.0,134.9
TAKEOFF,5798.7,97.1,37.79,239.6,238.6,243.2,240.6,1496.8,1499.9,1481.6,1513.0,31.95,42.6,17.95,71.0,209.3,204.5,3.6333,2.6586,1.8477,2.8097,28.2,40.7,85.8,1194.0,26.5,INJECTOR_CLOGGING,0.2196,769.1
CLIMB,5535.4,85.8,30.93,226.8,229.5,254.0,235.5,1455.9,1432.4,1352.5,1429.9,24.96,37.8,17.89,69.5,198.9,201.5,2.7544,2.1532,1.4058,2.1756,28.3,40.5,101.3,11953.1,4.6,INJECTOR_CLOGGING,0.8299,251.0
ISR_LOITER,4601.0,57.8,26.39,191.5,193.1,192.8,191.1,1318.9,1300.8,1313.9,1324.0,15.96,45.0,18.04,58.9,180.2,177.4,1.4303,1.2495,0.6913,1.1669,28.11,43.1,126.2,21951.5,-22.0,NOMINAL,0.0434,1490.2
ISR_LOITER,4585.1,57.4,26.61,198.0,199.9,192.6,199.1,1332.0,1322.1,1314.5,1302.1,15.82,44.5,17.72,57.0,179.9,175.5,1.518,1.0572,0.7872,1.1607,28.06,41.3,120.9,21984.0,-21.6,NOMINAL,0.1099,1444.9
PREFLIGHT,1402.0,14.2,15.6,140.8,141.7,142.4,138.6,641.8,642.3,658.2,668.9,6.44,45.1,17.79,46.1,129.3,133.0,0.6578,0.5298,0.3369,0.525,28.56,40.9,-0.9,456.0,27.1,NOMINAL,0.0567,1469.8
CLIMB,5332.5,84.0,33.98,225.1,188.8,228.7,226.4,1445.9,1232.0,1456.9,1476.2,26.82,45.2,18.05,66.4,197.0,197.5,9.2001,6.7813,4.5684,7.1063,28.1,39.1,105.5,12020.5,5.7,CYLINDER_MISFIRE,0.8095,316.6
DESCENT,3735.7,33.5,16.52,171.5,171.5,196.6,171.1,1118.5,1107.3,991.2,1107.8,8.55,39.4,17.78,49.5,165.4,157.1,1.1801,1.0087,0.6002,0.9609,28.2,41.4,118.0,8021.2,11.5,INJECTOR_CLOGGING,0.931,168.0
ISR_LOITER,4637.0,57.5,26.41,199.0,192.5,195.2,193.4,1270.7,1296.6,1299.2,1292.6,16.38,47.2,18.06,58.6,177.7,172.7,1.5476,1.32,0.7726,1.2563,28.4,40.9,123.1,21975.0,-22.5,NOMINAL,0.04,1480.2
PREFLIGHT,1398.6,14.8,14.61,143.4,144.8,151.8,141.1,651.4,643.2,600.0,639.3,4.58,43.1,17.93,44.3,128.3,133.2,0.517,0.3725,0.2648,0.3984,28.18,43.0,-0.2,449.6,27.5,INJECTOR_CLOGGING,0.3996,666.7
TAKEOFF,5785.0,99.6,35.46,239.0,232.4,259.1,236.0,1521.8,1519.8,1426.7,1520.5,31.09,40.8,18.17,71.3,209.2,207.3,3.695,2.649,1.7,2.8024,27.93,43.8,87.7,1200.9,27.3,INJECTOR_CLOGGING,0.7919,349.3
ISR_LOITER,4589.2,57.7,26.27,195.3,199.2,198.1,197.5,1316.8,1323.0,1314.9,1346.1,16.71,44.0,17.95,56.7,176.2,178.4,1.588,1.1343,0.7134,1.1996,28.23,42.5,125.8,22053.5,-21.1,NOMINAL,0.1134,1439.7
CLIMB,5467.8,83.6,34.28,230.9,232.6,232.4,231.9,1468.4,1456.7,1466.9,1464.9,26.42,47.4,18.12,65.6,197.1,201.2,2.8144,2.1336,1.4194,2.1976,28.36,43.7,103.2,12025.2,3.6,NOMINAL,0.0476,1469.2
TAKEOFF,5745.7,98.0,38.99,239.4,242.0,240.0,237.9,1522.1,1535.9,1506.1,1511.0,32.46,44.6,18.08,70.5,208.9,205.1,3.6069,2.8562,1.8392,2.8607,27.97,40.5,82.3,1280.7,25.9,NOMINAL,0.0372,1479.7
ISR_LOITER,4614.7,57.6,26.42,190.6,193.4,194.7,190.6,1345.2,1333.5,1354.8,1340.9,15.63,44.1,20.45,58.9,180.4,175.9,5.0136,3.8035,2.5391,3.9179,28.38,43.2,125.3,22020.7,-23.2,COMBUSTION_INSTABILITY,0.9747,131.2
TAKEOFF,5796.9,97.5,38.23,237.1,239.2,237.5,238.9,1511.9,1502.6,1519.5,1517.1,32.83,45.5,17.93,71.5,209.9,207.8,3.6894,2.6134,1.813,2.8124,27.83,41.3,83.6,1227.8,25.9,NOMINAL,0.0985,1453.2
PREFLIGHT,1272.3,14.8,16.01,146.3,127.2,144.9,144.2,648.1,541.8,636.5,660.6,6.19,43.7,18.29,44.5,126.6,133.4,1.0446,0.8542,0.6885,0.8746,28.27,42.0,-1.2,493.1,29.1,CYLINDER_MISFIRE,0.3579,777.3
ISR_LOITER,4596.0,57.8,26.3,199.5,197.8,196.4,197.3,1332.8,1323.9,1335.5,1351.7,15.73,45.6,17.87,59.3,178.7,174.2,1.6414,1.1406,0.8216,1.2477,28.36,42.2,126.7,21935.4,-21.6,NOMINAL,0.0132,1459.5
ISR_LOITER,4588.6,55.0,26.31,187.2,189.8,189.7,189.7,1310.8,1291.8,1313.2,1298.4,15.98,43.9,17.96,57.9,180.7,173.3,1.6529,1.1212,0.885,1.2613,28.09,39.1,124.9,21979.4,-22.9,NOMINAL,0.1186,1441.6
TRANSIT,4886.8,67.4,28.45,206.1,206.3,203.5,204.0,1381.0,1398.0,1395.8,1389.3,19.31,45.6,18.13,64.2,189.4,185.3,1.9023,1.3866,0.9452,1.4646,28.24,40.6,138.6,17978.9,-13.1,NOMINAL,0.0797,1480.9
TAKEOFF,5785.3,98.7,38.74,235.7,237.9,235.3,233.3,1518.8,1511.7,1501.2,1523.2,32.71,45.2,17.74,70.0,210.4,208.4,3.7036,2.6824,1.8106,2.8396,28.32,41.8,82.3,1059.0,27.2,SENSOR_DRIFT,0.012,1007.3
ISR_LOITER,4586.3,59.4,26.93,195.7,193.0,190.6,192.7,1316.8,1332.2,1340.7,1341.9,15.62,45.1,17.8,60.1,182.9,176.4,1.5786,1.1506,0.8423,1.2282,28.23,40.5,127.1,21977.6,-22.9,NOMINAL,0.0251,1493.5
CLIMB,5523.7,86.3,34.35,230.0,235.9,232.9,230.6,1433.3,1426.9,1458.1,1458.3,26.98,44.5,18.23,65.8,204.0,199.5,2.6998,2.1472,1.3658,2.142,28.0,43.2,102.8,11933.2,5.5,NOMINAL,0.0095,1453.7
ISR_LOITER,4549.1,58.5,26.49,199.2,197.1,197.7,199.7,1328.6,1343.3,1342.3,1326.6,15.84,44.0,17.98,59.4,178.9,174.3,1.5065,1.1662,0.8307,1.1999,28.16,40.3,125.4,21997.4,-20.9,NOMINAL,0.0256,1449.9
TAKEOFF,5796.6,97.0,37.14,233.1,233.4,246.2,236.5,1511.0,1512.1,1485.0,1504.5,31.84,42.9,17.81,72.9,210.1,202.9,3.5223,2.7288,1.8507,2.7856,28.24,43.3,87.5,1188.7,27.2,INJECTOR_CLOGGING,0.2776,749.5
PREFLIGHT,1416.7,13.9,16.31,149.8,145.7,143.8,139.9,640.2,645.4,644.2,628.0,5.94,45.8,18.12,46.4,130.2,134.9,0.6409,0.4557,0.2235,0.472,28.43,43.4,0.8,431.6,28.8,NOMINAL,0.1096,1439.6
TRANSIT,4889.0,67.7,29.32,204.7,202.4,203.3,201.6,1380.5,1368.5,1379.1,1387.4,18.06,43.8,18.08,63.2,192.0,181.5,1.8802,1.4749,0.9785,1.4909,28.16,42.0,138.7,17942.2,-12.1,NOMINAL,0.0041,1479.3
TRANSIT,4913.3,68.4,29.38,209.5,206.7,209.6,208.0,1392.1,1387.8,1378.8,1372.6,18.3,45.2,17.84,61.8,190.2,184.3,1.9383,1.5068,0.8867,1.507,28.39,40.0,140.0,17959.4,-11.3,NOMINAL,0.0372,1470.2
ISR_LOITER,4560.9,57.3,26.71,195.2,196.5,195.9,192.9,1333.4,1348.5,1320.8,1343.5,15.73,44.1,17.95,60.4,176.6,172.6,1.445,1.1737,0.7688,1.1628,28.22,41.3,125.9,21960.6,-19.9,NOMINAL,0.0219,1456.4
TRANSIT,4893.8,67.8,28.86,203.8,204.6,200.6,200.5,1380.5,1406.3,1410.0,1399.8,18.34,45.5,18.25,64.8,185.7,182.4,1.8742,1.4602,0.9526,1.4779,28.05,42.6,138.6,17998.2,-12.0,NOMINAL,0.0813,1463.2
RECOVERY,2242.2,22.7,17.23,156.5,154.2,156.0,156.7,848.6,851.6,854.4,880.9,7.2,45.4,20.31,46.6,146.4,145.2,2.5925,1.7954,1.2052,1.9491,28.29,43.1,65.5,773.4,24.4,COMBUSTION_INSTABILITY,0.9528,151.6
ISR_LOITER,4567.8,57.7,26.73,198.3,199.6,196.6,199.2,1319.1,1321.6,1315.9,1300.6,15.89,43.9,18.35,60.6,177.7,173.3,1.4154,1.2441,0.7713,1.1756,28.24,41.2,121.8,22010.5,-20.7,NOMINAL,0.0739,1461.1
TAKEOFF,5799.3,98.5,38.44,233.7,241.3,236.5,238.5,1546.4,1535.5,1557.5,1550.4,32.46,45.9,17.97,68.7,206.6,205.0,3.5746,2.6946,1.783,2.782,28.03,39.9,83.3,1237.7,26.2,NOMINAL,0.0933,1464.3
TRANSIT,4892.3,67.7,29.17,205.6,204.6,208.0,205.9,1387.4,1383.7,1377.5,1405.6,18.99,44.4,18.41,63.4,185.8,183.8,1.9333,1.4349,1.0007,1.5053,28.25,39.0,137.3,17957.2,-10.0,NOMINAL,0.0962,1448.8
RECOVERY,2216.3,23.0,18.0,156.2,158.4,156.8,156.7,838.7,837.5,842.9,828.3,7.75,42.8,18.21,47.2,144.8,149.1,0.777,0.5557,0.4143,0.6011,28.53,43.2,63.5,782.4,25.5,NOMINAL,0.0447,1456.1
CLIMB,5491.8,85.3,29.8,230.1,229.4,257.6,231.2,1461.8,1448.5,1345.5,1455.8,24.6,36.6,18.08,69.9,201.3,197.7,2.761,1.9834,1.388,2.12,28.06,41.2,105.1,11921.9,4.0,INJECTOR_CLOGGING,0.9769,187.6
DESCENT,3809.7,33.7,19.99,167.1,168.3,168.3,166.3,1088.7,1106.3,1110.9,1107.5,11.87,46.6,18.27,53.1,162.1,160.4,1.3792,1.0995,0.7062,1.0969,28.1,40.8,114.2,7971.4,12.6,COMBUSTION_INSTABILITY,0.1062,985.9
PREFLIGHT,1407.3,15.3,15.68,137.4,137.2,136.9,139.6,649.9,651.3,635.0,653.6,6.25,45.3,18.29,43.9,131.0,135.7,0.6364,0.4314,0.3382,0.4849,28.09,41.3,-0.4,488.5,28.4,NOMINAL,0.1076,1435.3
ISR_LOITER,4606.5,57.8,26.82,191.7,189.2,191.9,192.0,1324.4,1323.3,1305.7,1330.4,15.62,44.3,18.27,59.3,179.1,174.9,1.9153,1.3259,0.7813,1.4185,28.28,43.4,121.8,21999.0,-22.5,COMBUSTION_INSTABILITY,0.0689,984.7
ISR_LOITER,4546.7,59.5,26.68,195.5,183.0,192.9,193.8,1327.0,1251.5,1334.2,1336.6,16.39,43.7,17.79,57.0,179.7,176.1,2.4064,1.929,1.293,1.9308,28.34,41.5,120.5,22080.1,-22.6,CYLINDER_MISFIRE,0.2,1060.5
ISR_LOITER,4617.9,58.2,26.63,191.2,192.4,194.3,191.3,1332.5,1332.2,1338.0,1345.8,15.98,46.4,17.69,58.3,181.2,176.2,1.4067,1.1777,0.8407,1.1651,27.72,40.2,126.1,22015.0,-21.8,SENSOR_DRIFT,0.2016,762.3
TRANSIT,4883.8,66.7,29.28,217.1,214.7,215.6,214.9,1382.5,1352.5,1354.5,1361.3,18.73,46.6,18.1,38.5,231.7,183.0,5.2339,3.9803,2.6346,4.0897,28.05,44.3,138.0,17980.3,-13.6,LUBRICATION_FAILURE,0.9915,171.9
ISR_LOITER,4595.8,56.2,26.39,197.7,195.2,195.0,195.2,1320.4,1312.7,1307.8,1341.9,15.74,45.0,18.01,56.9,180.4,172.4,1.6573,1.1846,0.8564,1.2758,28.28,42.6,123.4,22003.5,-21.2,NOMINAL,0.0801,1472.6
ISR_LOITER,4562.5,58.1,24.05,191.1,193.0,216.6,191.0,1293.3,1301.1,1218.6,1321.6,13.37,38.0,17.84,60.1,177.5,175.4,1.7054,1.1905,0.7459,1.2757,28.28,42.2,125.9,22028.9,-21.5,INJECTOR_CLOGGING,0.7698,399.6
ISR_LOITER,4607.4,58.8,26.48,190.2,195.4,193.2,193.5,1324.4,1327.1,1320.6,1315.6,15.44,47.6,18.08,56.0,181.9,180.2,1.4771,1.236,0.7439,1.1921,28.37,38.8,125.2,22022.2,-23.4,NOMINAL,0.0121,1488.6
TRANSIT,4922.7,67.9,29.39,208.9,210.8,210.0,208.7,1368.6,1380.6,1365.9,1383.5,18.94,44.0,17.92,61.1,190.1,182.1,1.8707,1.4639,0.926,1.4719,28.17,40.3,141.7,17945.4,-10.6,NOMINAL,0.0733,1460.6
PREFLIGHT,1406.0,16.7,15.6,134.3,134.7,135.3,138.4,669.6,660.1,665.5,665.3,5.8,43.9,17.59,47.2,128.7,135.0,0.6431,0.3917,0.2576,0.4595,28.06,37.7,-0.1,616.9,27.5,NOMINAL,0.1199,1461.5
TAKEOFF,5779.1,98.5,38.47,238.9,239.8,241.8,240.6,1533.3,1523.2,1535.5,1505.8,32.63,43.5,18.22,56.6,237.8,203.3,7.761,5.815,3.8399,6.022,28.3,42.3,85.2,1239.1,28.8,LUBRICATION_FAILURE,0.6339,572.8
ISR_LOITER,4607.0,57.6,26.59,198.6,192.6,196.4,197.1,1341.9,1335.9,1354.9,1344.4,15.38,46.2,18.09,57.0,178.5,173.4,1.6947,1.2354,0.8478,1.306,28.23,41.0,123.4,22053.7,-21.6,NOMINAL,0.0134,1470.0
PREFLIGHT,1397.7,15.0,12.98,140.0,139.0,160.2,142.0,652.3,643.9,545.7,632.7,4.02,40.0,17.98,45.5,128.0,135.2,0.545,0.4089,0.2856,0.4265,28.14,41.8,2.1,394.4,27.5,INJECTOR_CLOGGING,0.8136,266.8
ISR_LOITER,4615.8,58.0,26.2,195.0,195.4,196.2,195.0,1308.8,1296.4,1294.2,1286.3,15.83,46.0,18.23,59.3,179.3,178.7,1.5241,1.1403,0.8383,1.2008,28.41,44.7,127.0,22036.7,-21.2,NOMINAL,0.062,1480.8
ISR_LOITER,4592.3,57.5,26.67,197.3,194.4,197.0,192.2,1345.2,1330.4,1331.8,1351.3,15.96,44.8,18.2,60.2,178.0,173.6,1.6649,1.2184,0.7069,1.2591,28.47,41.3,123.0,22000.6,-21.1,NOMINAL,0.0646,1455.5
ISR_LOITER,4628.4,60.8,26.63,194.5,197.8,195.5,196.6,1322.9,1322.0,1326.8,1324.2,15.99,47.2,18.04,58.4,178.9,176.8,1.8911,1.5303,1.035,1.5264,28.38,41.4,130.6,21970.7,-23.1,COMBUSTION_INSTABILITY,0.1198,968.7
RECOVERY,2200.9,22.8,17.3,149.1,152.9,149.0,150.2,875.0,870.9,858.1,872.7,6.63,43.6,18.35,47.7,146.4,149.4,0.7725,0.607,0.3414,0.6005,28.22,41.3,69.2,764.9,26.5,NOMINAL,0.0703,1470.6
ISR_LOITER,4593.2,58.2,26.65,192.5,194.1,195.3,188.8,1312.6,1309.3,1308.1,1318.5,15.81,43.7,18.77,58.7,177.8,173.6,3.0847,2.2685,1.5828,2.3921,28.18,45.3,124.6,22059.9,-22.8,COMBUSTION_INSTABILITY,0.4008,788.0
ISR_LOITER,4582.6,57.8,26.3,201.0,198.9,198.7,198.3,1318.0,1303.3,1298.4,1310.7,15.77,47.4,18.18,58.5,182.9,172.1,1.6449,1.2061,0.7898,1.2628,28.16,43.7,121.3,22023.6,-23.4,NOMINAL,0.0014,1461.7
ISR_LOITER,4593.9,56.8,26.65,188.0,190.4,190.5,193.3,1313.9,1313.6,1310.2,1319.4,15.98,45.6,18.37,56.3,181.9,174.9,1.7067,1.2709,0.7918,1.3108,28.02,44.0,124.1,22006.1,-23.1,NOMINAL,0.0045,1453.4
DESCENT,3809.6,34.2,19.44,172.4,171.8,171.2,173.3,1086.3,1096.5,1099.2,1108.5,11.22,43.6,18.13,41.7,180.5,159.0,1.9952,1.585,1.0376,1.5885,28.03,44.3,117.1,8020.8,9.7,LUBRICATION_FAILURE,0.375,829.7
ISR_LOITER,4578.9,56.3,26.45,193.7,199.7,194.7,194.8,1333.4,1301.7,1295.0,1298.0,15.92,44.4,17.97,57.9,186.3,176.4,1.5239,1.1895,0.8402,1.217,28.36,39.6,122.2,22023.5,-22.6,NOMINAL,0.0848,1450.9
TAKEOFF,5751.4,97.5,38.15,242.3,242.6,243.3,244.4,1538.8,1544.1,1554.1,1535.2,31.9,44.4,18.25,72.2,209.1,207.0,3.6443,2.6534,1.7905,2.8004,28.05,42.2,86.3,1077.1,26.0,NOMINAL,0.1084,1473.0
CLIMB,5542.0,84.7,34.5,226.6,225.5,228.7,225.9,1460.7,1442.7,1456.3,1450.5,26.6,45.6,18.27,67.1,200.8,197.6,2.8086,2.1504,1.4721,2.212,28.39,40.9,102.3,11899.4,5.6,NOMINAL,0.1173,1432.8
ISR_LOITER,4514.3,58.5,26.62,195.8,185.6,197.6,192.0,1328.1,1271.1,1324.8,1312.5,16.16,44.0,18.33,56.0,179.4,174.5,2.2531,1.771,1.1446,1.7816,28.41,40.8,125.8,21995.7,-22.2,CYLINDER_MISFIRE,0.1657,895.8
ISR_LOITER,4602.3,58.0,26.25,195.0,195.9,191.6,187.1,1323.6,1304.7,1327.3,1313.9,15.94,44.0,17.77,56.3,180.8,172.4,1.6437,1.3066,0.8836,1.3152,27.96,40.0,126.0,21946.6,-21.4,NOMINAL,0.0003,1475.4
CLIMB,5497.1,84.9,34.18,222.9,230.6,229.7,227.9,1442.4,1447.1,1452.5,1422.7,26.29,42.7,17.93,68.3,202.0,192.2,2.693,2.1078,1.4127,2.1363,28.17,40.3,103.6,11993.2,3.3,NOMINAL,0.0737,1453.4
CLIMB,5478.7,84.1,33.61,228.4,230.7,230.3,226.9,1470.4,1480.0,1464.2,1471.4,26.64,44.7,17.95,68.9,199.2,198.4,2.8305,2.0527,1.3799,2.1702,28.27,44.8,102.5,12026.3,6.2,NOMINAL,0.0115,1492.6
ISR_LOITER,4598.7,57.0,26.35,196.5,193.8,194.9,197.4,1302.5,1306.0,1316.2,1314.1,16.11,42.1,17.98,60.1,180.7,171.9,1.7942,1.1672,0.6783,1.2964,26.76,40.8,128.7,22036.1,-19.9,SENSOR_DRIFT,0.868,249.6
TRANSIT,4873.7,68.3,29.05,208.2,211.3,209.0,210.5,1392.7,1387.6,1376.5,1391.8,18.23,43.5,18.17,61.1,184.4,182.0,1.8878,1.4213,0.9469,1.4698,28.05,41.4,142.1,18042.7,-12.4,NOMINAL,0.0034,1456.0
DESCENT,3791.8,36.2,19.73,171.6,169.6,170.2,170.3,1057.9,1063.9,1088.3,1081.1,11.78,43.4,18.17,52.7,167.3,159.8,1.2092,0.8474,0.5865,0.9173,28.13,40.0,115.3,8047.1,13.2,NOMINAL,0.1143,1473.3
ISR_LOITER,4433.9,56.7,26.65,194.1,171.8,199.0,195.5,1329.6,1154.3,1331.8,1331.8,15.79,45.5,17.86,55.6,180.5,172.1,4.3803,3.228,2.0989,3.3671,28.6,41.1,124.2,21979.8,-22.1,CYLINDER_MISFIRE,0.5832,631.6
CLIMB,5486.4,85.1,33.68,225.6,228.5,226.3,225.4,1486.1,1476.8,1490.7,1484.3,27.53,43.4,18.06,68.6,198.0,196.7,2.6861,2.0064,1.3941,2.0964,28.32,41.8,104.8,11935.1,2.9,NOMINAL,0.0138,1481.2
ISR_LOITER,4608.6,58.4,26.26,192.9,191.2,193.0,193.3,1335.8,1333.1,1318.6,1333.5,16.48,44.7,18.03,58.8,181.5,172.3,1.6142,1.2602,0.8873,1.2885,28.2,41.3,125.3,21967.8,-20.4,INJECTOR_CLOGGING,0.0844,1225.1
RECOVERY,2227.8,20.8,16.88,156.0,154.9,154.4,153.8,869.5,871.1,872.1,863.0,7.04,44.1,18.12,46.4,144.8,146.0,0.7443,0.5309,0.4008,0.5763,27.98,40.9,66.7,852.4,26.7,NOMINAL,0.1163,1450.0
CLIMB,5535.4,85.1,34.59,232.7,229.5,228.3,228.5,1452.5,1465.0,1455.4,1477.4,26.38,45.5,18.25,69.1,199.0,199.5,2.8492,2.1089,1.406,2.2017,28.27,39.7,104.0,12018.7,4.5,COMBUSTION_INSTABILITY,0.0079,1048.7
CLIMB,5527.1,85.8,34.23,223.2,221.4,225.4,224.6,1477.9,1463.7,1469.0,1451.0,27.78,43.4,19.48,66.5,200.4,196.3,6.9346,5.1551,3.3497,5.3505,28.32,43.4,103.5,11942.8,5.4,COMBUSTION_INSTABILITY,0.6572,514.7
CLIMB,5516.5,83.4,33.78,252.6,252.0,252.3,251.9,1435.2,1447.9,1446.9,1438.0,27.5,45.4,18.14,66.8,195.4,224.8,2.8135,2.1218,1.416,2.1926,28.26,40.4,102.9,11948.7,5.6,COOLING_DEGRADATION,0.3584,900.6
TRANSIT,4883.9,67.7,28.99,205.9,203.6,205.9,204.6,1376.3,1377.3,1376.8,1383.9,18.39,45.7,17.97,62.4,185.7,182.5,1.8617,1.3919,0.9177,1.4429,28.43,40.2,141.4,17997.7,-13.4,NOMINAL,0.0456,1462.9
ISR_LOITER,4592.6,57.6,26.83,259.9,260.2,263.6,259.4,1312.6,1299.2,1304.2,1308.2,16.32,47.3,18.1,58.5,181.4,234.4,1.7112,1.1141,0.7773,1.2614,28.3,41.3,129.9,22033.4,-21.0,COOLING_DEGRADATION,0.9351,220.7
CLIMB,5445.2,84.2,31.98,228.0,231.5,248.7,231.1,1459.1,1468.9,1385.2,1447.0,25.62,41.8,17.99,69.3,197.0,197.7,2.6629,2.1675,1.3252,2.1249,28.14,42.3,106.6,12026.4,6.1,INJECTOR_CLOGGING,0.6058,499.8
ISR_LOITER,4620.1,59.6,26.35,210.7,209.8,213.6,210.8,1321.5,1325.9,1326.2,1343.4,15.96,44.3,17.85,60.5,179.0,187.4,1.6154,1.2252,0.8699,1.2738,28.24,43.2,125.6,21977.3,-21.5,COOLING_DEGRADATION,0.1721,855.2
PREFLIGHT,1414.5,15.5,16.11,137.8,136.2,141.7,141.7,646.6,663.9,654.1,652.5,7.01,43.5,17.99,43.7,129.3,134.9,0.5964,0.3856,0.3034,0.4459,28.08,43.8,1.5,517.2,27.5,NOMINAL,0.0412,1475.0
DESCENT,3732.1,35.5,20.1,170.0,155.4,166.9,167.0,1107.6,1026.7,1108.0,1114.8,11.56,46.7,17.82,50.9,166.7,158.2,2.0724,1.5672,1.0737,1.6232,28.45,41.8,115.5,7940.1,13.1,CYLINDER_MISFIRE,0.2872,778.3
TRANSIT,4894.4,67.3,28.89,225.5,225.4,224.4,225.1,1384.9,1386.1,1403.0,1389.2,18.35,44.2,17.56,65.1,192.4,202.4,1.8172,1.5891,0.8798,1.4834,28.26,39.4,135.7,18011.6,-11.6,COOLING_DEGRADATION,0.2941,830.8
TRANSIT,4903.0,69.3,29.41,202.8,203.8,205.7,205.2,1367.2,1373.1,1378.6,1386.7,18.13,43.3,17.47,65.1,188.4,179.1,1.9826,1.5146,0.9607,1.5436,28.29,44.0,141.2,18031.6,-13.5,NOMINAL,0.0914,1453.5
ISR_LOITER,4624.3,57.0,26.49,195.9,195.9,194.4,194.4,1331.7,1323.3,1320.0,1341.1,15.53,44.4,18.25,57.0,180.6,175.8,1.5928,1.1767,0.7437,1.2213,28.29,43.7,127.0,22018.5,-24.0,NOMINAL,0.0351,1489.6
ISR_LOITER,4389.5,59.0,26.6,195.4,150.2,193.2,189.8,1320.0,1064.9,1308.1,1304.9,16.18,44.1,18.13,58.0,178.9,176.2,5.7197,4.3776,2.8218,4.4662,28.0,42.0,126.0,21990.6,-20.2,CYLINDER_MISFIRE,0.919,204.1
TRANSIT,4901.6,66.2,29.32,202.4,200.0,204.6,200.8,1377.2,1390.9,1372.7,1397.3,18.11,43.6,18.01,62.7,191.2,184.0,2.0386,1.5874,1.0578,1.6119,28.01,39.6,139.5,18079.0,-11.8,LUBRICATION_FAILURE,0.0719,1040.9
ISR_LOITER,4582.9,57.7,26.69,207.2,207.4,203.8,208.8,1336.1,1319.8,1311.3,1319.1,15.63,45.0,17.94,54.8,180.2,189.5,1.4931,1.2658,0.82,1.2253,28.06,40.0,125.5,22018.0,-23.5,COOLING_DEGRADATION,0.1544,902.7
TRANSIT,4912.3,68.7,29.27,200.2,203.8,201.0,202.1,1402.9,1408.8,1414.6,1398.0,18.15,42.5,18.04,61.7,188.2,181.8,1.9607,1.3946,0.9675,1.4973,28.2,40.6,138.6,18046.0,-11.2,NOMINAL,0.1097,1429.9
TAKEOFF,5818.5,97.8,37.83,232.0,237.3,233.4,234.5,1534.2,1527.2,1520.3,1519.1,32.2,45.9,18.04,71.8,211.3,206.3,3.5223,2.755,1.7957,2.7822,28.21,40.0,82.4,1127.3,29.4,NOMINAL,0.0147,1473.7
ISR_LOITER,4627.7,58.6,27.15,194.2,193.7,194.0,194.3,1332.8,1312.8,1301.0,1308.7,16.09,45.7,18.11,55.5,176.9,174.7,1.6357,1.1501,0.8747,1.2601,28.28,41.2,130.6,21976.7,-22.4,NOMINAL,0.03,1487.0
ISR_LOITER,4589.6,58.7,26.36,241.7,239.6,237.2,240.5,1332.6,1332.3,1312.2,1335.7,16.54,44.6,17.96,57.2,179.3,225.0,1.5373,1.2145,0.7862,1.2188,28.23,41.6,126.6,22052.0,-21.6,COOLING_DEGRADATION,0.7323,321.7
CLIMB,5481.3,85.4,33.85,233.0,228.1,230.4,227.7,1460.1,1464.0,1436.6,1451.7,26.88,45.6,18.32,68.6,198.5,196.6,2.7717,2.0563,1.438,2.1586,27.63,43.9,104.2,12057.7,6.7,SENSOR_DRIFT,0.3882,710.5
PREFLIGHT,1366.8,13.3,13.56,145.0,144.6,162.9,145.0,635.5,637.1,559.4,642.0,3.3,40.5,18.34,45.3,129.8,135.1,0.6425,0.5186,0.2966,0.5065,28.17,39.9,0.1,439.9,27.5,INJECTOR_CLOGGING,0.6409,537.8
TRANSIT,4858.7,69.6,28.75,246.6,246.0,248.3,250.9,1380.8,1370.8,1387.3,1355.0,18.27,44.7,17.94,60.9,189.4,222.1,1.8891,1.5096,0.9277,1.4953,28.35,41.6,139.5,17962.0,-13.5,COOLING_DEGRADATION,0.6168,520.9
CLIMB,5483.5,84.7,34.33,230.3,229.6,228.1,225.8,1462.8,1454.0,1451.7,1470.2,27.59,43.9,18.34,45.4,243.7,201.7,7.5101,5.6581,3.7978,5.8549,28.44,42.0,106.6,11961.3,3.5,LUBRICATION_FAILURE,0.9371,175.1
CLIMB,5484.7,84.1,33.87,232.5,232.0,233.5,236.4,1442.8,1452.5,1449.2,1444.7,27.02,47.2,17.99,67.9,199.2,198.8,2.72,2.1073,1.4223,2.1496,28.07,44.4,108.1,12112.4,5.6,NOMINAL,0.1071,1442.8
RECOVERY,2210.4,22.9,17.51,153.3,157.7,154.6,156.1,848.7,856.3,852.8,853.2,7.05,46.3,18.1,42.9,150.2,147.6,1.0114,0.7259,0.5441,0.7844,28.34,45.3,60.5,868.4,26.8,LUBRICATION_FAILURE,0.1246,840.1
CLIMB,5486.5,83.4,33.84,226.8,230.5,226.8,230.0,1472.4,1465.5,1467.3,1473.8,26.77,45.4,18.77,70.3,201.1,195.9,5.0099,3.7085,2.3719,3.8504,27.97,40.2,103.0,12007.6,5.1,COMBUSTION_INSTABILITY,0.3351,927.7
TRANSIT,4918.4,68.1,29.34,202.0,199.5,198.7,197.7,1385.9,1372.1,1372.0,1390.6,18.08,47.0,18.03,62.0,188.6,182.0,1.8578,1.4457,0.9255,1.4603,28.26,45.5,141.3,17990.6,-11.7,NOMINAL,0.0159,1452.6
RECOVERY,2192.0,21.8,17.47,160.6,157.7,154.2,153.9,860.2,870.9,858.8,859.0,7.86,45.0,18.21,45.7,146.0,144.4,0.8213,0.654,0.3186,0.6335,27.86,43.3,65.9,745.1,26.2,NOMINAL,0.1062,1471.4
CLIMB,5415.7,83.9,34.03,231.4,218.2,235.4,233.8,1457.6,1392.9,1453.6,1446.7,26.42,44.2,18.03,69.4,198.7,201.2,4.895,3.7411,2.5293,3.8451,28.22,42.7,105.3,12032.4,4.8,CYLINDER_MISFIRE,0.2829,714.0
ISR_LOITER,4610.9,57.8,26.98,193.2,198.5,195.4,198.6,1317.9,1319.5,1318.7,1321.1,16.07,42.5,17.99,56.8,178.2,175.9,1.624,1.2518,0.8194,1.2748,28.23,41.2,123.1,22030.0,-22.3,NOMINAL,0.0784,1466.2
ISR_LOITER,4610.0,58.5,26.31,201.4,196.4,198.5,196.2,1291.9,1304.5,1295.7,1296.4,16.14,45.2,18.09,57.1,181.3,175.2,1.6344,1.2218,0.8565,1.2777,28.28,40.3,123.8,22011.3,-21.6,NOMINAL,0.1145,1469.7
DESCENT,3827.3,37.0,19.5,172.8,171.8,172.4,166.2,1100.5,1091.5,1091.8,1088.3,11.29,45.4,18.13,51.4,167.8,158.1,1.0854,0.9131,0.5658,0.8817,28.28,41.0,113.8,7967.0,11.3,NOMINAL,0.0358,1487.4
ISR_LOITER,4551.7,58.4,26.71,193.5,185.0,191.1,190.0,1303.1,1246.3,1318.1,1317.2,15.83,44.2,17.82,57.1,178.2,175.5,2.5262,1.8965,1.1884,1.9485,28.11,41.2,127.0,21933.3,-22.0,CYLINDER_MISFIRE,0.1931,998.1
RECOVERY,2217.3,21.7,17.27,158.2,157.8,154.8,159.9,849.6,860.0,848.1,857.2,7.9,46.1,18.02,47.5,142.2,145.5,0.8893,0.5506,0.4402,0.6552,28.34,42.7,65.8,741.7,24.7,NOMINAL,0.012,1496.7
DESCENT,3783.5,36.7,20.41,168.2,169.4,173.3,174.3,1123.2,1099.6,1129.0,1112.9,11.49,45.1,18.2,52.1,170.5,161.9,1.0994,0.7993,0.5167,0.8395,28.29,43.4,109.8,8061.1,12.4,NOMINAL,0.1054,1456.6
ISR_LOITER,4580.7,56.7,26.78,198.4,195.6,196.3,196.4,1328.5,1310.6,1324.5,1336.3,15.75,44.4,18.19,37.8,216.7,173.3,4.0258,2.9829,2.0601,3.1277,28.09,42.4,125.8,22031.6,-20.4,LUBRICATION_FAILURE,0.8438,253.5
RECOVERY,2166.2,20.9,17.58,203.9,204.6,204.3,203.3,851.3,858.5,868.3,869.6,7.82,46.3,18.08,49.2,146.0,197.1,0.8305,0.6007,0.3718,0.6295,28.2,42.5,64.6,849.6,26.3,COOLING_DEGRADATION,0.7889,319.1
PREFLIGHT,1421.9,16.3,15.88,137.1,138.5,137.7,136.7,668.9,661.2,654.6,673.1,5.67,44.8,18.18,46.4,130.9,133.2,0.6128,0.4713,0.2779,0.4743,27.86,39.8,-3.5,467.9,28.7,SENSOR_DRIFT,0.2184,961.9
ISR_LOITER,4621.5,58.3,26.88,196.4,193.6,192.1,195.9,1343.4,1319.1,1330.7,1338.9,16.11,44.7,17.81,60.4,180.2,174.6,1.5529,1.1879,0.7213,1.2032,28.35,41.6,120.8,21950.8,-21.0,NOMINAL,0.0619,1482.0
ISR_LOITER,4602.8,58.3,26.26,191.9,192.0,192.7,192.1,1312.8,1308.1,1304.1,1291.9,15.44,44.6,18.19,57.9,177.0,175.2,1.5638,1.2343,0.7269,1.2244,28.38,42.7,124.6,21922.8,-23.5,NOMINAL,0.0837,1443.3
ISR_LOITER,4442.7,58.4,27.22,190.3,163.2,193.0,192.1,1312.8,1115.4,1317.1,1304.4,15.26,43.7,17.88,57.3,175.9,174.0,4.659,3.5917,2.3181,3.6506,28.35,44.6,127.3,21950.9,-21.5,CYLINDER_MISFIRE,0.6978,396.4
CLIMB,5478.2,85.0,34.38,225.4,229.6,228.1,225.0,1430.2,1443.9,1441.7,1446.9,26.54,44.9,18.18,69.7,197.5,197.8,2.7771,2.0498,1.3632,2.1426,28.29,40.9,104.8,12024.3,6.8,NOMINAL,0.0091,1465.6
DESCENT,3807.5,34.9,19.36,167.5,171.9,169.3,168.8,1113.6,1110.9,1116.6,1118.5,11.79,45.5,17.79,51.6,168.3,160.5,1.1653,0.8673,0.5461,0.896,28.34,41.3,113.0,7956.5,9.4,NOMINAL,0.0203,1477.4
DESCENT,3711.3,32.8,20.22,168.0,151.1,164.5,164.5,1106.7,997.1,1119.3,1106.1,10.8,46.2,17.62,51.8,166.1,157.9,2.3733,1.7655,1.1477,1.8318,28.21,43.3,119.0,8038.1,11.7,CYLINDER_MISFIRE,0.3595,724.4
CLIMB,5527.9,86.0,33.8,229.7,230.0,231.1,230.5,1458.7,1455.5,1449.6,1445.5,26.63,41.7,17.98,66.3,198.2,197.4,2.7583,2.1329,1.3917,2.1675,28.44,45.3,104.4,11957.7,3.2,NOMINAL,0.0894,1458.4
ISR_LOITER,4586.5,57.3,26.4,188.1,193.2,195.0,192.2,1335.8,1330.8,1322.7,1311.8,15.96,45.4,17.85,59.1,179.0,177.1,1.6242,1.2888,0.8182,1.2869,28.2,39.2,125.1,21988.0,-20.4,NOMINAL,0.1151,1437.7
ISR_LOITER,4605.3,59.3,26.47,204.0,199.9,203.1,199.5,1320.1,1305.4,1303.6,1304.3,16.0,45.6,18.1,58.3,179.0,173.6,1.5172,1.1343,0.8607,1.2013,28.04,40.6,123.0,21933.7,-21.7,NOMINAL,0.1084,1457.4
PREFLIGHT,1402.5,16.2,15.8,138.1,135.3,135.1,137.9,662.8,663.8,637.8,644.6,6.27,45.4,18.6,47.6,128.9,135.7,0.9925,0.7447,0.5473,0.783,28.35,43.0,-1.8,432.7,30.7,COMBUSTION_INSTABILITY,0.3173,743.4
RECOVERY,2207.7,21.1,17.13,153.7,150.7,159.5,152.2,853.5,862.2,803.1,862.2,5.83,43.2,17.84,48.2,142.3,146.7,0.6363,0.5252,0.4701,0.5482,28.41,40.1,64.3,822.9,26.1,INJECTOR_CLOGGING,0.2742,746.2
PREFLIGHT,1421.9,14.5,15.51,138.8,140.1,139.4,142.1,636.7,638.2,653.6,670.8,7.14,45.9,17.93,44.2,129.2,131.5,0.6546,0.5293,0.2932,0.5147,28.51,46.1,1.8,466.5,27.1,NOMINAL,0.0496,1472.9
TRANSIT,4919.4,67.0,28.87,202.1,207.0,207.6,207.6,1347.3,1369.7,1386.3,1368.5,18.23,44.1,18.03,59.7,185.7,184.2,1.9537,1.3925,0.9743,1.495,28.06,40.6,138.1,17921.5,-12.1,NOMINAL,0.0484,1439.5
PREFLIGHT,1442.2,12.3,16.15,132.8,135.9,132.8,135.4,654.0,668.2,654.2,658.2,6.22,46.0,18.19,45.1,126.5,133.0,0.6624,0.3568,0.263,0.4602,28.11,41.6,-0.8,501.6,26.9,NOMINAL,0.0658,1480.0
DESCENT,3625.6,35.5,20.18,169.0,146.2,174.5,169.6,1109.9,923.7,1091.0,1094.5,11.04,45.7,17.9,53.2,163.5,159.8,3.1563,2.3569,1.6414,2.4638,28.21,41.2,113.1,7940.0,12.3,CYLINDER_MISFIRE,0.6101,564.9
ISR_LOITER,4634.4,57.1,26.63,193.3,192.0,194.5,198.6,1305.3,1322.7,1305.5,1313.6,16.0,46.2,19.48,57.0,176.0,174.1,4.0805,2.8481,1.8361,3.0623,28.17,43.1,123.7,21944.2,-19.5,COMBUSTION_INSTABILITY,0.6299,487.9
TRANSIT,4743.0,68.5,28.63,202.1,173.6,201.8,203.6,1378.8,1203.7,1375.3,1382.0,18.41,43.9,17.87,62.4,189.4,182.5,5.4786,4.0837,2.6843,4.2386,27.94,41.2,139.8,17968.6,-10.4,CYLINDER_MISFIRE,0.665,374.4
CLIMB,5513.7,87.0,33.92,224.8,225.2,230.0,229.7,1470.4,1467.8,1451.7,1455.8,27.53,44.4,17.84,67.7,201.2,197.6,2.7858,1.9693,1.3965,2.1283,28.35,41.9,109.1,11963.9,4.5,NOMINAL,0.1158,1436.4
CLIMB,5483.2,84.7,34.58,228.8,234.1,231.2,233.4,1450.2,1449.7,1462.9,1453.3,27.14,44.5,18.17,67.9,198.9,202.3,2.776,2.0526,1.4569,2.1635,28.3,41.0,104.8,12033.4,5.2,NOMINAL,0.1113,1450.1
DESCENT,3783.9,36.1,20.09,170.9,173.1,176.7,171.7,1102.6,1122.9,1098.0,1103.7,11.2,45.0,18.04,55.3,165.2,158.8,1.1487,0.8726,0.5393,0.8892,28.28,42.5,115.9,8040.0,12.6,NOMINAL,0.1064,1466.8
TAKEOFF,5609.3,97.6,38.2,240.3,214.8,241.0,239.5,1509.6,1326.9,1521.8,1519.0,32.73,45.0,17.79,72.1,212.3,205.1,10.0276,7.4373,5.0465,7.7746,28.51,40.7,83.7,1177.1,25.3,CYLINDER_MISFIRE,0.6246,569.4
TRANSIT,4939.7,66.1,28.6,206.4,207.8,207.9,210.0,1371.6,1386.7,1394.6,1373.8,18.48,44.9,17.68,62.4,188.7,185.0,1.8983,1.4513,1.0236,1.5008,28.1,40.2,140.2,17990.1,-12.1,NOMINAL,0.0663,1435.8
TRANSIT,4889.4,68.0,29.67,220.3,219.8,217.5,218.4,1416.7,1377.4,1386.1,1388.0,18.97,45.8,17.8,61.3,188.3,201.9,1.819,1.433,0.9328,1.4413,28.18,40.7,140.4,17960.9,-11.9,COOLING_DEGRADATION,0.2747,892.2
ISR_LOITER,4634.7,58.3,26.84,187.6,187.7,191.7,186.6,1286.1,1298.4,1301.0,1308.4,15.69,44.8,20.43,56.7,180.2,176.1,4.7367,3.6264,2.3403,3.6998,28.43,41.5,124.1,21927.0,-23.1,COMBUSTION_INSTABILITY,0.8995,217.1
ISR_LOITER,4579.7,58.3,25.54,189.2,191.6,189.7,194.5,1325.7,1340.5,1326.4,1309.4,15.99,42.7,19.15,60.8,186.3,175.0,3.4057,2.6093,1.6728,2.6586,28.14,44.4,125.4,21928.9,-21.6,COMBUSTION_INSTABILITY,0.5332,527.3
PREFLIGHT,1419.1,14.2,16.47,140.1,137.1,136.2,135.6,659.4,648.7,671.1,670.8,6.11,45.0,17.91,43.2,127.4,133.9,0.5686,0.5193,0.3334,0.4845,28.43,43.0,-3.2,425.8,26.9,NOMINAL,0.0519,1450.6
CLIMB,5491.2,83.4,34.49,233.9,233.2,229.5,232.4,1465.1,1462.0,1466.3,1444.1,27.01,47.0,17.92,67.0,200.2,194.8,2.8261,2.0,1.4633,2.1701,27.96,43.3,103.5,11947.1,5.0,NOMINAL,0.0806,1449.7
RECOVERY,2149.7,22.1,17.09,147.2,151.2,147.7,152.0,852.0,852.4,825.9,824.9,7.81,45.1,17.99,46.0,145.2,149.7,0.7382,0.6278,0.408,0.6071,26.86,41.9,62.9,842.8,25.0,SENSOR_DRIFT,0.6903,407.9
TRANSIT,4885.1,69.8,29.35,207.9,207.3,208.7,207.5,1391.4,1393.8,1395.3,1395.0,18.65,43.8,17.96,60.1,188.5,182.7,2.0054,1.443,0.9315,1.5244,28.14,43.0,138.6,18007.7,-11.0,NOMINAL,0.0131,1449.2
TRANSIT,4886.9,67.3,29.19,209.5,204.7,206.9,203.7,1361.9,1363.8,1359.5,1354.7,19.38,45.4,17.68,62.2,185.1,180.3,1.9085,1.4574,0.8238,1.4657,28.46,41.0,139.6,18076.7,-10.3,NOMINAL,0.0734,1455.7
DESCENT,3784.5,36.6,19.82,163.5,164.9,166.1,166.3,1105.5,1104.6,1096.0,1079.0,10.35,44.4,17.83,51.1,168.2,158.8,1.1308,0.8998,0.574,0.8977,28.29,42.4,118.7,7985.4,13.9,NOMINAL,0.0689,1449.4
PREFLIGHT,1417.4,15.5,15.4,134.0,135.1,134.7,133.7,639.7,642.6,627.6,636.3,6.35,46.0,18.07,45.4,128.8,135.4,0.5728,0.3859,0.315,0.4383,28.05,41.9,-0.7,471.9,29.4,NOMINAL,0.1076,1427.3
TAKEOFF,5841.0,96.4,38.15,240.6,240.4,239.7,244.6,1510.9,1513.0,1512.1,1498.2,33.28,43.3,18.06,63.7,229.6,204.4,6.1944,4.5383,3.151,4.7922,28.18,41.3,83.7,1214.9,25.4,LUBRICATION_FAILURE,0.3912,675.6
TRANSIT,4903.3,68.6,29.2,202.5,205.8,207.6,200.2,1357.8,1347.9,1359.7,1358.8,18.02,47.0,18.23,62.4,187.8,183.8,1.8199,1.4393,0.9197,1.441,28.55,40.0,139.5,17935.3,-11.2,NOMINAL,0.0793,1470.3
ISR_LOITER,4618.7,57.6,26.29,196.5,196.7,195.2,200.5,1340.6,1346.7,1350.4,1338.9,15.88,44.3,18.0,60.2,182.3,176.4,1.6728,1.1978,0.8474,1.2847,28.18,39.5,128.7,21989.8,-20.9,NOMINAL,0.0108,1476.5
ISR_LOITER,4618.9,57.8,26.87,197.0,192.6,195.1,192.0,1311.1,1310.1,1308.9,1298.3,16.34,46.1,18.05,57.1,179.3,175.0,1.5119,1.2512,0.863,1.2378,28.46,41.5,127.8,22071.9,-22.6,NOMINAL,0.059,1469.5
TRANSIT,4874.9,66.6,28.87,214.5,214.3,215.0,211.7,1359.8,1383.4,1372.9,1364.8,18.24,45.9,18.02,60.3,186.9,196.0,1.8446,1.4661,0.9792,1.4732,28.35,42.2,137.0,17937.7,-11.5,COOLING_DEGRADATION,0.2527,750.6
ISR_LOITER,4623.3,59.5,24.52,203.2,200.7,214.3,201.4,1314.7,1319.6,1247.8,1312.5,14.62,41.4,17.93,58.4,177.3,177.1,1.4337,1.1985,0.838,1.1824,28.21,41.3,127.2,21965.6,-20.3,INJECTOR_CLOGGING,0.4651,773.3
ISR_LOITER,4594.8,57.7,26.53,197.9,193.3,196.7,196.0,1292.2,1322.2,1307.0,1298.8,15.86,48.0,18.18,59.0,178.2,176.0,2.0746,1.5857,1.0716,1.6296,28.4,39.8,128.4,21904.1,-21.7,COMBUSTION_INSTABILITY,0.1498,800.1
TRANSIT,4911.5,67.8,29.21,206.6,206.7,206.4,202.3,1385.4,1385.7,1398.8,1389.1,18.25,44.5,18.82,61.9,187.3,181.0,4.063,3.1862,1.9283,3.1822,28.01,45.6,142.0,18015.3,-12.0,COMBUSTION_INSTABILITY,0.5324,619.2
CLIMB,5485.4,83.2,34.2,232.0,228.0,229.9,234.9,1456.5,1477.0,1459.8,1458.8,27.73,47.2,18.03,67.3,202.1,194.8,2.8969,2.2212,1.429,2.2633,28.03,44.3,105.6,11993.0,4.0,NOMINAL,0.0943,1428.9
ISR_LOITER,4598.1,57.9,25.43,189.1,192.1,199.7,186.7,1315.8,1330.2,1268.6,1336.7,14.77,43.1,17.91,57.3,178.2,178.1,1.6473,1.142,0.8353,1.2537,28.34,43.6,125.6,22008.5,-22.9,INJECTOR_CLOGGING,0.3179,904.5
ISR_LOITER,4633.3,58.0,26.75,190.1,193.7,191.0,195.1,1344.7,1360.6,1341.1,1330.6,15.92,44.8,17.88,59.9,177.3,178.8,1.5852,1.1183,0.8195,1.2159,28.23,41.8,123.7,22065.7,-21.5,NOMINAL,0.0425,1444.4
PREFLIGHT,1386.1,15.4,15.77,145.1,141.3,141.0,143.1,659.1,682.4,681.8,673.6,6.08,44.9,18.31,44.4,127.6,133.4,0.6908,0.4011,0.3658,0.5072,28.17,39.3,1.5,486.4,28.4,CYLINDER_MISFIRE,0.0069,1167.7
TRANSIT,4884.4,67.8,28.74,200.6,203.9,199.9,202.8,1377.4,1397.4,1362.8,1392.0,18.3,46.1,18.31,61.5,185.8,179.6,1.8317,1.2793,0.9386,1.3991,28.3,42.4,139.2,17955.7,-12.6,NOMINAL,0.0755,1434.9
DESCENT,3807.1,35.8,19.55,168.6,171.6,172.3,169.3,1094.5,1124.7,1111.2,1105.0,10.93,44.1,18.11,50.8,163.3,159.7,1.2511,1.0058,0.612,0.9919,28.08,41.6,117.6,8060.2,13.2,NOMINAL,0.1079,1474.4
ISR_LOITER,4625.3,59.9,26.56,197.7,197.8,198.8,196.0,1294.7,1304.5,1320.9,1308.2,15.99,44.3,18.21,57.8,179.8,177.7,1.7261,1.2808,0.7836,1.3209,27.79,40.6,122.0,21953.4,-22.8,SENSOR_DRIFT,0.1788,892.9
ISR_LOITER,4611.0,58.4,26.34,194.3,195.1,192.0,197.4,1330.7,1331.8,1313.8,1313.6,15.52,45.9,17.77,58.7,182.9,173.6,1.5251,1.1561,0.7918,1.1958,28.34,43.5,126.6,21902.8,-22.2,NOMINAL,0.0208,1452.4
ISR_LOITER,4577.9,57.5,27.08,196.6,194.1,193.5,191.9,1332.5,1320.9,1337.7,1319.1,15.7,44.0,17.93,57.3,176.0,175.1,1.5613,1.1214,0.7658,1.1947,28.25,39.3,124.7,22057.3,-22.4,NOMINAL,0.1017,1430.6
CLIMB,5339.9,85.0,34.0,232.5,204.0,229.2,230.4,1484.2,1308.0,1466.1,1514.2,27.0,46.4,18.0,66.8,203.4,197.6,8.0472,6.1019,4.0824,6.289,28.25,42.6,105.8,12061.7,5.1,CYLINDER_MISFIRE,0.6767,438.3
ISR_LOITER,4583.8,58.8,23.94,199.7,201.9,214.8,199.6,1300.3,1311.5,1230.2,1318.2,13.31,40.1,17.89,56.9,182.2,172.9,1.5566,1.2115,0.8321,1.236,27.93,41.7,126.5,22083.2,-22.0,INJECTOR_CLOGGING,0.596,599.9
DESCENT,3788.0,35.3,20.55,168.3,167.8,167.0,170.6,1126.1,1107.3,1113.7,1102.3,11.76,45.1,17.62,48.3,163.9,158.3,1.1645,0.8876,0.6648,0.9284,28.41,45.3,118.4,8031.5,10.6,NOMINAL,0.0233,1467.1
CLIMB,5412.1,85.4,33.94,227.2,208.6,224.6,226.8,1448.0,1343.8,1459.9,1468.2,26.83,45.1,17.59,69.4,202.5,199.3,6.1159,4.673,3.102,4.7911,27.91,43.9,102.9,12028.8,5.0,CYLINDER_MISFIRE,0.4319,657.7
TRANSIT,4885.1,69.4,28.77,205.5,209.4,204.7,207.8,1355.0,1383.2,1392.2,1378.5,18.58,47.0,18.21,52.6,198.3,181.4,2.7924,2.0717,1.3575,2.155,28.11,39.8,138.0,18042.0,-13.0,LUBRICATION_FAILURE,0.2536,899.1
CLIMB,5479.9,84.6,31.6,230.7,232.3,251.1,229.8,1449.6,1443.5,1356.0,1460.4,24.82,39.6,18.49,70.4,200.1,198.4,2.7113,2.1387,1.4115,2.1539,28.07,42.4,107.1,12103.4,3.5,INJECTOR_CLOGGING,0.6803,445.9
TAKEOFF,5830.7,95.9,36.51,236.6,235.7,253.7,232.6,1504.1,1498.9,1456.1,1495.4,30.88,39.1,18.29,74.8,208.6,203.4,3.6211,2.6509,1.8573,2.8041,28.27,43.9,82.8,1131.2,27.4,INJECTOR_CLOGGING,0.533,637.5
TAKEOFF,5842.2,97.1,38.58,265.4,263.5,265.9,264.9,1499.7,1502.9,1485.5,1512.6,33.26,44.3,17.99,74.4,206.4,226.8,3.7339,2.6622,1.7729,2.8386,28.4,40.4,86.7,1218.8,28.1,COOLING_DEGRADATION,0.3204,896.7
ISR_LOITER,4561.5,56.9,26.7,192.9,191.2,193.1,194.6,1320.1,1329.0,1316.0,1322.4,15.84,46.3,18.08,57.0,181.0,173.1,1.6323,1.1982,0.8075,1.2586,28.19,41.1,123.5,22054.0,-20.1,NOMINAL,0.0515,1440.8
TAKEOFF,5806.8,96.2,38.02,242.9,239.4,241.9,240.8,1488.1,1484.9,1481.5,1487.9,33.39,46.6,18.04,71.5,208.8,205.2,3.5543,2.6653,1.8243,2.7728,28.05,38.3,83.8,1272.6,25.4,NOMINAL,0.0611,1468.3
CLIMB,5404.8,83.2,33.96,229.6,212.0,230.5,230.6,1442.1,1348.3,1458.9,1451.0,27.68,44.9,18.1,67.3,199.4,198.7,5.7524,4.442,2.87,4.5114,28.33,41.6,109.1,12049.1,6.0,CYLINDER_MISFIRE,0.3907,609.3
PREFLIGHT,1403.6,13.1,13.05,136.7,138.2,161.1,138.4,653.1,630.1,543.5,638.1,3.48,37.5,18.08,43.9,131.6,132.6,0.6691,0.4629,0.3108,0.5028,28.24,41.9,-0.1,486.5,28.3,INJECTOR_CLOGGING,0.768,418.9
RECOVERY,2234.7,21.6,17.29,155.5,154.3,156.0,154.4,839.9,836.7,849.1,838.4,7.61,46.3,17.98,47.9,144.5,148.4,0.8646,0.6466,0.4246,0.6698,28.38,42.1,67.8,852.5,25.3,NOMINAL,0.1008,1448.3
ISR_LOITER,4371.2,57.9,26.27,192.2,145.5,189.0,189.4,1331.7,1047.1,1318.0,1327.7,16.12,43.9,17.93,60.1,181.4,178.5,6.0999,4.4964,3.0249,4.7109,28.32,42.0,125.1,22101.8,-22.2,CYLINDER_MISFIRE,0.9937,123.4
DESCENT,3822.8,35.3,20.04,234.2,230.2,232.8,232.6,1098.1,1081.6,1095.2,1090.1,11.63,44.0,18.13,53.0,163.8,215.0,1.1774,0.8761,0.5508,0.905,28.16,42.5,112.6,7990.2,11.5,COOLING_DEGRADATION,0.8724,253.7
ISR_LOITER,4602.3,57.5,26.61,185.3,190.1,188.2,191.2,1329.9,1318.6,1315.1,1310.6,15.69,44.7,18.82,58.7,178.5,177.3,2.732,2.0627,1.4389,2.1439,27.88,38.2,125.8,22000.4,-20.5,COMBUSTION_INSTABILITY,0.3265,845.5
CLIMB,5445.4,84.7,34.22,227.7,228.3,225.4,226.6,1464.3,1466.8,1461.1,1455.9,27.04,46.0,18.04,57.5,214.1,198.1,4.496,3.5191,2.268,3.5469,28.03,44.5,104.0,12014.2,5.6,LUBRICATION_FAILURE,0.3628,805.6
PREFLIGHT,1312.8,13.0,15.95,137.1,114.0,136.9,141.7,648.5,492.7,663.0,668.3,6.32,45.5,18.02,44.1,126.3,132.8,1.4258,1.1071,0.7035,1.1185,28.19,42.1,0.2,470.7,28.4,CYLINDER_MISFIRE,0.4941,660.0
TAKEOFF,5782.1,98.2,38.57,239.9,237.6,237.2,238.2,1493.4,1513.7,1508.7,1500.1,32.48,44.7,18.27,72.6,211.1,205.1,3.6,2.8127,1.7819,2.8312,28.23,45.1,87.7,1219.0,25.5,NOMINAL,0.0414,1457.6
PREFLIGHT,1454.2,16.0,15.94,139.9,141.3,139.4,138.4,656.2,663.3,643.3,645.5,6.2,45.0,17.61,44.4,133.6,137.8,0.7363,0.4871,0.2734,0.5336,28.24,42.9,-0.7,413.8,28.9,NOMINAL,0.0151,1454.1
CLIMB,5509.7,85.6,34.22,230.6,230.4,230.9,227.5,1480.9,1460.5,1461.4,1459.4,27.09,43.3,17.9,65.1,199.1,198.3,2.8456,2.0964,1.4143,2.1979,27.95,42.2,107.5,12023.2,4.3,NOMINAL,0.0332,1462.0
TRANSIT,4904.2,67.6,28.98,210.9,211.8,211.9,209.9,1365.8,1388.3,1366.4,1364.9,18.87,45.2,17.74,63.5,187.2,181.2,2.1128,1.4109,0.9534,1.5667,28.34,40.6,141.1,18046.2,-10.7,NOMINAL,0.0884,1469.3
ISR_LOITER,4630.8,59.1,26.57,195.5,197.5,194.9,199.9,1321.6,1332.3,1303.4,1314.1,16.17,45.4,18.01,59.6,184.2,172.7,1.6801,1.1735,0.8427,1.2793,28.13,42.8,126.2,21965.2,-22.5,NOMINAL,0.0712,1448.0
RECOVERY,2195.3,23.5,17.12,155.6,161.1,159.3,159.5,854.5,839.0,855.8,852.9,7.91,44.3,18.27,47.1,146.4,146.5,0.7969,0.52,0.4036,0.5968,28.05,42.8,66.4,799.4,25.3,NOMINAL,0.0316,1450.3
ISR_LOITER,4568.5,58.2,26.82,196.5,198.3,201.6,200.9,1312.5,1342.6,1312.0,1319.0,16.0,44.9,17.93,58.0,182.1,178.8,1.6243,1.1623,0.8053,1.2433,28.5,43.2,127.7,22041.5,-21.1,NOMINAL,0.0391,1468.0
ISR_LOITER,4601.2,57.1,26.6,251.7,253.5,254.3,252.2,1298.4,1309.0,1290.9,1307.2,15.79,46.4,17.91,60.6,182.5,229.9,1.6238,1.303,0.9084,1.3115,28.15,41.6,127.6,21883.1,-24.5,COOLING_DEGRADATION,0.8332,322.3
TAKEOFF,5773.4,96.8,38.37,246.6,244.5,247.4,243.9,1520.6,1518.7,1515.1,1524.5,32.8,45.4,17.63,70.3,208.3,205.6,3.6017,2.6588,1.7619,2.7776,28.31,41.0,80.2,1211.0,26.5,NOMINAL,0.1081,1456.1
PREFLIGHT,1420.5,15.3,15.36,137.5,137.4,138.4,138.8,648.1,646.9,653.7,651.5,6.77,46.5,17.91,44.6,129.6,137.4,0.5855,0.5001,0.2086,0.4606,27.9,44.0,1.2,563.5,26.6,NOMINAL,0.0164,1486.1
ISR_LOITER,4599.2,59.0,26.5,197.8,195.3,196.1,192.4,1318.5,1306.2,1321.8,1314.5,14.85,46.0,18.2,59.1,180.6,174.7,1.6024,1.2876,0.8766,1.2902,28.18,40.9,127.6,22048.9,-21.7,NOMINAL,0.1066,1446.2
ISR_LOITER,4577.1,58.5,26.35,195.1,191.8,190.7,191.7,1326.3,1306.1,1316.8,1308.8,15.72,46.6,18.03,60.5,183.9,178.2,1.5584,1.2106,0.8741,1.2461,28.32,43.7,127.5,22065.2,-23.0,NOMINAL,0.0239,1492.1
ISR_LOITER,4602.7,57.4,26.12,192.9,191.1,184.7,188.8,1347.0,1350.5,1338.9,1347.5,15.76,46.4,17.99,57.9,179.0,176.5,1.6333,1.1306,0.8194,1.2406,27.73,43.4,124.8,21951.3,-22.5,SENSOR_DRIFT,0.2741,980.3
ISR_LOITER,4593.1,56.5,26.52,190.7,182.8,189.0,189.9,1309.8,1232.3,1293.7,1326.8,16.43,44.0,18.07,56.8,178.4,168.7,2.6683,1.9428,1.3101,2.0503,28.28,41.7,124.0,21998.3,-20.5,CYLINDER_MISFIRE,0.2112,987.3
ISR_LOITER,4580.6,56.5,26.22,193.6,191.6,194.5,197.0,1336.6,1338.7,1336.4,1334.6,16.76,46.6,20.72,62.3,182.6,174.1,4.966,3.7862,2.4744,3.8781,28.15,44.1,122.5,22007.1,-21.2,COMBUSTION_INSTABILITY,0.9362,221.5
TRANSIT,4897.3,67.6,28.97,202.0,201.2,199.5,201.1,1397.6,1392.2,1407.0,1385.2,18.14,46.3,18.3,62.4,186.0,184.6,1.9169,1.4324,1.0272,1.5035,28.33,41.4,136.9,17984.2,-11.5,NOMINAL,0.1121,1463.5
ISR_LOITER,4583.8,55.0,26.58,188.1,191.2,190.8,188.4,1316.0,1321.3,1316.6,1280.7,16.7,45.6,18.22,56.9,178.1,173.9,1.76,1.1809,0.7968,1.3073,28.48,41.5,125.0,21933.7,-20.1,INJECTOR_CLOGGING,0.0075,1104.0
ISR_LOITER,4581.0,57.6,25.98,193.3,196.1,199.1,196.5,1300.2,1290.5,1290.5,1306.0,16.29,46.3,18.12,58.5,177.1,173.9,1.5429,1.2043,0.8389,1.2295,28.15,38.3,127.5,21955.1,-22.8,NOMINAL,0.0058,1486.9
TRANSIT,4903.7,67.7,29.04,213.9,212.9,215.4,213.9,1409.5,1409.8,1403.2,1401.8,18.41,47.4,19.34,60.5,188.9,181.8,4.0603,3.0488,2.0729,3.1664,28.22,40.0,139.3,18050.1,-14.6,COMBUSTION_INSTABILITY,0.5348,702.2
ISR_LOITER,4593.9,58.6,26.48,201.9,200.5,204.1,199.2,1316.0,1326.5,1324.8,1326.1,16.59,44.1,17.99,55.6,183.8,170.4,1.6116,1.1195,0.7304,1.2088,28.07,40.3,125.5,21936.2,-21.0,NOMINAL,0.0329,1461.3
ISR_LOITER,4588.0,57.4,26.74,195.4,195.9,195.6,194.5,1297.8,1316.4,1297.0,1315.9,15.9,44.0,18.1,56.9,181.1,173.4,1.6087,1.1971,0.7691,1.2399,28.15,41.0,127.3,21965.0,-22.1,NOMINAL,0.0345,1453.6
CLIMB,5447.7,85.0,34.08,290.8,286.6,289.0,286.7,1457.4,1436.0,1438.9,1447.8,26.68,44.1,17.98,66.1,200.3,252.8,2.674,2.1147,1.4102,2.13,28.27,42.2,105.7,12017.4,5.2,COOLING_DEGRADATION,0.8318,332.8
ISR_LOITER,4584.4,59.3,27.19,194.3,196.0,191.0,193.9,1333.2,1317.2,1331.5,1331.2,16.03,44.4,18.15,60.8,179.0,173.7,1.5864,1.2165,0.7485,1.2324,28.13,44.2,127.3,21950.5,-20.1,NOMINAL,0.0988,1477.1
PREFLIGHT,1389.3,15.9,15.66,136.3,136.9,136.7,139.7,635.1,636.5,620.6,648.9,5.51,45.1,18.27,47.3,127.2,134.6,0.6616,0.4257,0.354,0.4981,27.89,42.2,0.9,442.7,28.8,NOMINAL,0.1179,1440.1
ISR_LOITER,4591.9,57.8,26.19,194.6,194.5,193.8,194.3,1300.6,1301.2,1323.6,1304.1,15.92,42.2,18.09,59.7,180.2,175.3,1.7255,1.217,0.7658,1.2968,27.9,41.1,126.9,22064.4,-20.9,SENSOR_DRIFT,0.1295,1171.9
ISR_LOITER,4581.8,58.9,25.73,195.8,199.8,205.2,196.4,1320.3,1320.2,1281.8,1324.5,15.7,41.3,17.76,59.9,181.6,178.3,1.7512,1.2465,0.7427,1.313,28.25,41.5,126.0,21963.5,-21.4,INJECTOR_CLOGGING,0.2718,911.0
DESCENT,3810.9,35.8,19.78,173.3,172.6,169.9,172.4,1113.3,1103.5,1096.2,1088.6,10.41,46.3,17.73,50.5,165.2,160.6,1.3177,0.9221,0.5866,0.9884,28.16,39.7,117.9,8044.3,12.3,NOMINAL,0.1176,1440.7
TRANSIT,4935.8,68.0,25.67,200.2,202.7,228.8,200.8,1401.3,1385.1,1263.6,1391.4,15.62,38.4,18.02,60.6,190.6,181.3,1.931,1.4553,0.9535,1.5006,27.91,41.0,140.9,18078.7,-11.3,INJECTOR_CLOGGING,0.9548,204.9
TAKEOFF,5826.4,98.9,38.67,243.3,240.7,241.6,240.2,1526.2,1527.2,1532.2,1521.1,32.45,45.4,17.97,72.2,207.6,206.1,3.5513,2.6172,1.8145,2.754,28.25,42.7,85.9,1221.1,28.5,NOMINAL,0.065,1445.1
TAKEOFF,5820.9,98.9,35.52,241.5,244.7,264.1,242.9,1523.8,1542.0,1448.4,1533.7,29.36,38.5,17.82,72.1,211.7,205.9,3.4758,2.6805,1.8103,2.7413,28.41,41.8,86.0,1208.8,26.4,INJECTOR_CLOGGING,0.8154,294.5
PREFLIGHT,1431.8,14.2,15.95,139.0,140.9,132.9,140.1,656.7,659.8,663.8,665.5,6.19,44.1,17.98,44.9,126.7,135.7,0.6011,0.4615,0.2751,0.4655,26.41,38.7,-1.1,477.6,27.9,SENSOR_DRIFT,0.9981,124.7
ISR_LOITER,4460.6,57.5,26.72,198.7,176.5,201.0,201.7,1343.8,1193.3,1334.6,1332.3,14.93,44.5,17.94,55.3,180.1,177.1,4.0111,3.1755,2.0606,3.1843,28.33,41.9,123.2,22027.1,-21.2,CYLINDER_MISFIRE,0.5545,669.4
CLIMB,5499.8,84.3,34.1,232.5,230.1,227.5,228.6,1480.5,1468.2,1474.8,1476.3,27.1,45.2,18.92,70.6,199.8,200.5,4.4371,3.4461,2.169,3.477,28.08,40.4,108.3,11985.9,5.0,COMBUSTION_INSTABILITY,0.2851,861.8
CLIMB,5494.5,86.4,34.4,227.2,225.3,225.8,224.2,1441.7,1446.6,1453.1,1453.7,26.67,43.6,17.75,69.5,204.3,198.9,2.5946,2.1341,1.4593,2.1147,28.1,43.3,107.1,12064.5,4.4,NOMINAL,0.0647,1437.5
ISR_LOITER,4623.5,58.3,26.79,197.8,195.9,197.2,200.8,1307.9,1306.0,1310.3,1318.9,16.07,45.4,17.84,57.6,182.8,172.0,1.6207,1.1869,0.8234,1.2534,28.22,39.7,126.2,21951.2,-23.2,NOMINAL,0.0956,1475.1
TAKEOFF,5801.3,97.6,38.28,244.3,246.2,244.3,244.1,1533.1,1516.8,1513.5,1530.3,32.57,45.2,17.93,72.9,207.3,201.1,3.5682,2.7378,1.8622,2.8104,28.28,40.6,83.2,1260.5,27.9,NOMINAL,0.0375,1443.6
TRANSIT,4904.2,67.8,28.95,203.0,208.7,208.1,207.6,1396.9,1374.8,1372.2,1387.9,18.2,47.0,17.86,44.3,218.3,181.4,4.2382,3.185,2.1157,3.2956,27.97,42.8,139.1,17992.3,-13.2,LUBRICATION_FAILURE,0.6923,487.5
ISR_LOITER,4561.9,57.3,26.55,187.4,186.5,183.2,183.3,1298.7,1312.2,1304.6,1328.5,15.27,46.5,17.76,61.8,181.3,170.6,1.6974,1.1723,0.8464,1.2873,28.2,41.5,124.5,21941.4,-22.4,NOMINAL,0.0835,1461.6
CLIMB,5537.2,85.0,33.66,232.5,231.6,230.3,232.9,1453.0,1464.3,1453.0,1453.3,26.17,45.1,18.03,54.2,226.5,200.0,5.6608,4.2829,2.8498,4.4162,28.36,42.8,108.6,12013.2,4.1,LUBRICATION_FAILURE,0.5679,619.9
TRANSIT,4835.0,69.0,29.09,200.3,180.0,194.0,195.3,1372.0,1279.2,1360.9,1386.5,18.82,47.7,18.11,60.1,187.9,180.0,3.9846,3.0697,1.9338,3.1112,28.34,41.1,136.9,18079.9,-11.8,CYLINDER_MISFIRE,0.386,843.8
ISR_LOITER,4558.9,57.5,26.84,196.4,196.1,197.0,195.1,1311.4,1314.1,1316.9,1314.8,15.14,43.5,18.12,57.6,179.1,174.5,1.5798,1.094,0.8865,1.2218,28.18,42.0,125.2,22048.1,-21.3,NOMINAL,0.0317,1456.3
ISR_LOITER,4598.1,58.1,26.68,188.9,191.0,192.0,195.2,1334.4,1342.2,1332.4,1316.7,15.36,45.9,17.8,55.7,178.0,175.5,1.5365,1.2753,0.8214,1.2466,26.69,42.6,126.2,22030.9,-22.8,SENSOR_DRIFT,0.852,296.8
TRANSIT,4866.7,68.9,29.09,196.0,199.7,201.4,193.3,1406.3,1412.8,1415.1,1416.1,18.87,44.6,18.09,57.5,204.5,180.7,3.0505,2.3053,1.4386,2.3586,28.2,41.6,141.8,17979.5,-12.6,LUBRICATION_FAILURE,0.3115,935.8
DESCENT,3827.3,34.3,20.33,163.4,168.2,167.8,168.3,1113.5,1106.4,1104.4,1093.1,12.05,42.8,17.76,50.9,165.4,160.1,1.1396,0.9106,0.6579,0.9239,28.21,40.1,114.8,7959.1,10.6,NOMINAL,0.0191,1495.1
ISR_LOITER,4591.7,58.4,26.6,198.2,200.6,195.3,198.3,1301.4,1288.4,1292.6,1287.5,15.91,42.0,17.85,56.9,181.8,171.9,1.7037,1.2448,0.8523,1.3139,28.14,41.4,123.4,22029.0,-22.4,NOMINAL,0.0621,1444.1
CLIMB,5479.8,86.3,33.73,231.6,237.1,237.8,233.2,1464.6,1454.7,1455.3,1456.8,27.01,45.1,18.0,67.1,198.6,195.7,2.6492,2.0945,1.3579,2.1015,27.95,40.8,103.9,11972.5,6.4,NOMINAL,0.0344,1450.7
DESCENT,3781.2,35.5,19.7,202.4,204.9,202.7,201.8,1101.2,1091.1,1101.8,1097.8,10.88,46.3,17.79,51.3,165.1,186.0,1.1525,0.9713,0.6012,0.9369,28.23,45.7,118.5,8001.0,12.5,COOLING_DEGRADATION,0.3967,745.9
ISR_LOITER,4529.0,60.1,25.94,189.8,182.0,189.8,188.7,1309.1,1256.5,1320.8,1302.5,15.82,43.6,18.07,58.0,185.2,172.0,2.5351,1.8143,1.2712,1.9437,28.31,41.6,122.9,21947.2,-21.9,CYLINDER_MISFIRE,0.192,885.8
TAKEOFF,5769.0,98.5,38.23,239.0,240.3,236.8,239.3,1540.1,1526.1,1536.4,1531.6,32.61,43.4,19.67,69.9,207.7,203.7,9.591,7.168,4.7794,7.4434,28.05,42.0,87.5,1214.8,27.8,COMBUSTION_INSTABILITY,0.7513,408.2
RECOVERY,2187.4,21.1,17.46,153.9,154.3,152.8,156.1,853.7,840.3,872.7,837.7,7.2,45.9,18.12,44.2,156.2,146.1,1.12,0.7337,0.5984,0.8467,28.35,43.6,64.9,851.4,26.2,LUBRICATION_FAILURE,0.2015,901.1
TRANSIT,4891.9,68.4,28.62,201.6,204.5,205.3,206.0,1364.4,1389.5,1358.6,1370.3,19.32,45.2,17.79,39.6,223.6,180.1,4.8728,3.629,2.4508,3.7824,28.04,39.0,141.3,17996.8,-12.8,LUBRICATION_FAILURE,0.8464,301.3
ISR_LOITER,4624.9,57.0,26.87,204.8,200.6,201.1,204.2,1306.4,1316.6,1307.5,1314.3,15.9,43.8,18.04,57.2,178.1,179.0,1.5118,1.1636,0.8287,1.2009,28.0,42.1,125.7,22050.0,-22.5,COOLING_DEGRADATION,0.0953,880.3
DESCENT,3804.1,33.8,19.61,172.4,168.7,168.8,172.3,1132.0,1125.4,1122.7,1130.0,10.79,46.2,20.49,50.8,164.8,166.9,3.7311,2.8497,1.919,2.9283,28.23,41.4,113.5,7991.3,11.9,COMBUSTION_INSTABILITY,0.9677,172.8
ISR_LOITER,4631.9,57.6,26.81,192.9,195.2,195.6,194.0,1319.4,1321.9,1305.2,1322.4,15.97,42.6,19.88,58.5,179.7,173.1,4.8585,3.749,2.4153,3.8076,28.14,40.9,122.6,22040.7,-22.4,COMBUSTION_INSTABILITY,0.9158,178.9
ISR_LOITER,4617.1,58.9,26.28,198.4,194.9,197.4,197.0,1323.4,1294.1,1310.8,1323.8,16.5,46.3,18.08,56.7,180.6,176.2,1.7425,1.1469,0.7811,1.286,28.5,41.7,126.0,21947.0,-22.3,NOMINAL,0.0743,1448.0
PREFLIGHT,1408.1,15.3,16.02,138.1,136.4,136.1,135.7,672.0,652.8,650.8,650.0,5.4,47.6,18.02,43.7,129.3,132.5,0.6148,0.4409,0.3557,0.4826,28.1,42.5,0.0,457.2,28.4,NOMINAL,0.0039,1454.7
ISR_LOITER,4622.2,58.3,26.34,196.0,196.4,198.1,197.1,1327.2,1322.5,1332.1,1332.6,15.23,44.5,17.89,58.4,181.1,176.4,1.5704,1.2321,0.725,1.2261,28.4,41.0,122.3,21965.6,-20.6,NOMINAL,0.095,1451.8
TRANSIT,4915.9,66.7,29.11,206.9,206.0,205.0,205.1,1390.8,1371.4,1379.0,1407.0,18.31,45.8,17.92,61.7,183.7,183.2,1.857,1.3031,0.8798,1.4048,28.22,41.0,138.4,17978.4,-15.1,NOMINAL,0.0955,1434.9
DESCENT,3742.5,35.6,20.18,172.5,158.7,174.4,172.4,1123.0,1033.5,1117.6,1105.9,10.59,42.9,17.96,54.1,165.9,161.7,2.0762,1.6273,1.1744,1.6671,28.32,41.4,111.6,7934.3,12.7,CYLINDER_MISFIRE,0.2814,849.1
TRANSIT,4905.5,68.0,28.88,200.9,203.6,207.5,208.2,1371.7,1371.7,1392.1,1404.7,18.59,45.1,17.86,63.5,187.4,185.1,1.9289,1.4405,0.9089,1.4857,28.08,41.1,139.8,18055.3,-11.2,NOMINAL,0.0263,1476.8
ISR_LOITER,4587.4,59.8,26.93,197.9,195.1,200.0,195.4,1321.1,1297.6,1307.1,1325.2,15.04,47.6,18.26,57.7,179.2,174.9,1.8696,1.4337,1.0059,1.479,28.09,43.4,124.5,22054.7,-20.6,CYLINDER_MISFIRE,0.0736,1057.5
ISR_LOITER,4575.0,58.3,26.13,201.3,198.5,197.0,202.3,1306.4,1323.5,1307.4,1313.5,15.74,45.0,17.87,59.1,181.9,177.4,1.5643,1.1329,0.8107,1.2093,28.26,42.6,128.1,22005.5,-19.9,NOMINAL,0.02,1458.5
TRANSIT,4884.7,68.2,29.26,202.3,205.4,202.3,205.2,1378.4,1374.2,1387.6,1391.5,17.66,43.2,18.12,64.5,185.3,182.8,1.7604,1.3138,1.0534,1.4065,28.26,39.7,139.6,17961.0,-12.4,NOMINAL,0.0758,1436.7
ISR_LOITER,4592.2,57.3,26.28,194.9,196.4,196.3,195.3,1322.7,1317.1,1332.4,1309.7,16.08,46.7,17.82,57.5,182.5,176.3,1.5982,1.1171,0.7351,1.2031,28.13,40.8,123.4,21908.4,-23.4,NOMINAL,0.1139,1446.7
TAKEOFF,5794.9,96.3,38.82,241.1,243.9,240.2,244.2,1511.8,1527.6,1525.2,1529.5,32.58,45.5,18.01,70.5,212.2,204.5,3.828,2.77,1.9012,2.9406,28.26,44.6,84.9,1182.9,26.3,CYLINDER_MISFIRE,0.0218,1065.0
ISR_LOITER,4584.1,57.6,26.93,200.6,198.9,199.7,196.4,1346.8,1338.1,1362.1,1333.1,15.7,43.7,18.2,58.3,179.9,172.6,1.7141,1.1443,0.7797,1.2722,28.2,42.8,124.4,22071.8,-21.9,NOMINAL,0.1099,1455.2
ISR_LOITER,4596.1,56.7,26.91,201.0,204.6,199.5,202.5,1334.6,1340.8,1342.9,1316.6,15.75,44.7,18.0,56.9,180.3,175.7,1.5196,1.2023,0.7876,1.2076,28.38,42.9,123.5,22048.9,-22.1,NOMINAL,0.0884,1450.8
TAKEOFF,5801.6,99.6,38.77,234.7,235.6,234.0,234.3,1520.2,1521.2,1525.4,1514.2,32.83,44.7,18.06,67.2,210.0,206.6,3.4179,2.702,1.7605,2.7131,28.43,40.1,89.3,1264.6,27.1,NOMINAL,0.1058,1455.5
CLIMB,5472.5,86.1,33.97,232.6,233.0,232.2,229.5,1471.5,1485.4,1458.4,1460.7,27.22,44.9,17.66,69.0,200.9,203.3,2.8155,2.2272,1.4492,2.2351,27.92,42.0,104.9,11995.5,4.1,NOMINAL,0.1125,1433.2
ISR_LOITER,4620.0,57.4,26.33,194.2,194.3,195.7,197.1,1326.3,1323.6,1326.2,1305.9,15.71,43.5,17.89,56.6,178.1,173.0,1.786,1.1966,0.8602,1.3369,28.31,43.0,126.1,22104.3,-21.6,NOMINAL,0.1042,1452.6
CLIMB,5510.8,82.9,34.03,226.6,223.8,222.7,224.4,1464.1,1460.9,1457.2,1449.5,26.84,45.8,17.97,68.4,199.3,195.7,2.9602,2.147,1.4139,2.2636,28.18,44.1,103.4,12033.5,5.0,NOMINAL,0.0433,1449.6
ISR_LOITER,4593.4,59.0,26.51,195.3,196.8,195.3,194.8,1320.1,1301.4,1303.3,1330.9,15.99,46.0,18.16,58.9,181.7,173.3,1.6453,1.2272,0.8662,1.2862,27.66,45.6,126.7,22012.8,-23.0,NOMINAL,0.0507,1486.5
DESCENT,3841.8,36.5,20.19,170.2,170.6,174.1,173.6,1096.2,1094.8,1108.9,1099.4,10.88,45.4,18.14,45.7,173.1,161.5,1.7457,1.2323,0.7844,1.3142,28.08,42.0,114.9,7892.1,10.3,LUBRICATION_FAILURE,0.1943,1074.0
ISR_LOITER,4542.9,58.9,26.12,192.4,194.1,194.5,190.9,1305.5,1296.9,1304.6,1298.0,15.58,43.4,17.77,57.4,180.7,175.4,2.0003,1.4546,1.056,1.5527,28.03,41.3,122.7,21922.2,-20.8,COMBUSTION_INSTABILITY,0.1477,968.7
RECOVERY,2190.5,23.7,18.02,152.3,153.7,149.9,154.5,844.0,851.9,841.9,847.9,7.09,43.9,18.15,47.9,149.0,147.6,0.7371,0.5685,0.3923,0.5832,28.25,41.4,62.4,846.7,27.2,NOMINAL,0.1092,1454.8
TRANSIT,4889.4,70.4,28.47,198.3,201.2,200.6,201.8,1408.9,1404.0,1413.8,1420.5,18.27,42.9,17.87,62.4,188.3,183.8,2.0491,1.4377,0.9297,1.5416,28.09,41.7,141.7,17969.8,-11.4,NOMINAL,0.087,1455.7
TAKEOFF,5836.9,98.3,38.46,241.5,241.3,238.8,237.9,1533.4,1513.1,1529.8,1536.3,32.09,44.2,17.97,70.7,208.2,203.9,3.5383,2.7292,1.8039,2.7822,27.98,44.6,84.4,1196.5,26.5,NOMINAL,0.0315,1478.6
ISR_LOITER,4599.7,58.6,26.87,220.5,222.5,223.6,221.0,1296.2,1319.9,1321.3,1315.3,16.37,42.7,17.82,58.0,177.9,205.1,1.5059,1.2807,0.7576,1.2223,28.41,40.8,120.3,22007.1,-21.3,COOLING_DEGRADATION,0.4344,739.5
PREFLIGHT,1434.2,14.8,14.74,141.7,136.7,154.3,142.4,647.4,672.4,630.4,640.7,5.23,43.0,18.07,46.8,130.4,136.0,0.448,0.4106,0.3633,0.4088,28.1,41.9,-2.3,466.8,28.3,INJECTOR_CLOGGING,0.3884,719.0
ISR_LOITER,4425.7,58.0,26.6,192.5,159.8,189.7,189.6,1328.7,1161.8,1363.4,1347.3,15.1,43.7,17.78,57.6,178.3,176.2,4.6387,3.5486,2.3605,3.6369,28.4,40.9,126.9,21962.3,-22.1,CYLINDER_MISFIRE,0.6834,477.0
TAKEOFF,5641.1,97.9,38.49,245.5,216.6,244.6,246.4,1532.1,1320.9,1507.4,1512.1,32.7,46.6,18.25,72.5,206.1,202.1,10.4468,7.7392,5.2368,8.0923,28.32,41.7,83.4,1191.5,27.2,CYLINDER_MISFIRE,0.6716,400.8
PREFLIGHT,1365.4,15.2,13.31,143.6,144.4,165.1,144.0,625.5,637.4,545.9,633.7,4.21,39.2,17.98,44.1,126.9,133.6,0.6053,0.4457,0.2625,0.4597,28.45,43.6,-0.9,529.2,29.3,INJECTOR_CLOGGING,0.7843,319.6
RECOVERY,2181.1,21.4,17.4,151.7,150.8,156.0,157.7,846.5,834.5,855.4,866.2,7.99,46.6,17.77,47.2,147.4,145.6,0.7557,0.6113,0.4269,0.6129,28.16,42.0,65.3,788.6,25.5,NOMINAL,0.0337,1451.1
ISR_LOITER,4597.0,57.8,26.81,196.3,194.9,190.7,193.0,1320.2,1316.7,1339.6,1332.5,14.77,45.0,17.87,59.4,178.7,175.6,1.6245,1.1507,0.7496,1.2281,28.5,42.6,125.1,22060.5,-20.2,NOMINAL,0.1169,1454.7
ISR_LOITER,4647.4,58.7,26.11,189.5,189.4,188.8,187.8,1339.9,1347.5,1339.2,1349.9,16.08,46.1,18.04,57.8,177.7,177.0,1.6205,1.1847,0.7432,1.2358,28.39,42.0,128.8,21896.4,-21.7,NOMINAL,0.0669,1467.5
TAKEOFF,5766.1,98.6,38.58,234.9,237.1,236.9,240.7,1508.0,1508.1,1514.1,1525.6,33.04,47.9,17.92,72.2,209.8,201.4,4.1536,3.2398,2.1498,3.2848,28.28,42.7,81.6,1145.1,26.5,COMBUSTION_INSTABILITY,0.0817,1171.9
RECOVERY,2222.6,24.0,17.02,153.0,155.5,160.4,152.7,854.6,838.2,830.6,842.5,7.61,45.5,18.36,48.4,145.0,149.7,0.8199,0.5986,0.391,0.628,28.3,42.8,64.5,872.1,26.8,NOMINAL,0.1097,1459.6
CLIMB,5354.8,83.6,34.1,234.9,202.5,235.9,232.6,1433.2,1263.4,1436.4,1442.0,26.27,44.0,18.27,68.2,199.5,196.2,8.1249,6.068,4.1736,6.3313,28.2,42.7,103.7,11999.1,5.5,CYLINDER_MISFIRE,0.6771,538.8
PREFLIGHT,1376.9,15.6,16.04,134.1,133.6,131.9,138.1,654.0,630.0,665.1,658.5,5.62,44.7,17.99,43.9,130.2,135.7,0.5963,0.3946,0.3234,0.4531,27.96,42.6,0.6,489.2,27.5,NOMINAL,0.1152,1465.6
CLIMB,5469.3,86.3,34.23,238.8,237.2,240.4,237.2,1472.6,1464.7,1481.2,1458.0,27.46,44.9,17.83,67.9,195.5,199.9,2.8533,2.2139,1.3519,2.2264,28.09,40.1,105.7,11979.2,4.2,NOMINAL,0.0392,1448.1
PREFLIGHT,1402.7,14.5,16.35,140.3,137.9,141.3,137.4,640.7,635.2,655.4,660.3,6.14,45.5,18.07,30.5,155.6,133.7,1.3315,1.026,0.6828,1.0475,28.2,43.2,-3.1,399.0,26.6,LUBRICATION_FAILURE,0.621,605.7
PREFLIGHT,1470.5,17.1,15.52,141.9,140.6,138.6,140.5,652.5,626.2,650.1,644.6,5.74,44.3,18.06,45.2,129.6,134.4,0.6044,0.3537,0.3858,0.4616,28.15,42.8,3.2,556.7,28.3,NOMINAL,0.1162,1454.0
PREFLIGHT,1359.3,13.8,16.07,139.4,140.4,141.2,139.9,625.7,638.9,634.8,622.8,5.82,46.0,18.06,45.4,130.1,136.2,0.5591,0.4424,0.3373,0.4553,28.21,40.9,-1.4,502.2,25.4,NOMINAL,0.0042,1452.0
ISR_LOITER,4641.9,58.6,26.58,187.9,192.8,187.8,189.6,1320.3,1293.8,1308.7,1314.8,15.78,45.2,18.11,60.7,178.1,174.1,1.6845,1.2136,0.7889,1.2823,28.35,38.7,127.3,22079.4,-22.2,CYLINDER_MISFIRE,0.0076,1136.7
CLIMB,5502.1,86.9,34.38,231.7,231.9,231.4,232.0,1448.6,1443.3,1457.4,1475.2,27.24,46.0,18.02,69.8,202.7,200.4,2.7455,2.1033,1.3768,2.1492,28.42,43.7,105.9,12034.5,5.3,NOMINAL,0.0681,1435.8
CLIMB,5335.8,85.5,33.96,225.3,200.6,227.5,228.5,1442.2,1301.0,1472.7,1461.3,27.2,45.5,17.68,65.7,201.2,199.4,7.3023,5.4951,3.5835,5.6675,28.35,43.4,108.1,12080.2,4.6,CYLINDER_MISFIRE,0.5636,671.6
ISR_LOITER,4594.7,59.2,25.85,194.1,196.8,205.6,194.0,1300.3,1297.5,1255.4,1281.9,15.0,41.9,18.04,59.0,181.8,173.6,1.5219,1.2353,0.8331,1.2296,28.12,43.5,124.9,21962.8,-23.0,INJECTOR_CLOGGING,0.3145,944.4
TRANSIT,4912.2,66.9,28.33,203.6,206.0,212.1,208.0,1407.5,1410.7,1389.6,1417.8,17.8,45.6,18.07,60.3,186.5,180.8,1.7844,1.3402,0.9339,1.3967,28.13,41.0,141.7,17962.5,-11.7,NOMINAL,0.1096,1474.7
ISR_LOITER,4584.0,59.0,26.69,191.4,192.7,195.3,195.6,1282.6,1324.5,1308.1,1295.5,15.78,44.0,18.33,57.1,178.1,179.2,1.632,1.1694,0.8926,1.2686,28.4,41.1,123.4,22004.9,-22.2,NOMINAL,0.023,1458.2
ISR_LOITER,4371.4,57.7,26.46,197.2,161.3,194.7,199.0,1333.5,1076.8,1320.7,1342.2,16.01,44.9,18.07,58.0,180.7,176.9,5.5229,3.975,2.7473,4.2368,28.14,40.2,127.6,21965.5,-21.0,CYLINDER_MISFIRE,0.8433,239.4
CLIMB,5527.0,86.9,34.37,234.4,236.6,233.4,232.7,1480.1,1486.5,1472.4,1470.2,26.43,44.0,17.86,69.8,199.2,199.0,2.6799,2.178,1.4118,2.154,28.0,41.2,103.4,12011.6,4.6,NOMINAL,0.0999,1464.4
ISR_LOITER,4592.5,57.3,26.65,238.2,237.0,236.4,240.6,1315.5,1328.6,1310.2,1319.8,15.29,42.1,17.89,57.5,177.7,219.9,1.5814,1.0863,0.8016,1.2005,28.29,42.4,125.6,21992.3,-21.7,COOLING_DEGRADATION,0.7095,345.4
TAKEOFF,5774.1,97.2,38.21,245.3,241.2,243.2,244.5,1542.1,1558.0,1549.3,1548.8,32.33,45.5,17.67,72.1,210.4,202.5,3.5761,2.7881,1.7981,2.8163,28.29,45.6,84.1,1242.5,26.8,NOMINAL,0.0636,1485.6
TRANSIT,4927.7,69.4,28.94,208.4,210.8,212.9,205.6,1348.1,1354.1,1361.0,1352.9,18.86,44.7,17.86,48.8,209.9,182.9,3.6291,2.6443,1.8019,2.7934,28.44,43.8,139.2,18034.0,-12.2,LUBRICATION_FAILURE,0.4844,555.8
ISR_LOITER,4596.1,56.1,26.83,195.6,195.2,196.6,194.9,1315.9,1336.9,1345.4,1325.6,14.96,44.1,18.07,56.2,179.8,175.8,1.5298,1.2775,0.8339,1.2474,28.05,43.0,123.3,21974.2,-22.0,NOMINAL,0.0824,1432.6
ISR_LOITER,4620.6,57.4,26.71,194.5,194.5,193.0,192.7,1334.8,1294.6,1320.2,1316.7,15.63,45.3,17.8,56.0,182.1,173.7,1.5902,1.0647,0.7133,1.1791,28.24,43.6,123.6,22081.6,-20.7,NOMINAL,0.0947,1441.8
ISR_LOITER,4632.9,57.5,26.36,197.8,198.0,198.5,198.2,1292.2,1288.0,1305.7,1329.5,15.42,44.6,18.06,55.3,184.8,176.4,1.9493,1.4025,0.8965,1.4799,28.33,41.9,124.2,21979.3,-22.5,LUBRICATION_FAILURE,0.0785,1086.4
DESCENT,3827.2,34.3,19.74,167.2,164.4,169.4,166.7,1103.0,1093.0,1081.7,1108.7,10.52,44.0,18.05,55.6,166.4,158.7,1.1986,0.886,0.6164,0.9312,28.35,41.1,115.4,8048.8,10.8,INJECTOR_CLOGGING,0.0654,869.2
ISR_LOITER,4582.4,55.9,26.18,194.6,191.2,194.2,192.9,1322.4,1325.9,1308.8,1321.1,14.92,44.8,17.96,55.7,177.1,178.5,1.6273,1.1581,0.7834,1.2387,28.02,42.3,124.8,22036.5,-21.0,NOMINAL,0.0598,1466.6
DESCENT,3833.7,35.0,20.12,168.8,173.2,171.2,170.7,1081.9,1078.1,1093.2,1098.2,11.1,44.3,17.89,52.3,164.9,160.0,1.2994,0.952,0.5913,0.9907,28.2,43.5,116.1,8082.4,12.7,NOMINAL,0.0238,1490.1
TRANSIT,4844.0,69.4,28.63,205.9,188.1,204.8,205.9,1375.9,1286.8,1387.9,1370.8,18.31,45.4,18.06,60.3,185.6,186.6,3.6829,2.7936,1.8589,2.8765,28.27,43.9,144.5,18027.9,-11.9,CYLINDER_MISFIRE,0.331,689.6
ISR_LOITER,4625.4,58.7,26.23,187.6,190.0,192.9,195.0,1299.5,1297.9,1304.2,1304.1,15.78,46.3,17.94,57.3,180.0,176.3,1.8291,1.3048,0.8123,1.3794,26.66,41.9,123.7,22010.8,-21.7,SENSOR_DRIFT,0.8145,297.6
ISR_LOITER,4578.1,59.5,26.17,195.5,194.0,192.1,191.8,1309.3,1303.6,1308.0,1333.7,16.4,44.6,17.9,59.7,178.8,176.3,1.5115,1.2101,0.7764,1.2044,28.27,43.9,123.8,21946.7,-22.3,NOMINAL,0.1147,1461.4
RECOVERY,2032.0,24.3,17.17,152.8,121.3,153.2,158.1,822.3,606.9,821.5,840.0,7.58,46.5,18.17,48.2,145.2,145.5,2.6354,1.9478,1.3353,2.0431,28.31,41.0,63.6,803.9,25.7,CYLINDER_MISFIRE,0.8057,310.4
ISR_LOITER,4392.2,59.3,26.48,197.2,166.1,195.7,198.2,1324.8,1099.0,1318.8,1339.6,15.66,44.5,18.17,59.8,177.5,173.5,5.3262,4.0201,2.7237,4.1612,28.22,43.7,121.4,21939.9,-22.0,CYLINDER_MISFIRE,0.8287,265.6
TAKEOFF,5826.1,99.4,38.53,246.6,247.6,249.6,247.0,1493.7,1517.1,1498.6,1527.0,32.05,45.1,17.71,71.9,210.3,204.0,3.5964,2.599,1.8022,2.7651,28.1,42.1,84.8,1188.0,26.6,NOMINAL,0.109,1438.4
ISR_LOITER,4639.1,58.4,26.73,193.1,196.0,189.9,196.8,1335.8,1334.0,1312.9,1315.3,16.05,42.5,18.67,59.2,182.4,179.3,2.9432,2.1754,1.4466,2.2721,28.27,41.7,122.3,22026.2,-23.0,COMBUSTION_INSTABILITY,0.3892,690.2
DESCENT,3818.6,34.9,19.62,157.8,158.1,158.0,161.7,1109.2,1101.9,1095.2,1101.8,11.64,47.0,17.85,49.7,165.6,156.4,1.2222,0.9134,0.5934,0.9452,28.47,42.1,116.1,8057.8,11.9,NOMINAL,0.1003,1468.2
TAKEOFF,5842.8,97.4,38.43,299.3,299.1,298.4,297.6,1527.6,1533.7,1531.6,1527.1,32.63,43.9,18.11,69.9,210.5,262.8,3.6084,2.7004,1.7471,2.7907,28.19,45.0,84.9,1186.2,25.4,COOLING_DEGRADATION,0.8706,228.2
TRANSIT,4909.1,68.1,29.15,201.7,198.5,199.2,200.3,1385.2,1376.0,1363.4,1406.6,18.8,46.0,18.21,63.7,189.6,182.1,1.8744,1.4689,0.9573,1.4818,28.22,43.5,144.2,17952.9,-11.5,NOMINAL,0.0531,1483.7
TRANSIT,4858.0,67.3,29.01,209.1,208.1,211.1,207.4,1366.6,1360.7,1352.5,1356.5,18.2,42.9,18.31,61.5,189.0,179.8,1.9037,1.4554,0.9544,1.4892,28.08,43.2,135.9,17921.2,-12.1,NOMINAL,0.0147,1482.1
TAKEOFF,5740.1,99.5,38.3,238.6,238.5,236.2,240.3,1506.3,1492.2,1478.6,1487.1,33.11,45.2,17.85,74.0,209.6,205.0,3.7913,2.7553,1.7857,2.8956,28.19,42.8,86.6,1148.2,28.6,SENSOR_DRIFT,0.0374,1030.3
TRANSIT,4904.0,68.8,28.9,207.3,207.2,207.4,206.7,1368.4,1377.5,1374.7,1376.9,18.1,46.2,19.28,63.0,186.0,180.2,3.5427,2.6518,1.8632,2.7722,28.0,42.5,137.5,18024.8,-12.4,COMBUSTION_INSTABILITY,0.4054,807.7
CLIMB,5472.0,83.4,33.81,227.5,232.3,226.8,228.4,1448.3,1442.7,1437.8,1451.3,26.17,45.8,17.81,64.2,204.3,198.1,2.8615,2.1645,1.3538,2.2141,28.16,41.9,103.6,12059.4,6.3,NOMINAL,0.0038,1451.5
ISR_LOITER,4363.6,55.5,26.53,197.7,158.3,198.3,197.6,1298.7,1072.1,1308.2,1303.3,15.14,45.5,18.49,57.6,179.0,175.0,5.5716,4.1612,2.8926,4.3484,28.21,40.0,122.6,22057.0,-21.7,CYLINDER_MISFIRE,0.8879,281.3
CLIMB,5491.2,85.7,33.78,233.9,234.0,229.6,232.3,1446.3,1433.1,1437.7,1436.3,27.39,45.4,17.91,66.9,201.7,198.3,2.8806,2.1371,1.2366,2.1904,28.36,42.2,105.5,11899.7,4.5,NOMINAL,0.0098,1493.1
TRANSIT,4933.2,68.7,28.88,213.2,208.8,211.4,213.1,1396.3,1394.5,1396.9,1399.7,17.58,44.5,17.65,59.4,187.0,181.1,2.0089,1.3535,0.959,1.5041,28.44,41.8,143.9,17906.2,-12.8,NOMINAL,0.0618,1468.4
TAKEOFF,5661.8,96.4,38.69,237.7,204.9,238.9,236.1,1517.1,1323.7,1513.4,1514.8,32.54,45.2,17.98,71.8,209.8,205.4,10.6916,8.0358,5.4127,8.3303,28.5,45.7,85.3,1148.4,26.8,CYLINDER_MISFIRE,0.707,487.7
ISR_LOITER,4574.7,59.7,26.66,191.2,194.8,194.7,190.4,1313.5,1317.8,1317.9,1315.7,15.85,46.7,18.1,59.8,180.7,174.4,1.5858,1.2482,0.827,1.2592,28.4,42.0,122.2,21990.3,-23.5,NOMINAL,0.0082,1474.5
TAKEOFF,5796.6,97.7,38.38,240.4,243.7,246.4,242.5,1519.5,1529.7,1514.8,1511.6,31.87,45.8,18.17,71.1,207.7,206.7,3.5899,2.5796,1.8186,2.7598,28.24,44.1,86.7,1244.8,26.1,NOMINAL,0.1059,1445.9
CLIMB,5503.1,86.4,33.87,228.4,232.8,229.9,235.1,1439.0,1453.4,1454.0,1464.9,26.65,44.3,19.0,70.2,196.6,198.2,6.159,4.5377,3.0412,4.753,28.46,42.3,105.3,11999.9,4.9,COMBUSTION_INSTABILITY,0.5129,591.8
TRANSIT,4884.7,68.8,29.48,199.8,200.8,199.1,199.5,1401.9,1388.6,1397.4,1393.7,18.93,44.7,18.1,60.4,191.7,182.5,1.7917,1.4856,0.9625,1.4542,28.32,46.7,142.3,18054.7,-12.4,NOMINAL,0.0521,1486.4
ISR_LOITER,4628.4,58.4,26.15,195.6,193.3,193.6,192.1,1327.2,1310.1,1309.4,1313.9,15.96,44.2,18.05,58.1,182.0,176.5,1.5992,1.2014,0.7894,1.2415,28.22,42.0,125.3,21926.6,-22.6,NOMINAL,0.0246,1474.1
PREFLIGHT,1435.9,14.4,16.28,139.5,134.3,138.3,136.1,640.3,622.8,619.9,634.2,6.7,46.9,17.5,42.0,127.8,132.8,0.5605,0.453,0.3096,0.4529,28.28,41.0,-0.2,496.9,28.0,NOMINAL,0.1057,1442.2
PREFLIGHT,1276.6,15.4,15.9,137.4,119.8,137.4,139.9,648.6,517.5,637.0,644.2,5.77,47.1,17.74,45.0,131.3,138.1,1.2811,0.9676,0.7225,1.0164,27.97,40.5,-2.4,445.8,27.1,CYLINDER_MISFIRE,0.4059,651.3
RECOVERY,2230.8,23.0,17.75,156.5,156.3,155.2,155.4,859.4,843.5,860.5,861.7,7.14,44.4,18.14,49.3,141.7,146.6,0.8637,0.5241,0.3935,0.626,28.01,40.7,65.7,831.4,27.0,NOMINAL,0.0915,1436.6
PREFLIGHT,1469.9,14.8,15.96,144.9,143.1,145.3,142.7,656.9,666.3,684.2,660.7,6.22,43.1,17.82,45.5,131.0,138.9,0.5162,0.4583,0.2773,0.4295,28.24,41.2,-3.5,532.1,27.3,NOMINAL,0.0185,1479.7
RECOVERY,2194.2,21.7,18.19,154.9,153.6,153.0,152.4,826.5,829.7,836.4,841.5,7.98,45.0,17.87,47.6,147.7,148.3,0.8534,0.571,0.3036,0.6182,28.3,42.5,66.9,804.2,28.4,NOMINAL,0.0569,1473.5
ISR_LOITER,4595.1,57.9,26.4,194.5,195.7,200.0,194.1,1319.4,1310.3,1315.2,1307.4,15.68,44.7,18.38,60.7,178.3,176.0,1.579,1.3076,0.7407,1.2585,28.37,42.2,121.3,22096.1,-23.7,NOMINAL,0.0292,1457.7
PREFLIGHT,1287.9,14.4,15.65,142.8,127.0,142.3,137.9,648.3,554.4,646.2,644.3,6.13,47.1,17.72,41.6,132.5,131.5,1.2698,0.8013,0.623,0.9385,28.09,42.6,2.8,458.1,29.7,CYLINDER_MISFIRE,0.3464,936.3
ISR_LOITER,4435.1,56.5,26.52,189.8,158.2,188.7,193.0,1315.7,1131.5,1324.3,1335.3,15.57,46.4,18.0,60.9,182.1,174.3,4.5484,3.3466,2.2713,3.5141,28.08,41.0,127.3,22011.4,-21.6,CYLINDER_MISFIRE,0.6532,410.1
CLIMB,5487.6,84.4,33.81,227.3,225.5,230.7,224.7,1439.4,1450.8,1422.0,1451.2,26.67,43.7,18.12,69.0,197.8,197.3,2.8967,2.0734,1.3498,2.1993,28.16,41.9,104.5,12022.4,4.4,SENSOR_DRIFT,0.0097,1016.7
DESCENT,3663.0,35.8,19.95,169.1,153.9,167.8,169.1,1100.1,973.4,1089.8,1090.6,10.85,45.5,17.99,50.8,166.3,160.3,2.5171,1.8734,1.1881,1.9371,28.18,38.7,116.5,7942.3,12.5,CYLINDER_MISFIRE,0.3937,693.4
CLIMB,5464.9,86.9,30.49,234.5,235.4,262.7,235.9,1478.8,1466.4,1355.9,1485.1,23.28,37.1,18.16,65.9,198.1,196.1,2.8306,2.1316,1.3559,2.1905,28.26,41.0,107.5,12025.6,5.7,INJECTOR_CLOGGING,0.9652,175.8
TRANSIT,4854.4,66.9,29.18,210.7,204.7,210.3,208.0,1396.8,1365.3,1394.5,1387.7,18.53,44.4,17.69,63.5,187.4,181.1,2.1612,1.5899,1.0533,1.6641,28.42,42.1,139.1,17917.0,-12.5,CYLINDER_MISFIRE,0.0512,1185.5
ISR_LOITER,4575.7,57.3,26.67,202.4,197.3,197.6,198.0,1313.4,1305.2,1324.5,1313.9,16.66,45.9,18.06,60.9,181.4,176.4,1.5466,1.1857,0.8498,1.2275,28.32,41.1,129.7,21989.8,-20.8,NOMINAL,0.0947,1433.4
TRANSIT,4861.3,69.1,28.92,208.6,213.6,212.5,203.4,1385.9,1390.3,1382.7,1371.9,18.43,45.0,18.12,61.1,188.7,184.2,1.7496,1.4242,1.0001,1.4247,28.44,44.3,141.9,18093.4,-11.0,INJECTOR_CLOGGING,0.0869,1193.3
DESCENT,3741.9,34.5,20.39,198.4,195.6,198.8,196.4,1118.0,1094.7,1122.8,1126.9,11.4,46.2,18.06,51.0,167.5,188.3,1.1948,0.8935,0.5689,0.9219,28.39,42.1,116.8,7900.1,12.1,COOLING_DEGRADATION,0.4141,577.9
CLIMB,5481.5,85.8,34.18,232.0,233.7,229.1,231.4,1476.6,1463.5,1493.4,1471.1,27.16,44.4,18.23,67.6,199.5,198.0,2.8068,2.0671,1.3614,2.1606,28.12,41.8,105.5,11979.7,3.9,NOMINAL,0.0699,1477.9
RECOVERY,2169.8,21.1,17.6,158.5,158.4,161.3,162.3,847.4,843.8,842.1,829.4,7.04,43.1,20.19,46.9,146.6,145.8,2.3424,1.6958,1.0921,1.7847,28.08,41.0,65.0,769.8,25.1,COMBUSTION_INSTABILITY,0.8648,267.4
ISR_LOITER,4590.5,58.0,26.37,197.7,197.5,194.4,193.7,1326.0,1337.6,1334.7,1324.0,16.23,43.7,17.9,58.3,181.7,177.3,1.6244,1.1258,0.8529,1.2428,28.04,41.3,123.0,21995.5,-23.0,NOMINAL,0.1132,1431.3
TRANSIT,4911.8,68.3,29.07,201.9,202.0,201.4,203.2,1395.0,1375.9,1365.2,1379.7,18.25,45.4,18.09,62.3,186.8,182.1,1.8598,1.3946,0.8675,1.4325,28.02,45.2,135.0,17888.8,-11.9,SENSOR_DRIFT,0.087,938.6
ISR_LOITER,4605.4,57.8,26.32,198.2,192.3,196.0,196.4,1306.2,1302.8,1314.2,1303.8,15.19,44.2,19.93,57.2,179.4,176.5,4.2438,3.213,2.136,3.3114,28.36,42.1,126.6,21964.0,-20.2,COMBUSTION_INSTABILITY,0.7647,421.2
PREFLIGHT,1420.8,14.4,15.93,139.8,140.6,141.1,139.0,648.7,665.7,664.4,644.4,6.96,44.0,18.08,47.0,128.4,132.7,0.6392,0.4457,0.2827,0.4786,28.0,44.0,0.5,534.4,29.2,NOMINAL,0.0897,1434.6
DESCENT,3756.6,35.2,19.55,172.1,172.1,173.4,173.2,1113.9,1123.2,1113.8,1119.2,10.7,46.4,17.83,52.5,162.7,159.1,1.1587,0.9313,0.6739,0.9424,28.09,40.6,117.1,7964.3,14.3,NOMINAL,0.1082,1461.6
ISR_LOITER,4573.5,57.0,26.21,193.1,195.5,194.8,191.2,1328.9,1342.2,1321.4,1335.7,15.51,43.9,18.02,56.3,182.5,169.3,1.7486,1.3111,0.8306,1.3499,27.9,42.7,124.1,21968.8,-20.8,COMBUSTION_INSTABILITY,0.0304,877.1
ISR_LOITER,4580.6,55.2,26.02,193.6,194.8,194.0,192.6,1333.9,1338.3,1330.7,1336.1,15.94,45.3,17.89,60.0,182.6,172.5,1.4384,1.1735,0.76,1.1581,27.95,41.4,127.9,22022.9,-21.2,NOMINAL,0.091,1459.0
DESCENT,3833.1,33.5,20.42,173.5,175.7,172.4,174.1,1097.4,1088.2,1106.1,1097.7,11.15,46.2,18.03,50.9,167.5,159.9,0.9341,0.9168,0.504,0.8098,28.51,42.5,115.7,8037.6,10.2,NOMINAL,0.09,1472.0
ISR_LOITER,4586.1,56.1,26.64,195.6,196.7,201.0,200.6,1317.6,1327.5,1317.5,1309.5,15.36,42.9,17.9,53.8,193.0,174.5,2.1523,1.6257,1.0803,1.6775,28.47,44.0,125.0,21968.8,-22.6,LUBRICATION_FAILURE,0.1875,1045.5
CLIMB,5500.8,85.7,32.2,237.6,235.9,250.2,229.3,1445.5,1443.9,1389.6,1454.0,25.58,43.5,17.81,65.1,198.5,199.1,2.8801,2.0426,1.426,2.1986,28.25,42.3,108.5,11985.7,4.1,INJECTOR_CLOGGING,0.4029,595.6
TRANSIT,4906.3,67.7,28.31,206.7,202.5,204.9,205.0,1399.7,1395.6,1364.1,1383.9,18.35,44.2,17.96,61.3,187.5,183.6,1.9931,1.4154,0.9793,1.5204,28.26,44.1,141.3,18103.3,-11.3,NOMINAL,0.1089,1443.2
TRANSIT,4859.6,69.1,29.3,201.4,200.8,200.6,197.0,1387.8,1396.3,1380.3,1387.9,18.3,44.5,17.63,63.0,188.0,180.4,1.9958,1.4764,0.9467,1.534,28.39,44.4,138.1,17944.2,-14.2,NOMINAL,0.078,1467.6
TAKEOFF,5818.5,98.3,38.27,244.7,243.3,243.9,244.3,1515.8,1510.9,1514.8,1493.7,32.38,43.9,17.74,73.4,206.1,203.8,3.5561,2.6873,1.7428,2.7631,28.09,44.8,84.5,1155.8,27.2,NOMINAL,0.037,1468.0
ISR_LOITER,4601.9,57.3,26.31,191.1,190.8,187.3,188.6,1316.6,1308.9,1300.2,1330.1,16.4,46.4,18.06,57.1,184.3,177.1,1.5343,1.2906,0.8083,1.248,28.4,44.4,123.7,21993.3,-21.8,NOMINAL,0.0748,1477.2
ISR_LOITER,4593.1,56.4,26.43,200.8,202.5,204.2,200.0,1342.3,1314.8,1321.6,1320.7,16.29,43.7,18.21,57.7,180.3,177.4,1.6385,1.2766,0.8522,1.2963,28.59,43.7,125.2,22003.1,-20.3,NOMINAL,0.081,1447.6
RECOVERY,2208.0,21.7,17.25,200.8,192.9,196.8,198.4,839.0,860.1,848.1,839.3,7.65,43.5,18.13,50.2,145.0,189.0,0.7202,0.5623,0.4591,0.5904,28.2,45.5,66.4,749.3,28.4,COOLING_DEGRADATION,0.6276,433.6
PREFLIGHT,1407.3,15.4,15.85,143.3,144.3,138.9,141.2,673.2,650.4,665.5,674.2,6.19,44.3,18.1,47.0,130.6,130.9,0.7046,0.3794,0.2461,0.4834,28.25,42.6,-1.1,541.5,28.1,NOMINAL,0.0223,1474.6
TAKEOFF,5763.6,96.2,38.31,244.2,243.9,238.8,241.0,1529.0,1527.1,1527.1,1532.1,33.03,43.0,17.93,73.1,211.7,208.6,3.7236,2.7721,1.7791,2.8702,28.34,45.1,88.1,1221.9,28.5,NOMINAL,0.0733,1441.2
TRANSIT,4896.0,66.7,29.31,206.1,203.9,206.8,204.8,1382.2,1351.5,1384.8,1374.0,18.39,44.2,17.87,61.8,189.1,185.1,1.9184,1.4018,0.9376,1.4747,28.35,42.7,137.6,17968.4,-11.9,NOMINAL,0.0308,1485.8
TAKEOFF,5796.0,98.3,38.62,241.1,238.2,239.5,239.9,1529.9,1523.5,1525.9,1540.5,32.11,44.7,18.25,71.9,214.8,208.3,3.4275,2.6356,1.8039,2.7048,28.15,43.1,86.3,1125.1,28.2,NOMINAL,0.0073,1497.2
DESCENT,3790.6,34.7,20.38,173.6,176.6,174.1,175.0,1104.4,1102.2,1097.7,1081.7,11.44,46.2,18.15,49.9,166.6,158.6,1.0078,0.8907,0.5427,0.8374,28.2,40.1,114.6,7918.8,11.3,NOMINAL,0.0721,1452.4
PREFLIGHT,1408.4,15.0,16.24,142.6,140.5,139.6,141.8,632.2,634.9,670.4,666.8,5.93,43.5,18.11,46.1,128.2,134.7,0.4558,0.4237,0.2882,0.3959,28.22,45.3,-2.4,575.1,27.4,NOMINAL,0.0866,1441.3
ISR_LOITER,4615.2,58.5,26.34,197.2,198.0,198.0,199.6,1328.3,1295.8,1331.0,1306.9,15.56,44.0,17.89,57.6,179.7,175.5,1.4304,1.1903,0.8235,1.1749,28.19,41.6,123.9,22052.2,-21.5,NOMINAL,0.0331,1477.7
RECOVERY,2194.3,20.6,17.65,150.5,152.4,153.0,148.7,844.5,861.1,882.1,863.5,7.69,41.2,18.17,32.3,177.1,148.1,1.6829,1.2935,0.8471,1.3195,28.28,41.6,66.7,831.1,27.8,LUBRICATION_FAILURE,0.6842,367.8
TRANSIT,4902.3,65.3,28.89,270.2,270.1,273.8,271.2,1374.7,1400.5,1363.2,1369.5,18.06,44.1,18.25,60.5,188.0,246.8,1.9541,1.3845,0.9773,1.4934,28.13,42.0,137.8,17933.7,-11.7,COOLING_DEGRADATION,0.9825,148.7
PREFLIGHT,1459.3,16.1,16.16,183.9,183.0,185.0,184.0,651.2,647.5,642.2,648.7,6.21,46.2,17.98,45.4,131.2,176.2,0.5654,0.3802,0.2832,0.426,28.24,42.1,-1.6,527.3,28.3,COOLING_DEGRADATION,0.6718,489.7
RECOVERY,2209.7,22.4,17.52,162.0,161.5,161.2,159.2,841.8,854.1,850.4,853.0,7.26,46.1,17.78,47.7,143.0,151.5,0.8129,0.6568,0.4201,0.6503,28.28,40.4,64.9,745.9,25.5,NOMINAL,0.041,1487.3
TRANSIT,4900.6,66.8,29.18,203.8,205.4,203.7,201.1,1362.1,1355.8,1366.3,1360.1,18.57,42.9,18.0,61.5,186.1,182.0,1.8702,1.4172,0.8975,1.4505,28.21,39.1,139.5,17994.6,-10.4,NOMINAL,0.0415,1448.2
RECOVERY,2191.3,23.5,17.81,152.0,153.0,154.7,153.6,857.1,854.8,851.2,855.1,7.64,45.0,18.5,50.7,146.2,148.7,1.1936,1.0868,0.5925,0.9928,28.2,42.1,62.3,821.8,26.3,COMBUSTION_INSTABILITY,0.2602,771.3
TRANSIT,4873.1,68.6,29.15,200.4,202.9,200.2,201.3,1370.5,1369.5,1390.0,1366.0,18.41,45.4,17.92,61.1,188.7,183.6,2.0042,1.4131,0.9115,1.5105,28.08,44.1,140.7,17959.0,-12.7,NOMINAL,0.0408,1467.1
TAKEOFF,5827.1,98.0,36.27,239.8,242.6,259.3,244.0,1497.6,1511.7,1425.6,1494.1,30.78,41.8,18.19,73.6,211.1,206.9,3.6022,2.7189,1.9394,2.8361,28.33,42.0,86.6,1147.2,26.7,INJECTOR_CLOGGING,0.5773,653.9
TAKEOFF,5794.9,98.5,37.19,239.6,238.8,249.5,241.2,1503.5,1488.4,1455.2,1506.4,31.44,41.7,17.88,72.7,208.7,206.4,3.6925,2.5512,1.7625,2.7838,28.27,42.1,87.6,1262.5,27.9,INJECTOR_CLOGGING,0.4246,698.1
CLIMB,5496.8,86.2,34.11,232.7,229.8,228.3,231.1,1429.7,1463.3,1451.9,1467.7,27.25,45.3,17.88,67.3,197.5,202.0,2.8106,2.1522,1.4515,2.2089,28.17,40.8,103.6,11922.6,3.9,NOMINAL,0.1141,1449.2
DESCENT,3813.4,34.7,17.79,169.7,166.7,189.7,164.9,1101.6,1081.9,1007.7,1109.7,8.91,36.9,18.03,51.6,166.9,159.8,1.2892,0.9261,0.6437,0.989,28.19,43.9,114.0,7908.4,10.9,INJECTOR_CLOGGING,0.7254,479.6
ISR_LOITER,4604.7,58.3,26.79,192.6,191.4,190.6,191.6,1307.2,1327.4,1315.7,1332.5,15.4,46.0,17.92,43.0,202.6,172.4,3.162,2.4106,1.5502,2.4639,27.98,42.0,124.9,21975.1,-22.8,LUBRICATION_FAILURE,0.5434,527.9
ISR_LOITER,4632.0,58.5,26.02,199.8,204.0,200.2,199.8,1320.3,1322.5,1310.5,1323.4,16.45,45.5,19.5,58.8,180.6,174.7,3.2472,2.2893,1.5084,2.4536,28.07,45.4,125.3,22004.2,-21.5,COMBUSTION_INSTABILITY,0.4232,592.0
ISR_LOITER,4549.9,58.1,26.03,195.4,197.3,198.1,199.7,1326.1,1315.9,1321.0,1313.4,15.99,41.1,17.8,58.0,177.8,173.3,1.6663,1.1328,0.7771,1.2468,28.34,41.4,129.8,22054.8,-20.9,NOMINAL,0.0305,1491.2
ISR_LOITER,4565.3,57.9,25.78,191.1,190.9,192.1,192.3,1317.7,1341.6,1345.7,1346.1,15.42,46.8,18.29,60.0,181.6,174.3,1.6003,1.2854,0.6859,1.2495,28.09,42.7,124.5,21980.0,-20.4,NOMINAL,0.0276,1456.2
TRANSIT,4910.0,68.4,29.55,207.4,205.7,204.6,207.7,1396.2,1398.8,1391.7,1399.9,18.74,44.5,17.86,62.1,188.9,182.0,2.0514,1.431,0.9758,1.5501,28.33,42.6,138.1,17958.7,-13.1,NOMINAL,0.0211,1490.3
RECOVERY,2167.0,22.7,17.71,153.0,155.3,152.6,155.4,857.2,860.4,867.6,858.4,6.89,43.8,18.53,34.4,172.1,145.9,1.6507,1.2974,0.7183,1.2812,28.23,42.3,65.6,905.8,25.7,LUBRICATION_FAILURE,0.5719,522.4
PREFLIGHT,1459.2,15.2,16.17,132.8,133.3,132.5,130.5,648.6,666.4,652.6,633.4,5.73,45.3,17.79,45.4,132.5,135.9,0.5215,0.4603,0.3371,0.4463,28.09,40.4,-0.2,577.5,27.0,NOMINAL,0.0095,1457.3
PREFLIGHT,1389.1,14.9,15.96,135.3,132.0,131.3,130.6,638.0,648.3,651.7,664.6,5.9,46.6,18.25,44.4,128.5,132.1,0.6026,0.4327,0.3536,0.4745,28.25,39.0,-0.1,515.3,27.8,NOMINAL,0.0291,1478.6
TRANSIT,4891.7,69.9,28.6,204.0,206.2,206.8,205.8,1386.1,1389.4,1376.7,1377.9,18.69,44.6,17.99,58.2,189.3,184.7,1.949,1.4709,0.9963,1.5226,28.17,40.7,141.0,18053.3,-13.1,NOMINAL,0.0974,1461.8
RECOVERY,2218.0,21.4,18.41,151.6,151.2,152.1,145.3,801.1,815.0,828.2,801.3,7.68,44.7,18.03,44.0,152.4,148.0,1.1258,0.7802,0.5696,0.8565,28.13,43.7,64.5,788.8,24.2,LUBRICATION_FAILURE,0.1649,876.6
CLIMB,5517.2,85.8,33.49,239.1,237.2,238.8,235.8,1462.3,1472.7,1447.7,1468.5,26.98,46.2,18.04,67.3,197.2,196.5,2.7821,2.0578,1.2689,2.128,28.2,41.3,104.0,12008.2,4.5,NOMINAL,0.0402,1479.7
CLIMB,5506.5,85.2,33.83,231.2,226.1,228.4,228.4,1467.2,1449.0,1466.1,1460.7,26.77,46.0,17.75,67.3,202.9,200.3,3.4554,2.5504,1.707,2.6682,28.21,45.2,107.0,12044.6,4.8,CYLINDER_MISFIRE,0.0816,972.6
PREFLIGHT,1378.7,12.7,13.81,144.1,140.9,159.5,141.6,641.6,645.2,577.4,639.0,3.81,38.3,18.22,43.8,131.0,131.8,0.7256,0.617,0.3165,0.5795,28.16,44.2,-1.0,502.5,25.2,INJECTOR_CLOGGING,0.6052,499.4
TRANSIT,4898.1,70.0,29.07,207.2,203.5,207.6,204.9,1386.9,1371.5,1383.3,1380.5,18.48,46.6,18.26,61.0,186.6,181.5,1.8762,1.4874,0.9679,1.491,28.07,40.7,140.2,18043.3,-10.4,NOMINAL,0.0212,1484.7
DESCENT,3798.1,34.5,19.88,168.0,169.9,173.4,172.5,1092.1,1066.2,1087.8,1068.3,10.77,43.4,17.77,56.0,166.1,156.3,1.0742,0.9048,0.6084,0.8837,28.1,44.5,113.2,8046.5,12.8,NOMINAL,0.0448,1463.6
ISR_LOITER,4660.1,58.0,26.61,193.8,198.8,199.6,199.8,1295.6,1301.0,1293.1,1316.1,15.64,44.1,20.44,57.4,179.9,176.8,5.0856,3.7711,2.505,3.9311,28.12,39.1,126.8,22030.9,-20.4,COMBUSTION_INSTABILITY,0.9873,167.0
PREFLIGHT,1403.8,15.2,16.22,146.5,145.1,150.5,147.2,632.6,648.8,632.7,642.0,6.05,45.1,18.25,44.4,123.9,133.5,0.7187,0.5451,0.2642,0.5426,27.96,41.3,1.9,489.0,26.0,NOMINAL,0.068,1451.1
ISR_LOITER,4614.2,58.2,26.3,188.5,188.4,189.8,193.0,1297.0,1282.3,1287.6,1301.1,15.5,44.9,18.23,59.0,178.9,173.0,1.7575,1.158,0.9196,1.3261,28.44,41.9,122.6,22001.9,-20.7,NOMINAL,0.0469,1479.5
ISR_LOITER,4611.8,58.1,26.36,203.7,203.9,202.9,201.7,1327.0,1317.5,1321.6,1307.1,15.76,44.1,18.28,56.4,178.0,183.9,1.5066,1.2847,0.7295,1.2183,28.16,41.4,125.6,21959.9,-21.7,COOLING_DEGRADATION,0.135,846.5
RECOVERY,2178.5,21.9,17.42,154.4,154.3,156.0,151.1,887.2,849.6,878.7,849.6,7.47,44.3,18.31,49.2,144.4,149.1,0.8225,0.6421,0.3902,0.6432,28.1,38.7,64.3,806.7,25.0,NOMINAL,0.0152,1490.0
DESCENT,3802.2,34.3,20.28,169.8,168.1,171.1,171.4,1095.1,1103.8,1111.6,1092.1,11.37,44.9,18.19,42.2,186.5,160.0,2.2086,1.6063,1.1329,1.707,28.21,40.9,111.1,8027.5,11.6,LUBRICATION_FAILURE,0.4752,658.9
CLIMB,5517.1,86.6,34.05,221.6,227.6,225.3,224.5,1441.1,1456.9,1465.7,1461.1,27.22,46.7,18.31,68.2,201.2,201.4,2.7197,2.1287,1.3489,2.1407,28.14,44.0,103.3,12054.5,4.4,NOMINAL,0.0511,1454.8
ISR_LOITER,4577.3,58.6,26.83,191.3,198.1,192.2,193.1,1325.5,1327.6,1331.3,1331.1,15.36,43.5,18.34,59.7,177.4,175.8,1.665,1.3238,0.7763,1.3073,26.75,43.1,123.6,21982.8,-22.8,SENSOR_DRIFT,0.8934,236.9
CLIMB,5509.0,85.3,34.2,222.9,225.9,228.0,224.6,1457.1,1481.2,1452.6,1450.7,27.0,47.9,18.05,67.0,201.2,199.5,2.8485,2.147,1.4468,2.2224,28.18,41.8,106.7,11877.8,2.4,NOMINAL,0.0565,1473.3
TAKEOFF,5829.3,98.1,38.27,241.2,245.3,245.3,241.2,1524.4,1529.4,1506.7,1533.9,32.22,44.0,17.94,73.0,212.0,208.3,3.5285,2.722,1.8341,2.7823,28.27,40.5,85.5,1216.1,26.4,NOMINAL,0.1013,1467.7
ISR_LOITER,4376.2,56.1,26.41,196.0,152.3,197.4,195.9,1330.4,1032.7,1314.6,1311.5,15.97,46.6,17.71,58.9,180.7,173.2,5.9225,4.3742,2.8766,4.5638,28.26,43.4,125.6,21978.6,-22.8,CYLINDER_MISFIRE,0.9436,227.8
CLIMB,5523.6,84.7,34.7,244.2,244.7,244.9,246.1,1457.2,1465.2,1443.1,1452.9,26.87,44.7,17.63,69.3,197.1,212.4,2.7978,2.2225,1.3974,2.2151,28.27,39.8,103.3,11965.2,4.5,COOLING_DEGRADATION,0.2412,997.5
CLIMB,5525.4,82.6,33.98,233.9,229.8,224.5,227.5,1457.2,1456.9,1449.5,1447.5,27.55,46.2,18.23,67.1,201.4,192.9,2.7668,2.0669,1.3874,2.1488,28.22,41.7,102.7,11962.8,5.5,NOMINAL,0.0123,1459.7
ISR_LOITER,4563.8,58.6,26.73,233.3,232.0,233.9,232.5,1299.9,1328.4,1298.2,1308.4,16.02,44.6,18.23,59.3,176.6,212.5,1.7418,1.1543,0.7311,1.2781,28.15,42.0,125.1,22052.4,-22.7,COOLING_DEGRADATION,0.5576,585.9
DESCENT,3813.3,33.5,19.56,164.8,169.3,165.9,162.1,1116.3,1124.6,1121.4,1113.9,11.56,43.7,18.03,53.2,164.2,161.0,1.1896,0.9117,0.6207,0.9366,28.16,44.1,115.5,8027.5,13.1,NOMINAL,0.0415,1481.2
ISR_LOITER,4618.0,58.3,26.29,197.3,197.6,195.9,198.4,1301.0,1309.9,1324.9,1307.3,15.99,45.0,17.94,59.1,178.1,177.0,1.5381,1.2809,0.7816,1.2406,28.08,42.2,121.9,21946.3,-21.5,NOMINAL,0.0241,1455.7
ISR_LOITER,4629.4,58.2,26.73,202.5,197.5,199.5,198.3,1313.4,1331.4,1308.8,1324.0,14.49,44.6,17.93,58.1,177.7,174.6,1.6147,1.1786,0.8299,1.2497,28.21,43.0,127.0,22052.8,-22.4,INJECTOR_CLOGGING,0.0652,891.4
RECOVERY,2177.1,21.6,15.91,154.9,148.6,163.7,152.7,867.0,836.4,807.3,849.7,6.16,43.0,17.97,48.0,145.3,148.4,0.7129,0.6097,0.4217,0.5938,27.96,43.3,66.8,812.6,24.7,INJECTOR_CLOGGING,0.4393,684.8
ISR_LOITER,4583.8,59.0,26.35,194.4,199.1,197.9,194.0,1323.4,1316.9,1324.1,1305.5,15.66,45.4,17.78,58.4,179.3,175.1,1.6816,1.3624,0.8039,1.3329,28.17,44.9,127.3,22088.8,-21.8,NOMINAL,0.0115,1471.2
DESCENT,3810.4,35.1,20.42,172.0,170.9,169.6,173.7,1112.4,1091.3,1091.6,1109.4,11.07,43.8,19.5,51.3,165.3,159.4,3.0123,2.3035,1.587,2.3734,28.44,42.1,117.1,8036.0,11.4,COMBUSTION_INSTABILITY,0.7267,383.5
TRANSIT,4923.4,66.7,29.31,208.7,211.9,212.2,208.1,1380.7,1399.1,1397.5,1370.0,17.94,45.4,18.14,63.1,189.1,182.6,1.866,1.387,0.9902,1.459,28.09,39.5,140.3,18014.3,-10.1,NOMINAL,0.0617,1437.8
TRANSIT,4930.5,68.0,28.95,201.8,201.7,203.4,203.6,1389.3,1391.5,1389.6,1402.8,18.14,43.7,17.76,62.8,187.8,179.8,1.8845,1.5544,0.9714,1.5178,28.42,40.0,140.6,18025.6,-11.3,NOMINAL,0.061,1453.0
TRANSIT,4893.7,68.1,28.87,199.2,200.2,199.2,201.2,1365.2,1344.5,1362.5,1356.7,17.81,46.1,17.81,65.9,190.3,181.7,1.8999,1.3415,1.0378,1.4704,28.07,42.1,138.7,18023.1,-12.0,NOMINAL,0.0003,1462.2
TAKEOFF,5745.2,98.4,38.06,237.3,233.0,237.9,237.5,1493.7,1507.1,1514.1,1496.5,32.99,45.2,17.86,73.2,208.5,207.8,3.5078,2.7786,1.8109,2.7871,28.31,41.4,85.8,1073.5,27.2,NOMINAL,0.094,1465.6
TRANSIT,4867.2,68.2,28.75,202.8,204.1,203.7,206.8,1387.4,1362.9,1378.0,1373.3,18.15,45.2,18.09,58.0,190.0,183.4,1.8979,1.3723,0.9745,1.4646,28.1,43.9,141.8,18001.0,-12.8,NOMINAL,0.0432,1448.3
TRANSIT,4888.0,66.3,28.5,203.5,203.9,206.1,205.5,1401.1,1403.5,1398.1,1399.6,18.05,44.5,18.25,57.8,197.8,180.3,2.5405,1.8892,1.2107,1.957,28.16,41.4,140.4,18051.8,-12.6,LUBRICATION_FAILURE,0.2061,1018.7
ISR_LOITER,4631.2,57.3,25.14,195.7,196.5,204.8,194.7,1321.6,1314.1,1269.8,1308.5,14.42,41.3,17.91,56.4,177.7,173.2,1.686,1.1515,0.8412,1.2749,28.1,42.3,123.4,22009.8,-19.7,INJECTOR_CLOGGING,0.3214,752.5
TAKEOFF,5831.5,97.1,37.37,239.4,239.3,247.5,243.3,1527.4,1537.5,1473.6,1523.8,31.56,43.0,18.12,76.8,216.3,205.7,3.7292,2.6483,1.795,2.8368,28.08,42.4,86.1,1315.0,26.1,INJECTOR_CLOGGING,0.3094,702.1
CLIMB,5533.2,83.0,32.46,234.4,231.9,250.7,230.8,1454.2,1444.1,1389.6,1445.5,25.91,41.4,17.72,68.6,200.6,200.1,2.8279,2.0095,1.4594,2.1729,28.37,42.8,105.6,12019.4,6.2,INJECTOR_CLOGGING,0.4782,529.7
TRANSIT,4934.4,68.5,29.19,201.6,204.3,204.1,209.9,1407.0,1389.2,1401.1,1414.8,18.52,44.9,18.81,63.7,189.9,180.4,3.2025,2.4772,1.6004,2.5135,28.11,40.3,140.5,17990.2,-12.2,COMBUSTION_INSTABILITY,0.3056,908.2
ISR_LOITER,4605.8,59.0,24.75,192.1,189.8,202.7,191.1,1330.3,1329.6,1268.8,1339.9,13.97,43.3,17.67,56.9,177.6,175.4,1.6319,1.3052,0.8107,1.2941,28.33,40.4,122.2,22065.4,-21.1,INJECTOR_CLOGGING,0.4934,550.3
RECOVERY,2260.8,22.8,17.29,155.4,154.2,159.9,156.7,807.2,850.9,836.5,847.9,7.61,45.2,17.83,49.0,147.2,144.5,0.7344,0.5261,0.4892,0.5932,28.37,41.5,67.2,731.6,26.3,NOMINAL,0.0729,1459.0
PREFLIGHT,1423.4,15.5,12.85,133.6,136.5,162.7,137.1,634.5,643.2,548.3,645.9,3.44,35.8,17.7,47.1,131.6,134.2,0.7307,0.4127,0.2572,0.5068,28.2,41.6,-2.3,494.1,28.3,INJECTOR_CLOGGING,0.9975,141.2
ISR_LOITER,4668.1,58.1,26.6,192.9,194.3,194.8,192.2,1331.8,1314.4,1331.1,1313.3,15.35,44.6,17.95,56.5,179.2,173.9,1.6002,1.2328,0.7959,1.2535,28.06,41.5,127.0,21966.9,-23.0,NOMINAL,0.0836,1441.8
CLIMB,5461.6,84.5,33.84,231.4,230.9,231.8,231.6,1466.8,1456.1,1458.9,1455.7,26.92,46.1,18.2,70.7,198.2,197.2,2.8156,2.1944,1.3653,2.2066,28.34,41.1,106.9,12004.7,4.0,NOMINAL,0.0076,1451.0
ISR_LOITER,4563.4,57.8,26.47,187.7,190.5,188.5,188.6,1291.0,1309.6,1330.8,1322.6,15.6,45.1,18.2,59.4,179.7,174.5,1.6353,1.2585,0.7804,1.2737,27.92,41.9,122.5,22096.7,-23.0,NOMINAL,0.0542,1475.0
CLIMB,5497.1,85.7,31.85,226.9,229.3,250.4,226.0,1443.3,1444.1,1355.4,1452.8,25.17,42.4,18.39,69.2,199.1,199.4,2.6436,2.1397,1.4183,2.1275,28.21,40.8,106.6,11950.5,6.1,INJECTOR_CLOGGING,0.6977,478.3
DESCENT,3775.4,34.3,19.55,171.4,172.2,174.6,170.2,1096.1,1084.6,1089.9,1097.9,11.63,45.8,18.2,53.0,163.1,163.4,1.2594,1.0078,0.6837,1.0114,28.19,41.3,110.5,8008.3,12.0,NOMINAL,0.0003,1451.2
PREFLIGHT,1384.0,13.1,16.38,155.2,156.0,157.0,159.4,640.5,659.4,643.5,641.7,6.1,46.3,17.89,45.2,129.0,146.9,0.7081,0.4494,0.2667,0.5081,28.13,42.4,-0.1,500.1,27.7,COOLING_DEGRADATION,0.1957,994.4
TRANSIT,4879.6,67.9,28.53,205.1,205.9,208.3,207.8,1386.5,1388.3,1366.3,1381.6,18.96,44.3,18.03,62.2,187.8,184.6,1.8646,1.4898,0.9885,1.4915,28.19,41.4,139.9,18058.0,-10.9,INJECTOR_CLOGGING,0.0744,891.8
TAKEOFF,5820.0,98.6,38.24,244.5,239.7,242.8,241.8,1525.9,1518.1,1537.1,1509.6,32.73,46.0,18.1,71.5,210.0,206.6,3.4721,2.6619,1.7731,2.7255,28.28,43.6,89.0,1106.8,26.0,INJECTOR_CLOGGING,0.0546,1235.0
CLIMB,5519.1,83.8,34.11,222.3,222.1,221.5,222.1,1466.7,1480.1,1450.7,1460.8,27.22,44.9,18.53,67.1,201.7,193.7,3.9531,3.1417,1.9548,3.1261,28.07,40.8,103.9,11999.0,6.1,COMBUSTION_INSTABILITY,0.2001,1011.2
ISR_LOITER,4611.9,58.1,26.75,193.4,195.1,190.8,189.0,1295.8,1318.1,1290.8,1308.4,15.73,44.2,17.83,59.0,181.6,177.3,1.6387,1.2005,0.8082,1.2622,28.35,39.4,125.9,21971.1,-21.6,NOMINAL,0.0031,1464.1
CLIMB,5488.3,84.4,34.02,236.7,237.0,235.0,232.7,1436.2,1426.0,1443.8,1424.4,26.98,44.1,18.22,70.4,199.3,195.9,2.9338,2.0918,1.4157,2.2351,28.18,41.7,104.0,11905.5,6.8,NOMINAL,0.0911,1434.5
ISR_LOITER,4604.9,57.2,25.95,196.1,198.2,198.8,194.9,1318.8,1321.0,1304.7,1319.0,15.75,45.8,17.97,58.9,178.5,174.8,1.6371,1.1495,0.8375,1.252,28.09,43.5,126.7,22055.8,-21.0,INJECTOR_CLOGGING,0.1272,1017.8
ISR_LOITER,4588.6,56.6,26.88,192.8,198.6,196.8,195.5,1308.4,1293.1,1292.3,1307.7,16.44,43.8,17.98,58.4,179.0,174.6,1.5177,1.2185,0.8086,1.2168,28.29,41.7,126.4,22016.9,-20.8,NOMINAL,0.0247,1474.0
DESCENT,3793.4,35.6,20.4,172.5,175.5,172.6,175.5,1085.6,1102.3,1093.9,1080.9,10.89,44.5,18.38,47.5,164.3,159.3,1.1224,0.8767,0.5926,0.8906,28.1,42.5,118.2,7997.5,11.3,NOMINAL,0.0047,1497.0
ISR_LOITER,4612.2,58.3,26.53,191.2,189.2,189.6,190.6,1316.0,1326.7,1315.3,1313.9,15.83,44.6,17.98,58.8,181.9,170.1,1.6577,1.1823,0.8247,1.2683,28.25,41.8,126.1,22014.3,-22.0,NOMINAL,0.0988,1473.5
PREFLIGHT,1397.3,14.0,16.0,135.5,131.1,133.5,136.9,675.3,652.5,654.1,652.7,6.26,46.5,19.8,42.9,130.5,134.2,1.4604,1.0953,0.7695,1.1437,28.29,42.9,2.4,462.2,27.6,COMBUSTION_INSTABILITY,0.7197,461.7
TRANSIT,4911.8,68.9,28.93,205.1,207.8,205.9,203.3,1373.5,1357.5,1407.1,1393.0,17.97,44.3,18.05,64.4,189.4,182.4,1.8529,1.4537,0.9719,1.471,28.21,41.9,139.1,18064.3,-13.7,NOMINAL,0.0299,1477.8
ISR_LOITER,4607.7,57.0,26.27,200.2,196.3,197.5,197.9,1320.9,1324.6,1322.0,1311.2,16.1,44.3,18.05,55.9,179.5,176.0,1.6082,1.1509,0.8271,1.2376,28.08,39.4,127.1,21949.8,-21.2,NOMINAL,0.0445,1444.1
ISR_LOITER,4586.4,57.7,25.85,205.6,203.0,205.7,208.0,1317.1,1339.5,1323.6,1325.2,15.49,42.7,17.94,57.9,180.7,190.2,1.4676,1.3016,0.808,1.2249,28.19,43.5,123.0,21941.9,-21.4,COOLING_DEGRADATION,0.2585,864.4
CLIMB,5544.3,84.6,33.71,226.7,222.2,223.5,222.3,1479.9,1481.4,1470.7,1482.1,27.02,43.0,17.84,47.1,232.9,197.4,6.7189,5.0396,3.4697,5.2466,28.24,42.5,105.1,11925.2,4.8,LUBRICATION_FAILURE,0.781,414.2
ISR_LOITER,4571.5,57.3,26.4,189.2,192.5,190.3,190.2,1337.4,1335.2,1333.5,1311.7,16.28,46.7,17.94,56.5,177.5,174.3,1.5099,1.1846,0.7704,1.1939,27.99,40.9,125.1,21952.6,-22.4,NOMINAL,0.0257,1482.4
CLIMB,5521.5,85.4,33.79,227.2,232.8,228.1,231.5,1461.9,1428.4,1448.6,1453.0,27.07,45.1,17.65,52.7,223.7,197.2,5.5618,4.0953,2.7684,4.2961,28.3,41.9,107.2,11976.7,4.9,LUBRICATION_FAILURE,0.5278,702.6
RECOVERY,2171.0,20.7,17.19,152.1,154.7,154.1,156.4,848.6,869.5,861.3,850.3,7.28,46.1,17.93,48.1,144.0,146.9,0.7021,0.6821,0.3802,0.6063,28.22,42.7,67.7,772.1,23.7,NOMINAL,0.0639,1476.7
TRANSIT,4902.3,67.6,29.4,204.1,202.4,200.2,206.4,1409.4,1407.8,1412.7,1417.9,17.64,42.9,17.94,63.5,188.6,182.6,1.8644,1.3742,0.9451,1.4443,28.16,41.3,141.3,17999.5,-11.6,NOMINAL,0.1157,1427.1
ISR_LOITER,4591.6,58.8,26.39,200.7,197.4,204.1,200.9,1284.2,1304.6,1282.0,1320.0,15.44,45.0,17.85,57.7,181.6,174.2,1.6446,1.0312,0.7363,1.1986,28.21,40.9,127.3,22041.8,-20.6,NOMINAL,0.0435,1452.6
CLIMB,5502.5,85.4,33.79,235.3,239.1,240.4,234.2,1481.4,1456.0,1468.6,1470.4,26.74,44.2,17.83,67.2,198.0,200.2,2.6824,2.2079,1.3933,2.1611,27.89,43.2,104.2,11940.4,4.7,NOMINAL,0.0171,1459.0
ISR_LOITER,4582.3,57.0,26.82,193.5,194.7,191.9,193.4,1305.6,1320.5,1284.0,1329.7,15.95,43.6,18.31,58.6,181.7,176.7,1.686,1.1249,0.8404,1.2668,28.21,42.9,123.6,21967.7,-22.6,NOMINAL,0.0431,1488.2
ISR_LOITER,4618.3,58.5,26.64,220.6,224.5,222.9,220.9,1332.7,1330.1,1336.3,1341.9,15.35,47.1,17.66,56.9,183.9,199.0,1.5527,1.1533,0.679,1.1835,28.18,42.7,125.9,21970.3,-24.0,COOLING_DEGRADATION,0.4144,851.0
TRANSIT,4906.2,67.4,29.12,200.1,196.9,197.7,198.4,1397.8,1384.0,1390.3,1386.9,18.85,45.2,17.75,61.6,189.9,182.6,1.8,1.5301,0.9184,1.4634,28.34,44.1,142.1,17955.1,-10.9,NOMINAL,0.0336,1468.5
CLIMB,5468.0,85.8,34.34,227.3,224.3,231.7,230.9,1440.4,1400.3,1443.2,1433.9,27.2,44.8,18.29,66.5,199.7,195.5,3.9516,3.0339,1.9939,3.0981,28.05,39.8,104.3,12010.3,5.8,CYLINDER_MISFIRE,0.1508,916.1
RECOVERY,2181.3,21.2,18.14,152.4,155.6,156.4,155.0,844.0,852.4,865.1,845.5,8.51,46.4,17.7,48.4,145.2,150.2,0.6002,0.6102,0.3399,0.5317,28.27,40.4,67.7,815.5,24.2,NOMINAL,0.1018,1469.0
TRANSIT,4836.2,68.6,28.8,209.5,206.8,207.4,208.1,1381.6,1398.7,1388.9,1390.3,18.29,45.0,18.04,61.2,187.5,181.1,1.8629,1.4262,0.8221,1.4353,28.41,43.1,140.3,18041.9,-13.4,NOMINAL,0.051,1467.0
ISR_LOITER,4371.2,58.9,25.79,192.7,148.9,196.7,189.2,1317.4,1055.3,1326.8,1310.1,15.28,45.8,18.06,58.9,182.7,174.5,5.7789,4.4305,2.9464,4.5353,28.15,40.5,125.7,22042.8,-23.6,CYLINDER_MISFIRE,0.9513,197.4
ISR_LOITER,4601.1,58.8,26.76,226.0,226.3,225.9,228.3,1369.3,1356.3,1345.9,1366.7,15.3,44.2,17.72,57.4,182.0,207.8,1.6047,1.2219,0.7886,1.2503,28.03,39.5,127.6,21968.2,-22.7,COOLING_DEGRADATION,0.5117,612.0
CLIMB,5508.8,83.0,34.05,225.5,227.1,226.3,229.5,1447.1,1444.4,1446.5,1427.0,27.2,45.8,18.05,67.9,198.5,198.7,2.7694,2.1554,1.4139,2.1844,28.17,41.5,104.7,11992.3,4.9,NOMINAL,0.1048,1437.2
DESCENT,3767.7,35.0,19.75,170.7,172.0,174.3,167.4,1135.0,1116.9,1123.6,1099.0,10.65,43.8,17.79,48.5,162.6,158.3,1.0853,0.9893,0.6319,0.923,28.09,42.9,115.7,7913.9,12.4,NOMINAL,0.0189,1452.6
CLIMB,5478.7,85.4,33.46,236.9,230.1,241.6,234.5,1478.1,1412.2,1464.0,1464.6,26.16,45.6,17.51,67.2,199.0,197.2,4.1201,3.2729,2.0543,3.2613,28.06,41.2,104.4,12019.1,5.0,CYLINDER_MISFIRE,0.1904,1047.2
DESCENT,3848.3,34.5,19.5,177.8,180.8,182.9,178.2,1139.4,1116.5,1120.1,1111.9,11.31,45.8,17.81,51.5,164.8,163.3,1.3242,0.8763,0.5808,0.9762,28.24,39.6,117.5,7956.8,12.1,INJECTOR_CLOGGING,0.102,1060.1
TRANSIT,4890.1,67.0,28.98,202.5,203.1,202.1,203.6,1416.7,1402.0,1415.0,1399.4,18.87,44.5,18.74,64.1,187.1,182.8,3.2953,2.5071,1.6358,2.5704,28.15,41.2,140.6,17962.1,-11.5,COMBUSTION_INSTABILITY,0.3203,750.8
ISR_LOITER,4605.0,58.1,26.41,198.9,199.0,195.1,197.0,1322.7,1313.0,1308.0,1317.6,15.6,44.6,18.03,36.6,222.2,175.9,4.3863,3.3883,2.2474,3.4531,28.19,42.9,123.8,21968.3,-19.5,LUBRICATION_FAILURE,0.9786,169.1
PREFLIGHT,1374.5,15.3,15.58,138.3,137.0,137.0,135.8,680.1,648.0,667.9,635.7,6.55,46.2,17.81,44.1,132.1,132.7,0.6349,0.4094,0.345,0.4795,28.48,40.5,1.2,548.9,26.0,NOMINAL,0.0488,1443.1
TAKEOFF,5825.1,96.2,38.72,240.9,241.1,239.3,240.2,1504.7,1492.6,1504.9,1518.3,32.99,44.0,18.05,72.1,211.0,205.1,3.6578,2.6752,1.8552,2.8271,26.84,42.3,86.3,1210.9,24.7,SENSOR_DRIFT,0.7098,489.5
ISR_LOITER,4629.3,57.3,25.99,192.6,191.2,188.6,192.0,1321.0,1322.5,1339.0,1329.0,15.75,43.4,18.27,40.5,207.3,172.6,3.3479,2.53,1.6245,2.598,27.83,40.6,122.3,21952.2,-22.3,LUBRICATION_FAILURE,0.6183,455.0
CLIMB,5538.0,84.9,34.2,229.6,233.9,230.6,233.6,1444.1,1414.5,1420.4,1433.6,27.16,44.7,17.96,68.1,199.8,197.9,2.6103,2.0813,1.384,2.0866,28.04,40.9,101.7,12019.3,3.8,NOMINAL,0.0002,1497.7
ISR_LOITER,4581.7,57.9,26.69,192.4,193.8,195.8,195.4,1316.8,1307.2,1302.7,1295.6,15.32,43.7,18.26,56.2,177.7,173.6,1.6826,1.2283,0.7872,1.2858,27.21,41.8,126.4,22061.6,-24.3,SENSOR_DRIFT,0.4197,815.2
ISR_LOITER,4576.5,57.4,26.03,187.7,186.9,185.8,188.1,1336.0,1349.4,1330.8,1341.3,15.7,45.4,17.93,58.6,180.2,176.4,1.6326,1.178,0.8738,1.2671,28.1,44.0,126.8,22025.1,-22.2,NOMINAL,0.0425,1462.4
PREFLIGHT,1411.5,15.8,15.73,138.4,140.7,135.0,136.1,619.3,627.7,612.4,644.7,6.47,45.2,18.18,46.3,129.9,132.3,0.5394,0.4447,0.2611,0.4309,28.46,42.2,0.2,547.4,28.3,NOMINAL,0.0886,1451.4
TRANSIT,4878.1,67.5,28.75,205.8,205.0,209.5,203.2,1366.7,1334.5,1340.1,1374.5,17.97,45.9,17.76,62.9,188.6,180.1,2.1844,1.679,1.1389,1.7212,28.4,42.3,139.9,18001.2,-12.3,CYLINDER_MISFIRE,0.061,919.7
ISR_LOITER,4604.3,58.0,26.69,193.5,197.8,194.9,198.5,1284.5,1312.5,1319.2,1311.6,15.88,45.7,18.17,58.9,182.5,174.1,1.7337,1.138,0.8479,1.2935,28.26,45.4,125.6,22034.4,-23.7,NOMINAL,0.0802,1438.8
PREFLIGHT,1421.4,14.0,15.85,141.1,140.9,139.6,140.1,641.7,676.7,652.5,666.7,5.78,44.9,17.91,45.6,130.4,132.7,0.6381,0.4661,0.3147,0.491,27.2,43.4,3.3,516.9,28.9,SENSOR_DRIFT,0.653,545.3
TAKEOFF,5814.5,97.5,38.52,238.7,233.7,238.5,238.1,1538.0,1538.0,1540.5,1521.7,33.42,42.4,17.71,49.8,256.5,208.4,10.0427,7.4704,5.0204,7.786,28.33,41.0,82.9,1201.6,26.3,LUBRICATION_FAILURE,0.993,158.2
CLIMB,5495.7,85.7,33.67,225.5,229.9,225.2,227.0,1455.4,1478.7,1453.5,1483.2,27.03,44.8,17.58,70.5,201.0,195.6,2.7583,2.0007,1.3611,2.1185,28.18,44.5,110.0,12026.7,3.4,NOMINAL,0.025,1471.1
ISR_LOITER,4630.8,57.2,26.81,199.4,201.4,202.0,198.4,1318.6,1318.5,1302.4,1334.3,15.8,44.7,17.91,58.7,178.7,176.8,1.5698,1.1311,0.8302,1.2156,28.07,41.9,126.9,22002.4,-21.9,NOMINAL,0.1097,1463.7
RECOVERY,2189.0,22.5,17.4,155.5,153.3,152.2,153.4,846.1,843.7,815.5,831.0,8.08,46.5,17.75,49.3,142.1,146.3,0.7143,0.6443,0.4017,0.6019,28.28,39.1,66.8,881.8,26.2,NOMINAL,0.0741,1455.2
ISR_LOITER,4608.0,57.3,26.06,190.0,192.8,188.2,191.9,1326.0,1316.4,1320.3,1323.2,15.64,45.3,17.66,56.2,177.9,174.6,1.7446,1.2347,0.7142,1.3011,28.23,41.2,124.1,21963.6,-22.3,NOMINAL,0.086,1433.0
ISR_LOITER,4555.3,56.8,26.38,196.6,197.2,194.1,194.8,1306.7,1312.9,1318.2,1325.3,15.76,45.4,17.73,58.4,178.3,178.1,1.7452,1.2925,0.754,1.3273,28.3,38.3,127.1,21998.2,-23.8,NOMINAL,0.0203,1447.8
RECOVERY,2191.2,22.5,17.8,156.3,153.7,156.8,156.4,819.1,820.9,803.9,837.9,7.6,45.2,18.05,45.2,146.8,147.0,0.8022,0.5586,0.3342,0.5965,28.1,41.6,64.8,770.2,25.8,NOMINAL,0.1061,1452.4
CLIMB,5490.1,85.8,33.97,229.4,230.2,228.3,227.0,1461.3,1442.0,1446.3,1450.7,26.89,43.6,18.19,67.2,201.1,200.8,2.695,2.1483,1.4049,2.1488,28.06,42.6,105.2,11969.4,6.9,NOMINAL,0.0519,1438.6
ISR_LOITER,4608.2,57.8,26.16,192.4,191.5,191.5,191.7,1330.0,1328.7,1315.4,1322.5,15.28,44.2,17.87,58.4,182.4,172.8,1.5337,1.2164,0.728,1.2058,28.06,43.3,127.4,21953.4,-22.8,NOMINAL,0.0742,1464.2
DESCENT,3816.7,35.3,19.41,173.0,176.1,178.5,175.0,1109.8,1110.7,1053.1,1096.4,10.46,43.6,17.82,51.5,164.8,156.6,1.1833,0.9562,0.5364,0.9313,28.22,42.1,111.3,7981.2,11.9,INJECTOR_CLOGGING,0.1625,925.9
TRANSIT,4908.9,67.3,29.08,207.8,208.6,207.3,208.0,1367.3,1346.1,1363.7,1371.7,18.32,44.2,17.87,62.4,190.8,186.1,2.0256,1.4042,0.907,1.5163,27.97,42.7,145.9,18010.3,-11.7,NOMINAL,0.0022,1490.2
TRANSIT,4898.9,68.5,29.0,208.7,208.5,206.0,205.4,1356.4,1357.4,1365.1,1370.6,18.58,47.1,17.9,61.1,187.8,180.2,2.0223,1.5326,0.9896,1.5725,28.34,41.8,141.3,18062.4,-12.3,NOMINAL,0.102,1452.3
TRANSIT,4897.5,67.1,29.07,209.0,209.8,208.6,204.4,1339.3,1352.1,1336.1,1379.7,19.02,43.8,18.17,63.0,187.3,184.0,1.7331,1.4045,0.9239,1.394,28.47,40.6,141.4,17965.6,-10.9,NOMINAL,0.03,1447.1
CLIMB,5489.2,85.8,34.16,224.2,223.6,223.7,224.6,1446.7,1438.1,1429.0,1431.7,27.18,44.9,17.86,68.9,201.6,199.5,2.7919,2.046,1.3887,2.1533,28.09,38.1,104.5,11892.6,4.3,NOMINAL,0.0185,1447.3
TRANSIT,4870.4,68.2,27.47,203.2,206.6,217.9,206.8,1369.0,1368.5,1330.8,1379.2,16.86,41.5,17.76,62.9,188.9,184.8,1.9589,1.4357,1.079,1.5344,28.25,42.8,136.4,18040.6,-9.6,INJECTOR_CLOGGING,0.4107,817.8
PREFLIGHT,1407.2,15.8,16.33,142.2,145.9,147.0,146.8,655.8,653.6,653.7,655.8,6.25,45.7,18.08,44.4,127.6,135.8,0.5768,0.5464,0.3456,0.5003,28.25,40.9,-2.7,500.1,28.1,NOMINAL,0.1106,1447.2
CLIMB,5478.6,84.2,33.63,232.1,232.4,229.6,232.2,1479.6,1481.5,1475.4,1465.7,27.37,45.2,17.95,70.7,198.0,199.3,2.9642,2.1251,1.342,2.2438,28.35,41.2,103.8,11954.9,6.6,NOMINAL,0.0602,1450.4
ISR_LOITER,4589.9,57.3,26.68,194.0,192.8,195.4,193.9,1324.5,1297.5,1314.8,1299.6,15.75,45.9,17.81,59.8,181.4,176.6,1.6749,1.2347,0.834,1.2943,28.4,42.0,124.6,22024.2,-21.9,NOMINAL,0.0281,1461.2
ISR_LOITER,4573.4,57.8,26.46,194.5,192.6,195.6,193.6,1325.5,1320.7,1316.2,1326.2,15.82,46.1,17.59,60.8,178.5,174.2,1.572,1.1621,0.7848,1.2162,28.16,41.8,128.2,21963.3,-20.2,NOMINAL,0.0124,1477.6
CLIMB,5513.6,86.3,34.24,224.9,225.2,229.0,229.0,1482.7,1474.8,1473.8,1462.9,27.0,44.2,17.96,71.4,200.6,195.8,2.8995,2.1806,1.4717,2.2604,28.13,41.8,102.5,12078.0,5.1,NOMINAL,0.0121,1466.2
ISR_LOITER,4583.0,57.6,26.19,190.0,188.3,193.4,192.4,1342.6,1320.9,1325.1,1326.8,15.86,45.3,17.94,55.3,180.6,176.2,1.5731,1.3492,0.7761,1.2777,28.11,42.7,125.5,21921.3,-21.2,NOMINAL,0.1168,1425.6
TAKEOFF,5585.7,97.8,38.88,235.6,202.3,242.0,238.1,1511.6,1279.8,1499.8,1487.4,32.57,46.0,18.09,71.5,208.9,203.7,11.728,8.8382,5.8825,9.1335,28.28,40.5,84.9,1198.2,26.5,CYLINDER_MISFIRE,0.8116,272.9
ISR_LOITER,4629.8,58.4,26.66,195.4,195.2,193.8,197.0,1323.0,1303.8,1329.3,1300.3,16.14,44.0,18.22,59.1,185.3,175.8,1.4211,1.0865,0.7897,1.129,28.22,40.9,125.7,22044.7,-21.4,COOLING_DEGRADATION,0.0317,1201.5
CLIMB,5499.0,83.8,34.35,234.4,227.4,230.5,231.7,1483.8,1463.1,1458.8,1465.8,27.29,46.4,18.29,65.1,198.5,199.7,2.8209,2.1261,1.3687,2.1872,28.24,41.7,105.9,12025.4,5.3,NOMINAL,0.0912,1467.3
DESCENT,3636.6,35.9,20.61,167.5,138.3,166.2,168.7,1090.8,918.0,1084.9,1083.0,11.12,44.8,17.82,52.2,163.7,163.8,3.4096,2.5829,1.6449,2.6459,28.28,40.8,116.8,7923.0,12.0,CYLINDER_MISFIRE,0.659,414.4
DESCENT,3825.8,33.8,19.69,166.4,168.9,167.9,167.7,1087.6,1110.7,1117.5,1106.0,10.81,43.1,18.2,52.2,162.3,160.8,1.1983,0.9954,0.5597,0.9557,28.26,43.8,115.9,7992.1,11.7,NOMINAL,0.0876,1474.8
CLIMB,5526.2,85.7,34.07,253.5,252.2,249.8,254.2,1439.6,1448.7,1445.6,1432.2,27.3,44.2,17.67,69.1,200.4,219.8,2.8605,2.0312,1.3524,2.1708,28.03,41.3,105.7,12101.9,4.8,COOLING_DEGRADATION,0.332,764.4
CLIMB,5504.1,83.1,33.84,230.0,226.8,229.0,229.7,1474.8,1473.8,1473.1,1473.4,26.63,43.9,17.93,69.1,197.4,196.3,2.8031,2.1303,1.4732,2.2035,28.3,42.2,104.9,11992.8,3.8,NOMINAL,0.0562,1480.1
TRANSIT,4897.2,67.1,29.15,203.2,205.5,204.8,202.4,1372.5,1390.3,1358.7,1395.4,18.2,45.7,18.07,61.4,188.6,182.1,1.9594,1.3773,0.9822,1.4945,27.91,42.8,140.0,18022.4,-11.4,NOMINAL,0.0665,1480.3
ISR_LOITER,4635.8,58.8,26.38,194.8,194.3,191.7,196.8,1309.4,1324.6,1321.6,1346.6,15.63,43.5,18.13,57.2,182.1,176.8,1.6565,1.1534,0.8432,1.263,28.55,41.4,124.6,21993.0,-22.3,NOMINAL,0.0859,1452.0
RECOVERY,2229.8,22.4,17.79,158.6,158.4,157.3,161.1,828.6,828.2,801.1,831.6,7.77,43.4,18.06,45.5,146.4,148.4,0.7522,0.6423,0.3621,0.6081,28.22,43.7,64.3,752.5,27.1,NOMINAL,0.0568,1460.1
ISR_LOITER,4602.8,58.6,23.61,195.3,198.4,221.8,195.5,1309.6,1322.7,1203.2,1310.8,13.17,37.2,17.99,54.9,178.1,174.8,1.5047,1.1988,0.7852,1.1997,28.4,45.0,124.9,22018.8,-20.8,INJECTOR_CLOGGING,0.8776,305.2
ISR_LOITER,4574.4,56.9,26.0,197.3,188.7,197.8,196.8,1301.0,1269.8,1332.9,1313.7,16.85,46.6,17.99,61.4,175.9,174.6,2.7717,1.9527,1.3741,2.1121,28.05,41.0,125.8,22033.1,-21.8,CYLINDER_MISFIRE,0.2301,730.3
CLIMB,5373.8,85.4,34.33,233.1,210.6,234.5,232.7,1470.6,1308.5,1459.4,1479.8,26.71,45.2,17.93,69.3,196.0,195.6,6.3547,4.8784,3.208,4.9824,28.1,42.6,105.5,11990.3,4.5,CYLINDER_MISFIRE,0.4635,538.8
DESCENT,3837.4,33.7,18.59,172.8,171.8,183.4,176.0,1072.5,1103.9,1039.7,1096.3,10.24,43.7,18.02,50.8,165.6,163.5,1.2318,0.8686,0.5947,0.9355,28.24,42.2,115.1,8051.6,14.1,INJECTOR_CLOGGING,0.3691,879.9
TRANSIT,4925.0,68.7,29.06,247.4,248.0,249.7,247.2,1370.7,1376.9,1378.4,1368.3,18.23,45.8,17.99,63.8,188.7,225.9,1.8098,1.4286,0.9034,1.4297,28.02,44.3,139.1,18047.2,-13.1,COOLING_DEGRADATION,0.6757,402.7
CLIMB,5518.4,85.5,33.62,228.6,228.5,224.5,225.1,1471.6,1472.4,1468.9,1462.8,27.19,45.2,18.96,69.3,202.2,198.7,5.0964,3.7951,2.5429,3.9515,28.31,42.7,103.9,11970.2,4.4,COMBUSTION_INSTABILITY,0.3689,729.3
ISR_LOITER,4628.7,57.4,26.73,194.9,195.0,195.8,196.9,1322.4,1315.6,1309.2,1314.4,15.64,46.1,17.9,56.9,181.9,172.1,1.5522,1.236,0.7957,1.2343,28.18,40.4,123.1,21990.9,-23.5,NOMINAL,0.1127,1431.9
TAKEOFF,5826.2,98.5,38.56,238.1,238.6,236.7,241.4,1519.6,1538.7,1515.4,1520.6,32.75,45.5,17.99,62.5,230.7,206.1,6.7893,5.108,3.4219,5.2882,28.18,41.8,82.2,1240.3,25.6,LUBRICATION_FAILURE,0.497,738.5
ISR_LOITER,4632.1,58.0,26.26,195.7,196.7,199.0,197.8,1316.8,1320.1,1311.4,1322.6,15.94,45.9,17.86,58.1,181.7,178.3,1.6757,1.2592,0.7299,1.2814,28.16,42.8,122.5,22019.9,-22.3,NOMINAL,0.0418,1485.7
RECOVERY,2203.1,22.7,17.18,157.3,158.7,154.5,158.2,852.0,840.7,842.8,863.9,7.7,46.4,18.13,47.6,150.4,150.0,0.7593,0.6307,0.437,0.6232,28.16,45.1,64.4,780.7,26.7,CYLINDER_MISFIRE,0.0229,1169.4
ISR_LOITER,4603.0,59.9,26.45,200.0,203.0,200.1,199.7,1353.9,1331.4,1341.7,1333.1,15.73,45.5,17.97,57.8,177.3,174.0,1.7335,1.1666,0.7828,1.2882,28.23,42.6,124.7,21930.2,-21.5,NOMINAL,0.0749,1480.5
PREFLIGHT,1382.1,15.4,16.76,137.0,142.1,140.5,138.2,660.0,662.8,646.1,636.4,6.26,45.8,18.05,46.7,126.6,133.0,0.6177,0.3566,0.2621,0.4387,28.12,43.5,2.6,536.2,29.9,NOMINAL,0.0674,1447.0
TRANSIT,4935.0,67.3,29.25,200.4,205.1,202.3,202.6,1404.0,1408.8,1376.6,1385.0,18.45,45.9,17.91,60.8,188.6,182.2,1.9694,1.3841,0.9398,1.4919,28.32,41.9,136.6,18081.2,-12.1,NOMINAL,0.0469,1459.4
ISR_LOITER,4572.8,59.4,25.97,194.0,195.9,196.6,197.0,1313.6,1312.3,1323.0,1323.2,15.86,44.0,17.66,59.0,181.9,174.6,1.6299,1.2792,0.9005,1.3043,28.14,41.9,125.9,21939.3,-24.1,NOMINAL,0.0743,1478.4
ISR_LOITER,4566.6,58.0,26.27,192.3,188.9,189.4,191.8,1335.4,1320.3,1323.9,1339.6,16.15,43.6,17.66,57.6,178.1,175.9,1.6571,1.2154,0.7597,1.2649,28.01,43.0,126.7,22055.4,-22.3,NOMINAL,0.0093,1451.9
ISR_LOITER,4579.0,58.7,26.41,191.9,192.2,193.4,192.4,1339.5,1330.7,1326.7,1339.4,15.83,46.3,17.8,57.1,178.1,176.0,1.4764,1.2191,0.7753,1.1926,28.22,42.0,126.1,22111.8,-20.0,NOMINAL,0.0611,1449.7
PREFLIGHT,1420.4,13.0,15.93,141.1,139.4,139.8,142.7,640.2,652.2,657.6,653.2,5.59,46.1,18.23,43.5,123.6,139.0,0.5667,0.3916,0.2944,0.4325,28.25,41.1,0.3,494.0,27.3,NOMINAL,0.0361,1461.7
ISR_LOITER,4610.1,57.1,26.49,196.0,198.4,196.8,195.7,1342.3,1314.3,1329.6,1339.7,15.12,47.0,18.34,57.3,180.6,173.5,1.534,1.1321,0.8847,1.2135,28.17,39.9,127.1,22033.7,-21.6,NOMINAL,0.0883,1479.9
TRANSIT,4766.4,68.4,28.84,210.9,186.3,208.7,208.3,1383.0,1245.2,1396.3,1397.0,17.53,45.6,17.98,62.7,187.0,184.9,4.4757,3.2116,2.1477,3.4136,28.21,41.1,142.2,17949.4,-10.9,CYLINDER_MISFIRE,0.4687,596.9
PREFLIGHT,1434.7,14.9,16.01,142.1,145.0,142.6,143.4,665.8,632.0,649.1,650.4,6.46,47.1,17.63,44.4,132.2,131.5,0.6307,0.4773,0.3269,0.4941,28.03,41.9,-2.4,555.4,26.9,NOMINAL,0.047,1461.5
ISR_LOITER,4600.9,58.1,26.44,199.8,195.2,197.7,195.8,1343.1,1331.3,1327.8,1324.8,15.45,46.0,17.84,55.2,178.1,175.3,1.5023,1.1517,0.7055,1.1663,28.08,44.6,123.7,21994.6,-19.8,NOMINAL,0.0336,1451.7
DESCENT,3813.9,33.8,19.94,164.1,159.8,164.2,163.7,1120.3,1083.0,1122.9,1125.6,10.53,45.4,17.82,52.2,165.7,159.5,1.7004,1.1103,0.7412,1.2481,28.24,45.2,113.1,7996.7,13.2,CYLINDER_MISFIRE,0.1176,886.0
TRANSIT,4922.9,69.0,28.96,209.3,208.8,208.7,208.9,1379.7,1363.1,1376.5,1396.2,17.77,44.7,17.89,58.3,196.9,182.3,2.3362,1.7512,1.1154,1.8045,28.18,39.5,135.3,17954.0,-12.7,LUBRICATION_FAILURE,0.1746,969.0
PREFLIGHT,1392.7,15.7,15.9,138.7,140.1,140.1,140.0,646.2,631.6,670.7,629.8,6.25,48.6,18.18,43.9,132.4,135.4,0.5347,0.4631,0.2819,0.4396,27.21,42.1,1.4,545.1,27.3,SENSOR_DRIFT,0.5311,699.6
DESCENT,3809.0,34.0,19.99,168.1,167.6,166.2,165.7,1129.1,1102.9,1105.9,1122.6,11.14,43.9,17.7,50.7,168.5,159.8,1.1392,0.8947,0.6163,0.9088,27.27,40.7,112.0,8073.2,11.9,SENSOR_DRIFT,0.3604,659.8
TAKEOFF,5772.0,98.5,39.05,237.9,236.6,240.0,234.9,1516.4,1548.3,1526.6,1542.6,32.45,42.0,18.14,72.6,208.5,207.2,3.6748,2.6547,1.8541,2.8278,28.23,42.1,83.5,1154.2,28.4,NOMINAL,0.0064,1482.1
TRANSIT,4909.6,68.7,28.58,200.8,196.4,201.8,202.1,1349.3,1362.7,1385.3,1362.3,18.1,44.5,18.23,60.3,189.1,182.8,1.8991,1.4023,0.9964,1.4794,28.03,42.6,136.9,18048.2,-11.2,NOMINAL,0.1049,1462.9
TAKEOFF,5792.5,98.0,37.99,247.5,238.8,245.0,241.4,1543.9,1535.1,1551.0,1519.9,32.02,42.3,17.88,71.5,206.9,206.0,3.6347,2.752,1.8703,2.845,28.16,42.3,83.0,1203.4,27.1,NOMINAL,0.0719,1443.3
TRANSIT,4938.1,68.0,28.86,203.6,199.7,201.7,201.4,1400.2,1393.3,1396.0,1385.2,18.67,46.0,18.46,61.2,187.3,180.5,1.8642,1.5079,0.9086,1.4804,28.26,43.5,142.4,18072.7,-11.5,NOMINAL,0.0596,1442.6
TRANSIT,4850.8,67.4,29.05,208.1,210.3,208.4,208.5,1395.0,1393.3,1392.2,1392.5,18.23,46.0,18.25,60.9,186.2,181.6,1.8302,1.364,0.9326,1.4236,28.24,42.3,139.4,17973.8,-11.4,NOMINAL,0.0893,1476.3
DESCENT,3809.7,36.3,19.61,168.3,167.0,168.5,169.4,1100.8,1090.3,1090.2,1092.5,10.29,45.1,17.78,51.0,164.8,161.9,1.0586,0.9143,0.6052,0.8799,28.26,45.4,118.1,8014.6,12.6,NOMINAL,0.0761,1436.3
ISR_LOITER,4583.4,58.2,26.91,190.9,197.5,196.5,194.6,1320.7,1320.8,1321.5,1328.8,15.72,44.7,19.28,58.4,181.1,177.6,3.5416,2.689,1.7919,2.7679,28.22,40.9,125.8,22077.9,-20.9,COMBUSTION_INSTABILITY,0.5395,502.9
PREFLIGHT,1432.0,14.5,16.14,135.9,137.7,137.1,137.2,640.2,636.6,623.6,661.7,6.15,44.2,17.97,45.5,130.2,133.5,0.6795,0.4143,0.2884,0.4887,28.46,45.1,2.3,466.6,27.6,NOMINAL,0.0533,1469.2
TAKEOFF,5774.1,98.1,38.47,237.5,237.7,236.0,237.0,1501.3,1508.0,1512.4,1492.8,32.36,44.7,17.96,71.6,207.7,205.9,3.5749,2.702,1.804,2.789,28.11,43.1,84.1,1208.4,27.1,NOMINAL,0.0663,1469.2
TRANSIT,4906.4,67.7,29.15,204.4,200.2,201.3,197.9,1390.2,1419.9,1402.8,1403.6,18.3,44.9,17.99,59.9,188.2,183.5,2.0413,1.4394,0.9433,1.5415,28.18,42.6,141.5,18053.3,-14.1,NOMINAL,0.0451,1474.7
ISR_LOITER,4612.5,56.7,26.32,196.8,197.7,198.1,196.1,1325.1,1317.9,1320.0,1312.2,16.36,44.9,18.15,62.0,184.5,177.2,1.5699,1.2481,0.7997,1.2466,28.06,40.6,126.7,22036.8,-20.8,NOMINAL,0.0144,1488.2
ISR_LOITER,4594.1,57.3,26.16,192.1,189.8,193.8,194.7,1333.9,1350.3,1360.8,1340.4,16.1,46.1,18.08,59.4,181.1,173.1,1.4208,1.2112,0.7884,1.1701,27.96,41.7,124.7,22015.0,-20.9,NOMINAL,0.0375,1473.4
ISR_LOITER,4633.5,57.4,26.68,186.0,191.0,192.3,190.8,1306.0,1320.9,1338.2,1311.8,15.51,44.7,18.33,48.3,192.9,176.4,2.4223,1.8394,1.3493,1.9211,28.46,42.9,125.7,21970.6,-22.0,LUBRICATION_FAILURE,0.3198,817.1
TRANSIT,4880.9,67.8,29.02,202.7,208.9,202.2,204.8,1404.6,1358.3,1381.9,1401.5,17.6,46.4,18.07,64.3,187.4,182.5,1.8064,1.4113,0.9111,1.4242,28.11,42.2,138.4,17888.4,-11.8,NOMINAL,0.105,1430.7
ISR_LOITER,4638.1,57.7,26.21,193.8,197.5,199.0,199.9,1347.0,1365.6,1329.5,1342.0,15.21,45.3,18.33,53.8,177.1,176.6,1.6647,1.1502,0.8408,1.2651,28.4,42.8,127.9,22016.2,-22.3,NOMINAL,0.0597,1471.2
ISR_LOITER,4607.1,57.5,26.16,188.2,191.2,191.6,187.7,1305.2,1308.2,1325.0,1307.1,16.59,45.2,18.09,57.3,183.2,175.9,1.5616,1.1209,0.8344,1.2098,28.1,41.7,123.1,21953.9,-22.6,NOMINAL,0.113,1467.1
ISR_LOITER,4597.0,58.9,26.56,194.4,194.6,193.6,196.8,1310.6,1324.7,1318.7,1329.6,15.8,47.5,18.02,59.1,179.6,175.7,1.5511,1.2258,0.7018,1.2112,28.12,41.0,128.8,21963.7,-22.5,NOMINAL,0.0428,1480.0
DESCENT,3663.8,35.2,20.2,170.1,147.9,168.8,171.3,1090.9,957.5,1093.7,1088.3,11.7,44.4,18.2,53.1,159.9,157.0,2.6361,2.0987,1.3327,2.0921,28.36,40.4,115.4,7949.3,12.6,CYLINDER_MISFIRE,0.4685,574.0
PREFLIGHT,1382.8,13.9,16.11,141.1,137.4,137.1,137.6,693.7,699.8,659.1,692.1,6.08,44.0,18.22,45.1,132.7,136.9,0.6266,0.5474,0.2924,0.5091,28.04,44.9,-0.5,508.7,27.4,NOMINAL,0.0279,1485.9
ISR_LOITER,4602.5,57.9,26.63,199.2,198.0,194.1,199.4,1347.7,1345.8,1342.8,1343.1,15.93,45.8,17.99,59.2,182.6,174.8,1.6979,1.1429,0.8145,1.2718,28.14,42.7,120.7,22058.8,-22.0,NOMINAL,0.0315,1485.8
ISR_LOITER,4590.5,55.9,26.4,189.2,189.5,186.3,186.8,1320.6,1316.1,1304.9,1315.3,15.96,44.4,17.95,57.2,184.7,175.3,1.6179,1.1657,0.8237,1.2456,28.21,39.4,128.0,21994.5,-21.5,NOMINAL,0.0884,1470.9
RECOVERY,2184.1,20.5,17.66,158.0,152.8,155.1,152.2,826.7,848.3,834.2,852.1,7.34,44.5,17.85,29.6,179.4,148.2,1.837,1.4376,0.9583,1.456,28.16,44.3,61.9,820.3,25.9,LUBRICATION_FAILURE,0.7372,452.4
DESCENT,3567.0,33.2,20.07,175.1,129.3,171.9,172.0,1082.5,825.1,1086.5,1087.3,10.93,45.4,17.75,52.9,166.0,161.0,4.3415,3.3293,2.2752,3.421,28.02,42.3,112.8,7986.3,12.0,CYLINDER_MISFIRE,0.9583,186.0
TAKEOFF,5739.8,99.7,38.12,235.0,229.7,237.9,236.8,1503.8,1464.9,1496.9,1507.4,33.29,46.5,17.78,71.1,214.1,203.8,5.5151,4.0145,2.6837,4.2322,28.06,40.9,84.6,1209.2,26.6,CYLINDER_MISFIRE,0.1773,869.4
DESCENT,3788.2,36.5,20.27,173.9,173.9,174.8,174.1,1103.2,1094.3,1089.6,1099.9,10.91,44.9,17.98,54.6,166.1,158.5,1.3097,0.8862,0.6283,0.9824,28.27,42.1,117.8,7970.8,12.1,NOMINAL,0.0396,1476.5
RECOVERY,2177.5,22.1,17.52,155.7,152.1,153.9,153.8,861.1,866.6,858.8,856.0,7.19,47.2,17.82,26.8,182.6,147.0,2.0179,1.5535,0.965,1.5723,28.27,41.3,65.1,793.6,27.0,LUBRICATION_FAILURE,0.8033,287.2
CLIMB,5495.1,85.7,33.76,222.0,223.8,230.8,222.9,1469.7,1467.6,1451.2,1464.1,27.11,45.9,18.22,64.8,201.2,198.1,3.4583,2.6028,1.7233,2.6898,28.0,41.7,105.5,12019.6,3.2,LUBRICATION_FAILURE,0.1088,1017.0
TRANSIT,4951.4,68.1,28.85,208.9,207.0,208.7,211.0,1359.7,1367.9,1364.8,1358.8,18.25,44.3,17.64,61.8,188.2,179.0,1.8638,1.4115,0.9904,1.4659,28.46,42.6,137.2,17953.8,-11.9,NOMINAL,0.1038,1453.7
PREFLIGHT,1461.2,13.4,16.16,136.7,130.9,135.6,132.5,639.1,633.5,639.9,643.7,6.62,45.2,18.12,44.9,127.3,132.7,0.7193,0.3768,0.3095,0.5017,28.23,42.2,2.0,467.7,27.8,NOMINAL,0.1091,1452.4
ISR_LOITER,4450.7,59.0,26.62,191.1,170.2,187.4,188.4,1334.3,1180.0,1325.5,1318.6,16.03,47.6,17.87,58.7,179.6,175.7,4.1845,3.0564,2.1101,3.2303,28.13,42.9,121.1,22038.2,-22.9,CYLINDER_MISFIRE,0.563,492.0
DESCENT,3794.4,36.3,19.53,170.3,172.3,170.4,172.1,1070.5,1101.4,1086.5,1077.6,11.88,46.7,17.89,52.8,164.4,161.8,1.3257,0.8112,0.606,0.9631,28.42,43.1,115.9,8053.8,10.7,NOMINAL,0.0566,1455.7
TRANSIT,4914.2,68.0,28.75,205.6,198.5,201.3,200.9,1400.9,1393.1,1399.8,1394.8,18.97,45.3,18.1,62.8,188.1,182.0,1.938,1.452,0.9606,1.5041,28.23,43.1,139.7,17939.0,-11.8,NOMINAL,0.0219,1458.3
CLIMB,5510.4,85.0,34.35,227.8,227.0,228.3,230.2,1469.3,1465.0,1450.8,1458.1,27.01,46.4,18.26,65.1,202.8,194.9,2.8218,1.9746,1.4508,2.1577,28.15,43.0,104.4,12048.6,3.3,NOMINAL,0.0206,1454.9
TRANSIT,4915.2,69.0,28.58,246.8,247.2,247.9,248.4,1390.0,1392.9,1404.0,1382.2,18.45,45.8,18.0,61.5,187.1,224.8,1.9362,1.5369,0.8988,1.5186,28.05,42.1,138.4,17910.9,-12.4,COOLING_DEGRADATION,0.6398,584.1
TRANSIT,4913.6,66.9,28.77,205.6,205.4,202.8,205.2,1378.6,1370.2,1383.4,1374.5,18.45,45.1,17.89,62.6,186.3,186.8,2.0623,1.4204,0.9785,1.5522,28.29,42.9,141.4,18037.8,-11.3,NOMINAL,0.0626,1478.7
TRANSIT,4880.4,68.5,29.28,206.6,209.8,206.9,204.3,1384.1,1393.3,1402.1,1393.0,18.59,43.7,18.38,60.0,184.9,181.1,1.9474,1.401,0.9192,1.4833,28.08,44.7,140.7,18044.8,-9.9,NOMINAL,0.1103,1453.2
ISR_LOITER,4602.7,57.3,25.7,200.5,199.0,197.9,199.3,1355.5,1347.7,1320.4,1358.2,16.07,43.7,18.12,58.3,180.4,173.0,1.5791,1.1033,0.8613,1.2183,26.94,43.7,126.2,21980.2,-22.7,SENSOR_DRIFT,0.6274,542.0
TRANSIT,4905.2,68.6,28.95,207.9,207.5,205.0,206.7,1378.4,1367.2,1370.9,1357.0,17.83,46.8,17.85,61.5,185.3,184.8,1.9265,1.4171,0.9807,1.4923,28.14,41.1,137.6,17934.5,-10.9,NOMINAL,0.1161,1455.4
ISR_LOITER,4583.7,57.2,26.53,190.7,191.7,192.4,192.2,1331.8,1314.9,1329.8,1290.6,15.8,42.5,18.95,61.0,179.9,178.4,2.5305,2.0046,1.3394,2.0179,28.18,42.0,125.7,22010.3,-21.7,COMBUSTION_INSTABILITY,0.2825,865.5
ISR_LOITER,4653.5,60.1,26.17,196.6,201.8,200.7,198.5,1323.3,1315.0,1320.0,1346.7,15.69,46.4,18.23,55.0,179.5,173.1,1.8851,1.4171,0.9,1.4574,28.43,43.6,124.1,22027.3,-22.8,COMBUSTION_INSTABILITY,0.0621,1228.6
CLIMB,5510.4,84.7,33.76,227.2,226.3,227.3,226.2,1463.6,1456.2,1441.3,1445.7,26.79,46.5,17.81,68.6,200.8,195.6,2.7784,2.1093,1.386,2.1672,28.29,42.8,105.4,12045.9,5.0,NOMINAL,0.0615,1442.0
TAKEOFF,5802.8,98.6,38.32,240.3,236.5,236.5,237.4,1528.6,1539.6,1521.7,1517.1,32.13,45.5,18.22,73.5,208.7,202.0,3.6067,2.7889,1.8216,2.8346,28.0,41.9,83.0,1216.5,27.0,NOMINAL,0.0708,1479.5
ISR_LOITER,4640.5,58.4,26.88,229.9,230.8,229.7,235.0,1312.2,1314.6,1300.5,1295.9,16.48,44.7,18.46,57.8,177.5,214.9,1.6059,1.2086,0.7965,1.2482,27.97,39.7,127.3,22098.4,-22.3,COOLING_DEGRADATION,0.6124,483.9
TRANSIT,4854.3,67.5,28.74,209.9,209.3,210.0,206.8,1390.7,1397.5,1387.6,1394.1,18.34,45.5,17.92,59.5,187.5,184.3,1.7933,1.5229,0.9224,1.459,28.28,44.3,143.7,18080.4,-12.8,NOMINAL,0.09,1478.3
TRANSIT,4876.5,67.4,29.38,206.8,203.3,204.9,201.7,1366.7,1368.6,1364.9,1369.8,18.14,44.9,18.23,59.5,187.7,181.0,1.8538,1.5422,1.0223,1.5122,28.13,40.0,143.0,18020.1,-13.2,NOMINAL,0.0952,1442.1
ISR_LOITER,4577.2,57.4,26.64,190.6,188.5,183.4,193.4,1310.3,1340.3,1319.4,1331.5,16.05,47.0,17.78,52.9,187.6,172.9,2.2151,1.7062,1.2281,1.7632,28.17,41.9,125.0,22008.2,-21.7,LUBRICATION_FAILURE,0.211,897.9
ISR_LOITER,4601.8,57.9,24.83,193.0,193.0,206.4,193.1,1318.2,1330.2,1280.8,1301.9,14.06,38.5,18.1,59.9,180.2,175.2,1.5539,1.2113,0.7963,1.2269,28.36,45.1,128.1,22113.3,-21.3,INJECTOR_CLOGGING,0.4744,781.9
ISR_LOITER,4608.4,57.8,26.19,232.0,229.0,232.5,230.7,1316.4,1305.1,1289.8,1304.9,15.77,45.4,18.11,56.8,178.5,212.5,1.6243,1.2284,0.8476,1.2735,27.95,43.5,126.6,22042.5,-22.2,COOLING_DEGRADATION,0.5776,651.0
CLIMB,5495.4,86.0,33.65,235.2,236.0,231.8,235.2,1469.0,1469.3,1469.9,1452.6,27.45,43.3,18.1,64.2,199.6,198.0,2.8511,2.187,1.3962,2.2257,26.73,41.3,105.5,12007.7,3.3,SENSOR_DRIFT,0.7127,342.1
CLIMB,5487.2,85.6,33.76,229.0,232.4,233.6,236.2,1456.9,1451.6,1471.1,1458.8,26.97,44.1,18.18,69.1,198.8,201.0,2.8051,2.1198,1.3669,2.178,28.09,44.3,105.2,12011.4,4.5,NOMINAL,0.0085,1492.9
TRANSIT,4899.5,69.7,29.04,200.9,199.6,200.2,203.8,1375.7,1376.2,1386.6,1382.7,18.11,46.1,17.92,60.1,188.6,183.6,1.9376,1.4645,0.9821,1.5126,28.16,41.3,138.7,17999.7,-13.6,NOMINAL,0.1188,1440.9
TRANSIT,4871.1,68.2,29.46,203.4,205.6,208.1,207.3,1399.9,1380.6,1354.7,1384.2,17.52,44.4,18.18,64.5,185.9,182.8,2.0261,1.4308,0.9192,1.5272,28.48,43.5,140.1,17923.6,-12.4,NOMINAL,0.0046,1483.6
ISR_LOITER,4390.0,57.4,26.36,190.6,156.8,190.6,188.4,1341.8,1149.5,1350.9,1358.3,15.98,45.6,17.86,60.5,181.8,176.0,5.0648,3.7009,2.5638,3.9125,28.18,40.8,123.0,22049.1,-23.4,CYLINDER_MISFIRE,0.7689,315.0
DESCENT,3790.0,35.6,20.02,208.4,207.8,209.6,208.3,1093.2,1078.4,1077.2,1087.0,11.24,45.5,17.97,52.0,164.4,200.1,1.2989,0.8695,0.5697,0.9605,28.25,41.7,117.8,8035.0,12.9,COOLING_DEGRADATION,0.6133,453.3
PREFLIGHT,1402.8,15.7,16.0,137.0,137.9,138.5,140.3,663.2,641.0,663.0,664.0,5.53,46.8,17.47,45.9,126.9,137.1,0.6452,0.5385,0.3259,0.5204,28.25,41.5,-3.5,609.0,27.5,NOMINAL,0.0954,1478.2
ISR_LOITER,4608.4,58.1,26.62,200.8,200.2,201.0,199.7,1334.7,1324.1,1326.5,1331.6,15.93,44.9,18.04,56.6,177.6,174.9,1.4651,1.2516,0.7313,1.1899,28.14,42.8,126.8,22032.1,-21.5,NOMINAL,0.0369,1468.1
ISR_LOITER,4608.9,57.5,26.66,197.4,192.6,198.0,195.6,1333.0,1323.5,1336.3,1354.7,16.23,43.6,17.96,59.5,179.6,170.9,1.5563,1.2828,0.8754,1.2694,26.92,41.6,120.4,21995.2,-22.6,SENSOR_DRIFT,0.6959,399.4
ISR_LOITER,4552.7,57.8,26.58,235.9,237.8,236.2,232.3,1316.4,1305.5,1299.8,1283.3,16.72,45.7,18.09,58.9,181.9,208.4,1.5906,1.0655,0.7607,1.1894,28.5,40.8,124.4,21942.4,-21.5,COOLING_DEGRADATION,0.5102,530.2
CLIMB,5536.8,83.3,33.42,231.8,231.9,233.8,228.2,1462.3,1447.9,1444.0,1475.3,26.56,44.1,17.86,69.5,200.4,195.5,2.7429,2.2175,1.3877,2.1883,28.04,42.3,103.9,11990.7,5.5,INJECTOR_CLOGGING,0.1384,808.5
ISR_LOITER,4608.5,59.9,26.51,196.0,197.7,197.8,200.5,1320.6,1336.7,1318.0,1313.9,16.4,46.7,18.02,58.5,180.6,175.4,1.5703,1.3438,0.78,1.2754,28.28,42.3,120.0,22005.9,-22.3,NOMINAL,0.0527,1478.7
ISR_LOITER,4595.2,57.5,26.18,196.3,195.5,198.4,198.2,1323.9,1339.7,1341.0,1320.3,16.64,44.7,17.95,59.1,180.7,175.1,1.4468,1.1042,0.7358,1.1334,28.2,41.2,124.2,21985.2,-21.0,NOMINAL,0.0766,1438.3
RECOVERY,2219.3,21.6,17.41,155.0,154.2,153.2,150.3,845.4,842.1,844.4,853.9,7.93,47.9,17.82,46.9,150.2,146.6,1.1503,0.838,0.4741,0.866,28.09,39.4,67.5,697.7,25.9,LUBRICATION_FAILURE,0.1225,1088.9
ISR_LOITER,4602.0,58.3,26.41,192.0,197.0,191.8,194.6,1347.1,1332.1,1321.0,1330.2,15.33,46.0,17.92,60.1,181.1,174.6,1.6067,1.1204,0.7903,1.2195,28.22,41.4,123.9,22050.3,-22.9,NOMINAL,0.0691,1478.1
DESCENT,3610.4,33.8,20.03,171.0,134.1,173.3,172.0,1090.4,846.8,1114.6,1093.4,11.53,46.6,18.68,53.0,165.7,156.9,3.7828,2.8155,1.964,2.9492,28.05,41.3,117.9,8025.8,12.0,CYLINDER_MISFIRE,0.8169,363.2
DESCENT,3788.0,33.6,20.23,175.4,177.2,176.4,175.7,1119.9,1103.2,1111.5,1109.5,10.6,45.7,18.14,48.2,165.0,159.3,1.15,0.8011,0.603,0.8809,28.2,41.4,116.6,8038.2,10.1,NOMINAL,0.0742,1463.7
TAKEOFF,5819.1,99.0,38.42,242.3,243.1,240.6,241.8,1525.5,1527.7,1510.2,1536.6,33.22,43.9,17.91,72.0,212.4,206.1,3.5755,2.6242,1.7022,2.7427,28.24,44.7,85.0,1220.8,27.2,NOMINAL,0.0904,1436.6
RECOVERY,2080.2,21.2,17.64,154.8,135.1,154.8,152.1,829.8,724.7,837.9,827.9,7.2,46.1,18.07,48.4,141.0,148.5,1.7269,1.2537,0.8768,1.332,28.1,42.5,61.9,845.2,25.2,CYLINDER_MISFIRE,0.4005,776.7
TRANSIT,4910.9,69.5,29.04,206.5,210.9,207.4,206.9,1363.0,1358.7,1364.2,1355.4,18.27,45.1,18.31,45.4,215.5,184.0,4.3143,3.1397,2.1644,3.3244,28.18,44.2,144.8,18019.9,-11.2,LUBRICATION_FAILURE,0.6871,463.9
ISR_LOITER,4571.6,57.7,26.43,194.3,194.5,192.3,195.9,1307.3,1298.0,1285.6,1297.0,16.09,45.8,17.99,58.6,178.7,176.5,1.5673,1.1541,0.8476,1.2257,28.22,42.1,126.1,21996.6,-22.9,NOMINAL,0.1152,1457.0
RECOVERY,2109.4,20.9,18.08,156.4,137.9,152.0,152.7,848.7,741.9,863.4,837.1,6.95,45.1,17.87,48.7,148.2,147.5,1.513,1.2773,0.815,1.2362,28.34,43.3,64.5,781.2,25.0,CYLINDER_MISFIRE,0.34,850.8
DESCENT,3823.3,34.5,19.37,164.7,166.1,167.0,165.9,1089.3,1095.4,1095.5,1106.7,10.96,44.9,18.33,50.2,164.3,158.2,1.0997,0.9135,0.6665,0.9107,28.51,41.9,116.0,8027.1,11.8,NOMINAL,0.0673,1441.6
ISR_LOITER,4632.0,56.9,26.01,197.4,196.7,197.2,199.1,1326.0,1340.8,1332.3,1346.2,16.07,43.7,17.75,58.3,179.6,177.5,1.6312,1.1725,0.8841,1.2672,28.14,40.0,124.6,21959.7,-21.0,NOMINAL,0.0477,1455.1
CLIMB,5510.7,86.2,34.03,231.8,231.0,225.4,228.0,1480.2,1486.9,1491.3,1471.9,27.23,43.6,18.14,66.3,202.5,198.5,2.7693,2.1182,1.3673,2.1622,28.2,40.5,105.6,11987.4,4.8,NOMINAL,0.0549,1456.2
ISR_LOITER,4599.0,56.8,25.82,198.2,197.6,195.3,196.9,1326.4,1326.7,1335.0,1335.2,15.59,45.2,18.23,46.3,200.8,172.3,2.713,2.1538,1.4205,2.1615,28.22,42.1,126.9,22026.6,-21.5,LUBRICATION_FAILURE,0.4331,734.7
TRANSIT,4904.5,69.1,28.92,203.8,205.1,205.0,204.6,1413.8,1394.5,1413.5,1385.0,18.48,44.7,18.15,60.0,188.8,183.8,1.8738,1.3877,0.9193,1.4471,28.04,39.6,137.4,18004.2,-11.4,SENSOR_DRIFT,0.1277,878.3
ISR_LOITER,4524.6,56.7,26.65,189.5,176.8,191.1,188.8,1322.6,1239.2,1323.1,1295.4,15.69,44.0,17.89,58.4,182.5,178.7,3.1128,2.2695,1.5853,2.4051,27.97,41.0,124.5,21903.7,-21.8,CYLINDER_MISFIRE,0.3289,662.3
CLIMB,5468.0,84.2,33.7,231.2,225.9,231.0,230.0,1462.1,1454.4,1462.1,1484.5,27.25,44.7,17.74,68.5,199.9,200.4,3.5118,2.7595,1.8712,2.7958,28.09,43.1,107.8,12068.1,6.1,CYLINDER_MISFIRE,0.1014,910.5
DESCENT,3843.0,36.6,19.29,169.2,170.0,170.3,169.3,1091.9,1099.9,1084.5,1086.8,10.83,45.0,19.4,53.9,166.6,158.0,3.1183,2.2486,1.4747,2.3773,28.26,39.5,114.3,8018.6,13.8,COMBUSTION_INSTABILITY,0.6892,414.4
ISR_LOITER,4619.6,59.5,26.81,193.5,194.7,194.5,194.6,1346.2,1345.5,1344.7,1332.2,15.45,45.9,18.07,59.3,179.1,176.5,1.5757,1.1781,0.8587,1.2394,28.36,42.3,124.3,21995.8,-21.9,NOMINAL,0.0257,1488.5
TRANSIT,4890.3,67.4,29.23,209.3,210.7,210.7,210.0,1380.6,1375.8,1376.0,1388.5,18.43,44.7,17.94,61.1,187.8,180.8,1.9369,1.4535,0.9621,1.5044,28.26,43.2,137.9,18013.6,-10.4,NOMINAL,0.0676,1444.4
PREFLIGHT,1272.5,15.2,16.09,137.0,113.6,134.0,138.1,643.5,504.6,663.3,630.4,5.79,44.5,18.06,45.7,128.5,132.2,1.4529,1.0282,0.7035,1.105,28.21,43.4,-1.0,579.4,27.9,CYLINDER_MISFIRE,0.4799,594.7
CLIMB,5442.9,86.0,33.33,236.8,229.3,229.1,230.0,1485.9,1451.5,1470.7,1462.0,26.57,45.6,18.1,69.4,202.6,196.2,3.6114,2.6087,1.7625,2.7661,28.09,43.2,103.8,12032.4,5.5,CYLINDER_MISFIRE,0.0941,1094.4
TRANSIT,4919.9,68.4,28.77,206.6,204.5,207.7,206.5,1391.8,1390.3,1408.0,1382.8,18.74,43.4,17.8,61.3,186.3,182.9,1.8978,1.4745,0.8987,1.4814,28.23,40.9,142.5,17948.7,-13.8,NOMINAL,0.0814,1454.4
TAKEOFF,5785.3,95.9,38.72,291.2,288.2,287.7,290.1,1538.1,1515.9,1529.1,1523.2,32.29,44.5,18.13,72.9,208.2,251.0,3.686,2.7481,1.8619,2.8639,28.28,44.0,80.4,1194.2,26.3,COOLING_DEGRADATION,0.7507,371.5
ISR_LOITER,4586.9,57.6,26.77,204.4,202.0,198.2,199.2,1339.5,1320.1,1328.5,1338.1,16.56,45.0,18.04,58.8,176.5,174.3,1.5316,1.2466,0.7781,1.2255,28.38,42.7,124.7,21971.9,-22.7,NOMINAL,0.0286,1490.1
TRANSIT,4940.3,68.1,28.32,210.4,210.4,210.7,210.5,1390.6,1386.4,1392.4,1409.8,18.16,45.6,18.17,59.7,191.8,183.3,1.9249,1.4034,0.9923,1.4899,28.03,44.6,142.1,17993.9,-10.6,NOMINAL,0.0388,1470.8
ISR_LOITER,4611.3,58.2,26.88,187.9,188.1,190.7,190.4,1300.4,1300.9,1300.0,1281.9,15.72,44.4,18.25,58.6,183.8,173.1,1.5786,1.2568,0.7768,1.2483,26.9,41.1,127.4,21931.4,-20.1,SENSOR_DRIFT,0.7551,310.1
RECOVERY,2220.1,22.5,17.63,152.1,148.9,153.3,151.6,860.8,859.2,845.1,875.3,7.25,46.3,17.86,48.1,145.6,144.0,0.7532,0.6177,0.4045,0.609,28.21,43.4,63.4,804.9,24.7,NOMINAL,0.001,1459.9
ISR_LOITER,4580.2,56.6,26.79,197.8,204.5,199.6,202.2,1320.4,1326.4,1312.8,1319.7,15.67,42.6,17.92,58.6,178.0,175.2,1.6216,1.2805,0.7537,1.2698,28.24,40.4,120.6,21976.2,-22.5,NOMINAL,0.0648,1458.8
DESCENT,3808.6,36.2,20.21,165.6,169.3,165.5,168.3,1100.5,1075.6,1079.8,1083.3,10.56,44.1,18.04,50.5,169.3,159.0,1.1858,0.8655,0.5878,0.913,28.09,38.9,114.3,8090.3,13.6,NOMINAL,0.0317,1476.2
ISR_LOITER,4586.1,58.4,26.38,198.3,197.4,199.6,198.9,1312.5,1332.4,1321.4,1336.3,16.06,47.1,17.6,58.5,178.7,179.3,1.3572,1.2262,0.8279,1.1592,27.88,42.8,121.0,21963.8,-21.6,NOMINAL,0.0451,1455.3
RECOVERY,2175.6,22.5,17.18,160.8,157.3,157.5,158.4,817.2,815.3,827.8,800.0,7.12,45.5,17.93,49.9,149.5,148.0,0.6623,0.5472,0.2979,0.525,28.29,40.6,64.7,785.5,27.1,NOMINAL,0.1197,1468.9
TRANSIT,4877.0,68.6,28.67,205.4,201.0,201.1,201.9,1375.2,1370.7,1363.2,1368.5,18.42,43.3,17.96,62.3,186.9,184.5,1.922,1.3793,0.9293,1.4674,28.38,41.1,138.4,17957.7,-11.9,NOMINAL,0.0719,1473.1
TRANSIT,4718.1,67.6,29.25,214.2,175.0,206.9,211.8,1397.2,1162.7,1398.3,1381.5,18.74,45.3,18.09,62.9,187.8,181.1,5.9152,4.3992,2.9092,4.5755,28.25,41.1,139.6,17973.4,-10.4,CYLINDER_MISFIRE,0.7496,342.2
ISR_LOITER,4631.2,56.2,27.14,194.4,191.9,194.9,194.2,1311.9,1321.5,1315.5,1300.9,15.4,45.3,18.1,57.9,181.1,175.3,1.6137,1.2504,0.8961,1.2872,28.24,46.6,125.3,22006.4,-20.0,NOMINAL,0.0309,1472.3
ISR_LOITER,4595.9,58.9,26.65,191.5,194.6,192.0,191.5,1285.5,1293.3,1301.8,1294.6,15.73,46.3,17.84,58.7,179.7,178.3,1.6692,1.2802,0.8307,1.3058,26.5,44.1,125.7,22011.2,-22.8,SENSOR_DRIFT,0.9052,209.8
DESCENT,3786.8,35.3,19.81,169.8,170.6,171.5,169.6,1065.6,1092.0,1086.3,1112.6,11.36,44.0,17.99,49.4,164.9,156.9,1.1858,0.9547,0.6225,0.9496,28.21,42.6,115.0,7994.4,12.4,COMBUSTION_INSTABILITY,0.0558,1120.6
TAKEOFF,5828.8,97.8,38.23,237.6,242.0,239.9,235.6,1478.3,1509.7,1504.9,1511.5,32.6,45.0,19.17,73.5,207.7,207.4,7.8418,5.807,3.9196,6.0712,28.15,44.0,83.7,1240.2,25.7,COMBUSTION_INSTABILITY,0.5297,531.5
PREFLIGHT,1415.9,15.5,15.91,185.7,189.3,192.1,188.3,629.9,628.0,636.4,635.6,6.03,43.8,18.13,46.6,131.6,188.4,0.4179,0.4357,0.3688,0.4085,27.9,41.4,3.2,549.0,28.2,COOLING_DEGRADATION,0.8562,273.5
TRANSIT,4870.2,67.0,29.95,204.6,203.9,206.0,204.9,1385.7,1374.8,1383.6,1373.3,18.66,45.4,18.04,63.9,189.6,186.2,1.9788,1.4344,0.9351,1.5108,27.99,44.1,141.1,17977.4,-11.7,NOMINAL,0.0515,1477.3
DESCENT,3823.1,33.5,20.26,170.0,174.9,175.9,172.2,1072.7,1067.8,1097.5,1085.6,11.72,41.7,18.02,53.7,163.1,161.5,1.1156,0.8431,0.6035,0.8793,28.11,44.1,115.0,8070.3,12.7,NOMINAL,0.0003,1450.1
DESCENT,3777.2,36.2,20.44,167.2,166.6,164.6,170.3,1109.2,1092.0,1113.7,1117.7,11.44,45.2,17.72,49.5,163.1,155.2,1.3223,0.9042,0.5832,0.9843,27.98,40.1,115.0,7985.5,12.1,NOMINAL,0.0729,1454.3
CLIMB,5532.0,84.7,34.24,230.3,228.5,228.2,231.6,1437.2,1456.3,1444.8,1473.4,27.36,46.5,18.04,68.9,200.4,196.9,2.9417,2.1422,1.3588,2.2427,27.97,40.5,105.1,11967.4,5.9,NOMINAL,0.0379,1466.3
PREFLIGHT,1407.0,15.4,15.85,134.9,139.0,136.2,135.6,649.6,655.9,662.5,651.1,6.49,43.7,18.18,45.2,129.1,135.8,0.7282,0.5192,0.3182,0.5481,28.34,41.4,-1.3,535.6,28.2,NOMINAL,0.0325,1448.1
ISR_LOITER,4547.1,57.5,26.78,198.7,202.5,196.3,198.1,1333.3,1340.5,1326.1,1334.5,16.35,43.6,17.75,44.5,207.8,175.8,3.0039,2.3595,1.4444,2.3578,28.18,42.2,127.2,21928.0,-20.7,LUBRICATION_FAILURE,0.5113,581.9
ISR_LOITER,4625.6,56.7,26.55,198.6,190.5,190.4,194.5,1303.4,1289.3,1325.7,1304.9,15.57,45.0,17.69,59.6,180.5,174.5,1.5999,1.1467,0.8568,1.2395,28.1,41.2,125.4,21899.7,-21.4,NOMINAL,0.0679,1436.5
ISR_LOITER,4594.0,57.2,26.53,199.6,197.4,197.1,199.7,1316.8,1299.7,1311.3,1301.7,16.01,43.9,18.03,58.8,181.1,173.9,1.6039,1.1581,0.7788,1.2275,28.0,42.1,126.0,21957.8,-22.8,SENSOR_DRIFT,0.0302,943.1
TAKEOFF,5839.9,99.0,37.81,238.4,243.2,246.4,242.8,1520.6,1525.6,1497.2,1516.2,32.11,41.6,18.25,73.7,209.5,205.5,3.5798,2.6502,1.7957,2.7727,28.24,44.0,84.6,1200.5,28.3,INJECTOR_CLOGGING,0.2202,808.9
ISR_LOITER,4599.2,58.8,27.24,191.9,194.2,193.7,197.2,1313.7,1302.8,1304.1,1301.6,15.95,44.1,18.16,57.5,181.7,175.9,1.6,1.1554,0.7964,1.2287,28.11,39.4,122.8,22014.7,-24.6,NOMINAL,0.0067,1456.7
ISR_LOITER,4659.4,59.1,26.63,191.0,196.0,193.0,192.1,1324.2,1325.6,1345.3,1344.6,15.5,44.8,17.97,57.3,178.0,176.1,1.6996,1.2225,0.8218,1.2985,28.31,41.7,123.7,21900.5,-22.6,NOMINAL,0.0466,1479.2
ISR_LOITER,4610.7,56.9,26.04,195.3,196.3,197.6,198.2,1312.3,1339.8,1316.6,1315.9,15.63,44.5,18.01,58.2,183.4,173.2,1.6852,1.1113,0.7381,1.2409,28.06,39.1,125.9,22061.0,-21.1,NOMINAL,0.1053,1451.0
ISR_LOITER,4561.4,57.9,26.39,201.1,200.6,202.7,197.5,1314.9,1326.3,1340.4,1347.3,15.3,46.8,17.89,58.6,178.9,174.8,1.7445,1.1678,0.7529,1.2876,28.3,43.5,122.0,22018.4,-21.5,NOMINAL,0.0927,1456.7
TRANSIT,4892.5,67.3,29.15,202.7,205.2,198.7,200.0,1369.8,1361.4,1348.1,1358.3,18.7,44.7,18.07,60.0,188.7,177.8,1.9625,1.5071,0.8803,1.5163,28.11,39.8,140.2,18007.6,-13.3,NOMINAL,0.0976,1445.1
TRANSIT,4885.5,69.8,29.04,206.3,204.5,202.5,207.5,1383.6,1377.3,1377.9,1369.6,18.98,43.5,18.28,49.3,214.0,182.7,3.9109,2.8387,1.9542,3.0096,28.14,42.7,136.9,17966.3,-10.2,LUBRICATION_FAILURE,0.5643,630.5
DESCENT,3833.3,36.6,20.34,170.1,170.3,170.9,168.5,1093.2,1105.8,1078.6,1092.2,11.1,44.7,18.27,52.9,165.2,156.9,1.1093,0.9485,0.6127,0.9139,28.38,40.9,115.1,7991.6,12.9,NOMINAL,0.004,1452.2
RECOVERY,2251.5,22.5,17.62,148.7,151.8,147.5,149.0,818.5,843.0,825.7,859.9,7.16,46.1,18.11,46.7,147.2,144.0,0.798,0.6424,0.3879,0.6324,28.03,44.4,64.7,772.2,24.9,NOMINAL,0.0548,1485.2
TRANSIT,4940.8,68.3,27.61,201.1,200.1,212.5,199.0,1381.4,1392.5,1339.3,1381.1,17.46,40.2,18.11,61.8,186.6,186.3,1.8622,1.4031,0.927,1.4486,28.25,44.0,137.7,18023.8,-11.7,INJECTOR_CLOGGING,0.4572,688.7
TRANSIT,4859.7,69.5,29.62,199.7,202.0,206.2,204.5,1356.1,1386.6,1364.6,1356.5,18.52,45.6,17.73,61.5,191.1,179.3,1.9281,1.406,0.9768,1.4887,28.04,42.4,138.1,17899.9,-13.4,NOMINAL,0.0659,1442.3
CLIMB,5333.5,84.8,34.17,226.3,189.1,227.2,224.2,1467.1,1240.7,1456.7,1465.6,27.5,45.9,17.97,68.6,203.0,198.5,9.3192,6.9803,4.6265,7.2336,28.39,40.5,105.9,11972.4,5.9,CYLINDER_MISFIRE,0.8219,338.1
TRANSIT,4899.6,67.6,29.16,208.1,206.2,204.8,206.9,1382.1,1347.8,1401.5,1405.9,18.17,45.7,17.79,59.5,187.1,179.2,1.9427,1.4778,1.038,1.5314,28.21,43.3,140.8,18014.4,-13.0,NOMINAL,0.0116,1459.1
RECOVERY,2214.8,19.9,17.82,154.9,154.2,154.5,156.8,824.1,828.1,836.5,856.0,7.82,44.9,18.12,49.3,146.0,150.2,0.814,0.6294,0.4248,0.6427,28.14,41.8,66.0,751.2,25.3,NOMINAL,0.0288,1477.0
RECOVERY,2193.5,22.0,17.54,154.4,155.6,156.0,150.3,831.9,851.2,839.0,823.5,7.99,46.2,17.76,46.2,151.0,146.2,0.8973,0.6927,0.3274,0.6812,28.06,43.5,62.3,746.4,25.8,NOMINAL,0.0997,1477.3
PREFLIGHT,1414.1,15.2,15.96,137.1,138.2,137.3,137.1,665.6,664.6,663.2,658.6,6.41,46.3,18.05,36.4,149.7,139.3,1.1299,0.6545,0.6428,0.8403,28.06,42.3,1.0,503.5,27.9,LUBRICATION_FAILURE,0.4578,752.9
ISR_LOITER,4584.0,58.7,26.18,197.1,198.7,196.3,194.7,1331.0,1318.9,1356.3,1332.5,15.05,44.2,17.96,56.1,177.4,174.3,1.6433,1.257,0.8558,1.2926,28.11,38.0,128.6,21989.1,-22.4,NOMINAL,0.0138,1476.0
TRANSIT,4869.1,66.9,25.73,203.7,204.8,229.1,206.7,1375.6,1367.3,1268.7,1385.8,15.64,35.9,18.31,64.5,190.5,183.3,1.9406,1.4336,0.9548,1.4981,28.03,40.3,138.2,17899.6,-13.2,INJECTOR_CLOGGING,0.9145,246.9
PREFLIGHT,1399.9,14.8,15.77,140.9,137.5,138.4,134.6,659.4,644.8,656.9,650.3,7.09,47.2,18.13,45.6,130.5,134.1,0.5382,0.3935,0.2683,0.4149,28.26,41.6,-4.1,628.3,27.8,NOMINAL,0.0474,1465.7
ISR_LOITER,4592.5,58.4,26.4,191.2,192.5,197.2,192.9,1323.7,1344.6,1338.1,1342.9,15.83,43.7,18.05,59.9,179.0,173.2,1.5861,1.1875,0.7839,1.2302,27.67,42.4,128.3,22011.4,-21.6,SENSOR_DRIFT,0.3981,647.5
DESCENT,3854.5,34.6,19.93,158.4,166.4,160.0,164.2,1101.3,1113.2,1101.2,1098.8,11.33,44.4,17.9,52.3,164.4,161.3,1.1295,0.9571,0.6235,0.9275,28.2,39.7,116.7,8098.1,11.5,NOMINAL,0.0303,1470.9
DESCENT,3772.6,34.2,19.97,169.9,171.4,168.8,172.1,1099.7,1081.5,1089.8,1069.7,10.95,46.2,17.73,47.4,173.9,158.8,1.3571,1.104,0.8457,1.1219,28.42,41.9,114.5,8118.0,11.1,LUBRICATION_FAILURE,0.1468,902.0
TRANSIT,4884.0,69.5,28.87,200.8,202.4,198.3,200.9,1370.1,1370.8,1369.2,1362.3,19.11,46.0,17.98,61.8,187.1,180.7,1.8875,1.4817,0.9277,1.4853,28.39,41.0,143.0,17985.1,-11.3,NOMINAL,0.0713,1457.8
ISR_LOITER,4499.7,58.4,26.65,195.2,182.1,198.8,198.1,1308.8,1207.0,1306.3,1298.1,15.55,44.8,17.7,58.8,177.1,174.2,3.0334,2.1398,1.4169,2.294,28.36,40.4,126.9,22022.0,-23.3,CYLINDER_MISFIRE,0.3067,730.1
ISR_LOITER,4604.3,57.9,26.54,194.4,193.2,194.1,191.5,1302.1,1324.0,1347.5,1342.5,15.14,43.7,17.88,57.7,177.9,173.8,1.682,1.14,0.8281,1.2668,27.36,45.6,123.6,21944.1,-23.7,SENSOR_DRIFT,0.5304,655.8
DESCENT,3802.1,34.6,19.9,171.5,167.4,170.5,169.7,1147.5,1142.0,1128.4,1129.1,10.75,45.8,19.11,52.2,165.5,159.3,2.1993,1.5161,1.0084,1.6485,28.34,39.9,113.7,7986.1,12.5,COMBUSTION_INSTABILITY,0.3518,779.2
ISR_LOITER,4603.8,57.0,26.97,194.0,196.0,189.1,196.5,1290.7,1322.0,1332.1,1304.1,16.29,44.4,17.85,45.8,198.9,175.3,2.7273,2.2026,1.381,2.1754,28.19,42.3,131.0,22064.1,-21.2,LUBRICATION_FAILURE,0.4246,788.4
TAKEOFF,5811.9,98.0,38.79,250.2,250.2,248.9,248.1,1499.5,1529.1,1508.3,1516.8,32.39,45.5,18.1,71.6,210.5,207.6,3.511,2.7135,1.8286,2.7709,28.32,43.4,86.4,1259.7,26.6,NOMINAL,0.1067,1430.6
ISR_LOITER,4576.6,58.2,26.41,199.3,185.2,197.5,199.3,1315.9,1270.1,1319.8,1313.1,15.35,44.8,18.17,56.6,177.9,173.8,2.6681,1.9417,1.3428,2.0569,28.43,42.0,124.2,22055.9,-23.2,CYLINDER_MISFIRE,0.2396,896.1
RECOVERY,1993.0,22.2,17.06,160.0,132.3,154.8,161.4,849.8,650.9,850.2,826.6,7.86,44.9,17.72,50.2,147.9,148.4,2.2186,1.6385,1.136,1.7221,28.26,44.3,65.4,870.0,24.1,CYLINDER_MISFIRE,0.6325,584.7
TRANSIT,4920.3,69.8,29.33,200.1,204.8,206.4,206.5,1365.7,1382.3,1382.5,1379.4,18.52,44.9,18.11,63.0,187.1,181.3,1.9215,1.3879,0.9246,1.4689,27.76,40.5,141.5,18050.4,-12.0,SENSOR_DRIFT,0.0993,833.0
TRANSIT,4910.7,66.5,28.75,203.1,203.6,205.6,203.4,1385.7,1398.5,1374.3,1410.0,18.4,45.4,17.79,63.6,188.5,182.5,1.9309,1.3474,0.9705,1.4704,28.31,39.7,139.5,17984.6,-12.0,NOMINAL,0.0649,1462.9
DESCENT,3818.0,36.0,19.59,169.8,171.7,172.2,171.4,1091.6,1076.9,1058.8,1053.1,10.8,43.8,18.01,51.2,163.1,158.8,1.173,0.8499,0.6019,0.9056,28.34,41.0,115.2,8103.5,12.2,NOMINAL,0.1009,1469.8
RECOVERY,2227.3,21.5,17.85,154.7,155.7,152.8,152.0,843.4,856.5,865.3,864.2,7.49,45.4,18.33,49.0,144.5,148.0,0.854,0.6357,0.5129,0.6823,26.66,40.5,63.7,863.9,25.2,SENSOR_DRIFT,0.9931,144.5
TRANSIT,4684.6,67.9,28.45,208.5,161.2,204.8,208.5,1393.2,1139.2,1380.3,1356.4,18.08,46.1,17.74,61.6,187.4,182.8,6.627,4.7777,3.3009,5.0872,28.1,42.8,136.4,18050.8,-12.7,CYLINDER_MISFIRE,0.8784,288.7
RECOVERY,2196.6,23.0,15.94,161.0,160.4,171.8,161.7,846.6,861.4,810.6,859.4,5.71,42.0,18.21,46.1,141.9,149.7,0.7483,0.6448,0.4856,0.6355,27.98,39.7,66.6,865.6,27.7,INJECTOR_CLOGGING,0.4428,765.9
TAKEOFF,5820.2,98.3,36.38,239.6,240.1,255.2,237.5,1489.4,1501.0,1444.0,1497.1,30.78,41.7,18.53,71.5,208.3,206.6,3.6682,2.6215,1.7441,2.791,27.99,40.9,86.7,1217.9,27.2,INJECTOR_CLOGGING,0.5469,495.9
TAKEOFF,5775.5,96.9,38.52,242.6,237.6,239.6,240.1,1527.8,1526.6,1525.5,1527.8,32.71,44.2,18.6,72.8,210.5,208.2,5.2292,3.9308,2.5571,4.0552,28.36,44.9,85.3,1096.8,28.1,COMBUSTION_INSTABILITY,0.2035,766.0
ISR_LOITER,4466.8,58.3,26.84,193.4,162.1,193.1,194.4,1338.6,1166.4,1347.6,1323.8,16.17,46.2,18.12,56.6,182.2,175.5,4.519,3.4713,2.3565,3.5602,28.07,40.7,126.5,22018.4,-21.2,CYLINDER_MISFIRE,0.6696,548.8
DESCENT,3665.5,35.7,19.86,165.2,146.7,166.7,164.3,1099.2,948.7,1096.1,1109.0,11.39,43.0,17.84,50.8,163.6,160.6,2.9736,2.1473,1.4135,2.2695,28.33,42.5,114.0,7980.6,11.7,CYLINDER_MISFIRE,0.5029,677.1
ISR_LOITER,4627.8,56.3,26.31,190.1,187.5,191.7,189.1,1318.7,1301.2,1317.9,1305.6,15.71,44.2,17.97,58.9,177.2,179.4,1.7786,1.17,0.8498,1.3235,28.02,39.5,128.9,22039.7,-21.8,NOMINAL,0.0841,1468.9
TRANSIT,4902.7,68.2,28.57,206.1,211.9,211.0,208.1,1362.2,1380.0,1375.4,1396.7,19.04,44.5,18.29,64.0,184.5,183.2,1.9978,1.401,0.8887,1.4994,28.65,44.4,140.6,17894.9,-12.4,NOMINAL,0.0102,1475.1
TRANSIT,4950.2,67.8,28.98,231.8,235.3,232.0,236.6,1384.9,1391.2,1359.6,1396.7,18.91,44.4,17.74,60.0,188.1,207.3,1.8992,1.4354,0.9643,1.4829,28.42,44.0,140.4,18036.4,-11.5,COOLING_DEGRADATION,0.4224,717.4
TRANSIT,4776.6,67.6,28.89,203.9,178.0,206.2,202.4,1391.7,1230.9,1389.7,1382.7,18.49,43.8,17.91,61.0,186.8,180.3,4.7666,3.444,2.4308,3.6738,28.25,42.5,139.8,18065.2,-12.7,CYLINDER_MISFIRE,0.5429,631.5
ISR_LOITER,4385.2,60.3,26.39,188.8,165.5,193.8,192.5,1315.5,1113.7,1317.9,1312.3,15.62,44.0,18.01,57.2,182.7,176.1,4.6032,3.5677,2.371,3.6304,28.21,41.8,127.4,21944.7,-22.1,CYLINDER_MISFIRE,0.6937,450.5
CLIMB,5504.6,86.4,34.03,225.9,223.9,229.7,222.4,1434.3,1450.4,1440.3,1469.2,27.42,43.1,17.78,66.2,200.0,198.9,2.9196,2.1255,1.3832,2.2327,28.14,42.1,105.3,11993.9,5.1,NOMINAL,0.0569,1460.7
CLIMB,5473.8,85.5,34.35,231.6,225.4,233.8,227.1,1446.5,1416.6,1470.8,1456.9,26.25,42.8,18.17,66.4,200.0,197.6,3.7607,2.6876,1.7801,2.8598,28.28,43.7,105.2,11885.2,5.8,CYLINDER_MISFIRE,0.1024,970.0
ISR_LOITER,4625.1,56.0,26.55,201.0,198.8,198.3,200.6,1320.0,1302.8,1334.7,1317.0,16.4,44.6,17.97,57.7,182.1,173.3,1.8415,1.3771,0.9223,1.4304,28.51,41.7,130.5,22056.1,-23.4,CYLINDER_MISFIRE,0.0457,995.1
TRANSIT,4871.5,68.2,28.64,205.6,203.2,207.7,201.7,1384.9,1379.1,1359.3,1371.0,18.31,46.1,17.97,65.1,187.4,182.2,2.0058,1.3494,1.0101,1.5127,28.1,41.6,140.5,17959.6,-9.3,INJECTOR_CLOGGING,0.0438,1193.5
DESCENT,3828.4,34.7,20.1,166.4,163.8,166.5,168.6,1115.6,1113.6,1109.4,1110.2,10.98,46.4,17.99,51.2,168.6,162.5,1.2078,0.8789,0.584,0.926,28.06,43.4,118.7,8028.7,13.6,NOMINAL,0.0459,1458.7
ISR_LOITER,4621.5,57.8,26.57,191.0,192.8,192.5,193.9,1301.8,1300.5,1293.5,1319.2,16.59,45.3,17.72,58.6,177.5,172.2,1.68,1.1488,0.7754,1.2574,28.34,42.7,126.4,22090.0,-22.5,NOMINAL,0.1026,1438.4
ISR_LOITER,4621.6,56.8,26.57,196.5,196.0,195.2,195.6,1305.1,1309.7,1300.9,1316.9,15.44,44.4,17.8,58.3,179.5,175.8,1.5469,1.1547,0.8219,1.2113,28.18,46.3,126.3,22007.0,-20.7,NOMINAL,0.0122,1469.8
ISR_LOITER,4625.1,57.7,25.96,193.3,187.2,190.6,189.9,1382.3,1332.3,1349.5,1349.6,15.51,45.3,18.18,57.2,179.8,173.1,1.5301,1.2247,0.8289,1.2286,27.92,40.9,124.4,21980.7,-22.3,NOMINAL,0.0827,1432.2
CLIMB,5498.1,87.8,34.19,230.0,232.8,230.6,229.8,1468.6,1453.4,1457.7,1446.6,27.49,44.4,18.24,67.3,203.3,200.6,2.7665,2.2365,1.4073,2.2088,28.46,40.3,106.4,12020.1,4.6,NOMINAL,0.0514,1457.6
TRANSIT,4924.1,68.5,29.24,264.3,267.2,266.3,265.9,1385.1,1397.2,1366.9,1386.8,18.35,44.4,17.95,60.5,187.3,237.6,1.9332,1.4815,1.0026,1.5207,28.28,41.2,137.8,17967.4,-12.3,COOLING_DEGRADATION,0.8909,211.3
RECOVERY,2099.1,22.6,17.59,154.9,134.1,154.1,155.0,846.9,703.2,864.8,845.7,7.26,43.9,18.06,47.2,148.0,150.9,1.8927,1.3543,1.0238,1.468,28.37,41.0,65.8,814.4,26.6,CYLINDER_MISFIRE,0.474,670.9
ISR_LOITER,4603.7,57.6,27.07,194.4,193.9,197.1,197.5,1307.3,1318.6,1309.0,1302.3,16.55,47.4,18.09,57.2,178.2,176.5,1.7145,1.2152,0.8604,1.311,28.19,41.3,125.8,21905.7,-22.4,NOMINAL,0.0935,1458.9
ISR_LOITER,4573.5,57.7,25.93,194.6,198.0,197.2,198.5,1350.8,1324.7,1348.7,1353.0,15.16,46.3,17.86,59.2,178.7,174.2,1.5589,1.1504,0.8442,1.2201,28.29,43.0,124.5,21993.4,-21.5,NOMINAL,0.017,1453.8
ISR_LOITER,4583.2,58.5,26.89,189.9,190.0,184.8,187.0,1336.3,1342.2,1358.3,1342.6,16.32,46.8,18.16,58.5,182.7,172.1,1.661,1.2997,0.8137,1.3052,28.31,43.7,124.5,22156.8,-23.1,NOMINAL,0.0091,1468.8
ISR_LOITER,4609.4,58.5,25.79,192.1,193.0,194.8,194.1,1331.2,1351.6,1315.7,1320.9,15.02,45.6,17.77,56.0,181.6,178.7,1.775,1.1951,0.6483,1.2909,28.18,43.9,123.0,21974.1,-21.6,INJECTOR_CLOGGING,0.0981,1121.7
ISR_LOITER,4631.2,58.8,26.82,198.0,201.2,200.2,201.0,1340.0,1341.1,1339.4,1333.2,15.92,46.2,17.97,57.3,180.5,175.9,1.5497,1.1795,0.7467,1.2042,28.26,41.6,127.9,22029.3,-21.2,NOMINAL,0.1096,1470.9
DESCENT,3761.0,35.0,19.93,174.2,176.3,173.6,173.6,1089.0,1084.0,1090.2,1097.3,11.36,45.1,18.17,54.4,163.9,163.9,1.1595,0.9268,0.6199,0.9288,27.21,39.6,112.7,7983.6,11.4,SENSOR_DRIFT,0.5906,517.5
ISR_LOITER,4614.6,56.9,26.42,198.1,191.0,195.2,197.9,1320.2,1348.5,1318.2,1339.3,15.5,42.8,18.22,58.8,179.9,171.8,1.7082,1.2673,0.7104,1.2947,28.24,42.9,122.8,22051.6,-19.5,NOMINAL,0.0215,1463.1
ISR_LOITER,4621.6,56.7,26.35,192.7,193.8,194.0,196.9,1320.1,1325.7,1313.4,1325.4,15.03,43.5,18.2,57.1,180.2,170.3,1.5695,1.1251,0.766,1.1994,28.22,42.2,124.5,22045.2,-22.4,NOMINAL,0.083,1447.7
ISR_LOITER,4593.4,56.8,26.56,196.7,192.7,195.7,194.9,1321.4,1318.5,1309.8,1295.1,16.12,45.0,18.02,58.0,177.0,175.5,1.6024,1.1957,0.8858,1.2625,28.22,41.8,124.7,21946.5,-21.9,NOMINAL,0.0446,1485.3
ISR_LOITER,4597.1,58.8,23.43,200.6,196.2,220.7,195.7,1319.6,1302.8,1211.8,1300.3,13.32,39.0,18.02,57.2,181.4,173.1,1.5405,1.2414,0.8272,1.2381,28.28,45.4,125.3,21980.0,-22.1,INJECTOR_CLOGGING,0.8434,322.7
ISR_LOITER,4547.5,57.0,26.27,222.8,220.9,221.1,218.5,1310.4,1297.4,1297.8,1313.2,15.46,43.8,17.78,57.8,184.1,201.7,1.496,1.1625,0.7767,1.1822,28.21,42.5,120.8,21938.8,-23.3,COOLING_DEGRADATION,0.4192,809.0
RECOVERY,2225.5,21.0,17.58,151.5,158.7,159.0,156.4,837.1,861.9,836.8,851.9,6.9,45.6,17.74,46.2,149.5,147.3,0.9108,0.7718,0.4669,0.7401,28.26,46.3,62.5,761.5,24.3,LUBRICATION_FAILURE,0.0989,1010.1
ISR_LOITER,4557.6,55.4,26.42,192.6,193.8,192.7,195.2,1306.8,1307.5,1305.5,1295.1,15.32,45.1,17.85,57.5,181.9,173.5,1.7858,1.3254,0.7997,1.3645,27.93,42.9,123.5,22007.6,-21.8,LUBRICATION_FAILURE,0.0573,1129.1
ISR_LOITER,4596.9,59.5,26.07,198.2,201.1,198.6,196.1,1328.0,1324.1,1321.9,1318.8,16.05,45.0,17.9,57.1,179.1,173.8,1.5675,1.2436,0.7814,1.2402,28.22,41.4,121.5,22010.9,-22.7,NOMINAL,0.0173,1475.3
TRANSIT,4916.7,67.7,29.11,199.2,193.9,201.3,201.8,1362.8,1358.0,1370.4,1354.7,18.35,44.8,17.83,63.9,190.5,180.1,1.84,1.404,1.0101,1.458,28.15,42.2,137.9,18076.1,-13.2,NOMINAL,0.1026,1463.2
ISR_LOITER,4644.5,57.0,26.81,194.9,197.3,196.1,194.8,1328.0,1310.9,1306.7,1299.7,15.59,42.4,18.0,59.1,182.9,174.2,1.6384,1.1792,0.7105,1.2355,27.89,41.8,120.9,21987.2,-22.4,NOMINAL,0.101,1453.2
ISR_LOITER,4556.0,57.3,26.25,197.3,199.5,198.2,198.1,1319.4,1298.0,1299.2,1325.3,15.56,46.9,18.28,58.1,179.0,173.1,1.7258,1.2076,0.7628,1.2934,28.18,41.6,128.5,22008.6,-22.0,NOMINAL,0.094,1449.1
CLIMB,5501.3,84.7,34.01,230.3,229.4,227.1,227.3,1467.7,1465.6,1461.8,1456.3,26.64,43.9,19.31,68.5,196.6,199.5,6.0273,4.5434,3.0436,4.6987,28.26,44.3,104.1,12054.0,4.6,COMBUSTION_INSTABILITY,0.5378,705.5
TRANSIT,4933.2,67.9,28.55,202.4,200.8,200.2,204.5,1357.0,1385.2,1369.1,1399.1,17.69,42.5,17.91,63.5,192.4,184.0,1.9116,1.3667,0.9118,1.4553,28.1,41.4,139.5,18010.0,-12.6,NOMINAL,0.1044,1429.5
ISR_LOITER,4627.4,58.1,26.45,190.7,193.7,191.1,190.2,1323.1,1345.0,1339.1,1331.4,16.18,45.4,17.64,59.4,181.4,172.8,1.647,1.1498,0.7787,1.2438,28.22,42.1,124.8,21918.9,-22.0,NOMINAL,0.0402,1479.4
DESCENT,3609.0,34.6,20.27,170.4,128.7,172.4,169.8,1128.1,838.2,1098.8,1115.2,11.19,45.7,18.3,52.6,165.7,158.9,4.261,3.1545,2.1288,3.2984,28.13,40.9,114.5,7976.3,12.8,CYLINDER_MISFIRE,0.9313,215.5
CLIMB,5468.1,85.6,34.17,226.8,221.2,228.7,226.4,1446.1,1462.0,1440.2,1450.9,26.9,44.5,18.31,67.2,201.1,198.6,2.8335,2.1376,1.4258,2.2084,28.12,41.4,105.6,11907.3,5.4,NOMINAL,0.0856,1462.2
ISR_LOITER,4585.6,58.2,23.74,192.6,195.3,219.8,194.5,1307.0,1340.3,1205.2,1320.1,12.32,36.0,17.71,60.3,176.8,173.9,1.568,1.1557,0.7565,1.2065,28.14,40.1,126.9,22077.9,-20.7,INJECTOR_CLOGGING,0.9019,227.2
ISR_LOITER,4521.3,60.4,26.51,196.2,184.7,201.3,194.8,1331.4,1266.5,1337.8,1329.1,15.62,43.5,17.82,60.4,180.4,173.8,2.8252,2.0543,1.3333,2.1587,28.11,39.9,128.2,22031.4,-21.4,CYLINDER_MISFIRE,0.2625,703.8
ISR_LOITER,4513.7,58.8,26.62,195.7,180.0,193.4,193.1,1302.8,1220.3,1316.7,1299.2,15.79,45.7,18.24,58.6,176.2,174.5,2.962,2.1196,1.5189,2.2784,28.4,42.8,126.9,22060.5,-21.9,CYLINDER_MISFIRE,0.2913,758.0
ISR_LOITER,4662.3,57.6,23.84,194.2,197.1,222.0,199.8,1321.5,1319.1,1222.5,1326.5,13.4,37.0,18.19,60.0,185.3,176.0,1.6872,1.2276,0.8316,1.2968,28.36,39.6,125.6,22016.3,-22.6,INJECTOR_CLOGGING,0.8703,290.8
TAKEOFF,5761.6,97.1,38.55,238.3,242.6,241.3,239.0,1500.7,1509.6,1495.7,1520.3,32.72,46.0,18.03,72.9,214.2,204.1,3.569,2.8264,1.865,2.8404,27.8,40.8,84.2,1301.7,27.1,SENSOR_DRIFT,0.2103,1076.0
TRANSIT,4692.1,68.6,28.96,203.8,166.4,206.4,205.4,1406.6,1140.8,1401.3,1411.9,19.4,46.4,18.05,62.9,189.5,177.9,6.4039,4.8808,3.2442,5.0119,28.14,42.6,141.0,17923.3,-13.4,CYLINDER_MISFIRE,0.864,301.1
PREFLIGHT,1389.6,14.5,16.43,145.6,142.2,143.9,140.1,633.9,639.8,653.3,646.6,6.13,45.3,18.03,46.8,128.9,132.2,0.7309,0.422,0.3602,0.5298,28.26,44.2,-1.2,543.6,27.7,NOMINAL,0.1115,1439.7
ISR_LOITER,4581.3,57.2,26.16,193.3,194.4,190.5,193.6,1307.7,1317.5,1319.5,1321.6,15.94,43.5,17.91,61.4,179.8,174.6,1.4461,1.21,0.7206,1.1654,27.83,42.7,125.9,21919.3,-23.4,NOMINAL,0.0116,1471.0
ISR_LOITER,4580.4,59.5,26.54,233.6,238.2,236.5,231.7,1312.4,1315.3,1329.4,1318.6,15.5,43.4,17.95,58.2,181.1,217.8,1.4854,1.2147,0.7913,1.1983,28.16,42.3,128.4,21985.0,-21.9,COOLING_DEGRADATION,0.6339,455.2
ISR_LOITER,4583.1,59.8,26.26,193.5,191.8,193.3,193.3,1301.8,1314.0,1320.8,1320.7,15.84,45.2,18.02,59.2,178.6,173.0,1.4396,1.2535,0.8112,1.1975,28.08,44.4,123.7,22075.4,-22.9,NOMINAL,0.0467,1481.6
TRANSIT,4904.5,66.7,29.01,199.0,203.0,198.1,202.1,1368.6,1345.9,1347.5,1364.1,17.44,44.9,17.9,64.2,191.2,182.7,1.8435,1.4295,0.9936,1.4639,28.3,38.5,137.0,18037.4,-13.3,NOMINAL,0.0059,1454.6
ISR_LOITER,4587.6,56.6,27.04,242.5,246.2,243.6,241.8,1316.6,1330.2,1332.0,1327.8,15.84,43.8,17.85,58.7,182.0,226.5,1.4628,1.1872,0.8112,1.1842,28.22,42.8,123.9,22061.4,-20.5,COOLING_DEGRADATION,0.8375,288.2
ISR_LOITER,4597.2,58.6,26.39,192.4,188.5,189.8,196.5,1326.7,1318.8,1348.3,1355.6,15.82,43.8,18.07,56.4,179.8,172.2,1.8164,1.5476,0.9954,1.4928,28.1,41.3,126.4,21979.1,-20.8,CYLINDER_MISFIRE,0.0634,1057.0
CLIMB,5477.7,85.0,34.13,230.6,226.1,230.7,235.2,1446.6,1434.4,1426.7,1440.4,26.9,46.8,17.56,69.5,201.1,199.1,3.5748,2.7027,1.793,2.7868,28.1,43.3,105.2,11960.7,5.4,CYLINDER_MISFIRE,0.1009,933.4
ISR_LOITER,4594.7,57.5,26.33,201.3,192.8,193.4,194.8,1319.0,1312.1,1309.3,1303.4,15.97,48.3,17.79,58.9,183.1,175.3,1.6271,1.1952,0.8895,1.2737,28.32,43.7,124.7,22034.0,-22.1,NOMINAL,0.014,1481.5
DESCENT,3588.8,35.9,19.91,165.8,128.0,167.3,167.1,1096.5,881.1,1093.0,1081.8,10.94,44.0,17.93,52.2,169.0,156.9,3.9559,2.8534,1.9654,3.0361,28.1,42.3,118.3,7925.9,12.3,CYLINDER_MISFIRE,0.7991,337.5
DESCENT,3808.8,35.6,20.11,172.1,168.7,172.9,172.9,1105.2,1105.4,1109.2,1106.3,11.24,45.4,18.25,54.2,163.0,159.2,1.2762,0.9335,0.5682,0.97,28.21,43.2,118.8,8117.7,10.2,NOMINAL,0.0621,1472.2
TRANSIT,4882.9,67.8,29.2,200.5,202.6,205.2,206.9,1360.8,1361.8,1363.9,1370.1,18.58,44.6,17.68,59.0,187.0,183.1,1.9005,1.526,0.8741,1.495,28.22,44.1,139.4,17936.1,-14.7,NOMINAL,0.0773,1474.2
CLIMB,5492.0,83.6,31.84,228.8,230.7,241.7,229.7,1468.5,1484.3,1415.8,1469.8,24.91,37.9,17.82,71.3,196.4,196.2,2.8102,2.176,1.3361,2.1922,28.27,40.8,102.6,11970.2,5.0,INJECTOR_CLOGGING,0.5349,687.9
DESCENT,3757.2,34.3,20.23,167.1,152.6,165.7,167.8,1090.4,1010.2,1098.3,1102.0,11.44,43.4,18.14,50.2,166.8,163.5,2.2219,1.6401,1.2141,1.7417,28.19,40.0,113.2,7956.8,13.2,CYLINDER_MISFIRE,0.3161,811.2
ISR_LOITER,4574.7,55.3,26.44,189.7,194.0,194.1,196.0,1328.6,1332.0,1312.7,1324.0,16.32,44.4,18.15,56.5,179.5,171.8,1.5926,1.1492,0.857,1.2371,27.23,39.4,122.5,22045.9,-22.8,SENSOR_DRIFT,0.7068,473.4
ISR_LOITER,4648.2,58.7,26.8,189.5,190.5,194.3,193.9,1318.5,1313.0,1310.4,1303.6,15.69,46.1,18.16,58.4,178.1,174.0,1.4917,1.1783,0.7163,1.1728,28.15,41.0,125.0,21960.9,-21.3,NOMINAL,0.0765,1460.0
CLIMB,5458.9,84.7,34.03,231.9,233.5,228.8,234.0,1466.8,1446.5,1460.1,1439.5,27.12,46.6,17.79,66.9,200.7,197.3,2.8153,2.2466,1.3793,2.2268,27.96,41.0,105.4,11936.0,4.3,NOMINAL,0.0904,1447.3
ISR_LOITER,4590.1,57.6,26.13,195.0,195.1,196.8,194.9,1344.3,1362.5,1335.8,1337.9,16.06,44.8,17.78,58.4,179.3,175.3,1.5774,1.1112,0.853,1.218,28.45,40.6,128.2,21994.7,-25.0,NOMINAL,0.005,1475.4
ISR_LOITER,4610.6,57.3,23.73,197.0,198.1,219.1,196.1,1322.8,1335.7,1217.3,1315.4,13.82,37.1,18.02,59.2,178.3,171.7,1.6658,1.2571,0.8422,1.2993,28.33,42.1,125.3,22011.5,-20.9,INJECTOR_CLOGGING,0.8462,303.9
RECOVERY,2173.5,23.4,17.3,154.8,156.3,155.8,154.1,831.9,841.3,849.5,853.1,8.31,44.2,17.85,29.2,179.6,145.1,1.9866,1.393,0.9274,1.4997,28.26,40.2,64.5,837.0,26.0,LUBRICATION_FAILURE,0.7774,350.6
DESCENT,3818.7,35.0,20.24,174.1,177.2,173.7,176.1,1067.1,1082.9,1065.6,1087.1,11.02,46.7,18.29,51.1,168.4,158.8,1.2543,0.8981,0.5789,0.9513,28.32,41.2,113.9,8000.3,12.9,NOMINAL,0.0577,1482.0
TRANSIT,4913.6,66.9,28.8,206.2,207.3,205.7,206.4,1371.4,1377.3,1362.4,1361.9,18.96,44.2,17.85,59.0,190.2,184.7,1.8984,1.4367,0.95,1.48,28.04,42.9,142.7,17999.9,-11.3,NOMINAL,0.0085,1496.4
RECOVERY,2137.4,23.5,17.32,153.6,148.1,152.6,155.3,854.0,794.8,846.0,859.6,8.04,43.4,18.2,48.6,146.9,147.7,1.2146,0.9841,0.5916,0.965,28.05,44.2,66.1,812.2,27.8,CYLINDER_MISFIRE,0.1626,999.9
TRANSIT,4904.8,68.0,28.86,204.8,203.5,205.7,205.5,1392.3,1381.5,1391.4,1392.5,18.85,44.1,17.94,64.3,187.5,181.9,2.0461,1.3713,1.0158,1.5383,28.14,42.3,140.6,17988.4,-12.9,NOMINAL,0.0162,1491.9
ISR_LOITER,4583.5,57.1,26.03,198.7,198.1,199.0,196.3,1312.8,1325.9,1312.4,1325.0,16.17,45.8,18.01,59.8,182.2,173.6,1.5307,1.1736,0.7845,1.2022,28.38,43.2,125.3,22008.6,-23.1,NOMINAL,0.0596,1458.6
DESCENT,3768.2,35.1,19.24,165.6,162.9,165.2,166.3,1115.2,1110.3,1110.0,1113.0,10.53,46.5,18.25,51.1,159.0,162.7,0.9799,0.9227,0.5775,0.8456,28.11,41.4,115.3,7892.8,11.8,NOMINAL,0.0481,1457.0
PREFLIGHT,1364.3,15.9,15.78,204.7,208.5,206.0,206.8,634.4,635.5,642.8,652.0,6.26,45.5,18.2,44.3,128.0,194.0,0.5291,0.3874,0.355,0.4305,27.92,42.9,-2.5,589.6,28.4,COOLING_DEGRADATION,0.9397,179.0
CLIMB,5508.4,85.0,33.79,233.4,231.3,227.2,232.0,1472.8,1476.1,1463.5,1477.2,26.69,46.7,19.61,68.0,201.0,197.4,5.5262,4.102,2.7739,4.284,28.26,42.4,106.5,11981.8,7.7,COMBUSTION_INSTABILITY,0.441,663.9
ISR_LOITER,4583.7,58.8,25.64,191.1,194.1,197.5,195.4,1303.3,1330.9,1303.6,1321.9,15.1,44.7,17.76,61.1,178.6,173.0,1.6372,1.185,0.9073,1.2791,26.54,42.1,126.4,21988.9,-21.8,SENSOR_DRIFT,0.9473,170.2
CLIMB,5448.2,85.8,33.74,227.4,222.5,224.7,224.0,1475.0,1409.9,1471.2,1439.3,27.23,45.0,18.08,69.2,201.9,198.9,3.9704,2.9951,2.0155,3.0982,28.28,40.6,104.5,11995.0,4.3,CYLINDER_MISFIRE,0.1408,840.9
DESCENT,3552.5,34.3,20.01,169.3,130.9,170.6,167.7,1093.6,841.4,1083.7,1079.0,10.79,45.0,18.03,55.0,169.1,158.9,4.0646,3.03,2.0751,3.1627,28.01,39.9,113.5,7969.5,11.3,CYLINDER_MISFIRE,0.8754,256.9
CLIMB,5468.9,85.5,34.54,253.9,257.3,257.3,258.4,1447.7,1464.9,1452.3,1459.5,27.06,44.5,17.96,70.1,201.6,230.3,2.8794,2.1158,1.5408,2.2466,28.17,42.2,104.1,12024.9,3.2,COOLING_DEGRADATION,0.4741,728.3
CLIMB,5426.0,83.3,33.78,228.0,230.7,227.0,225.1,1465.7,1453.0,1453.1,1479.6,27.37,44.5,18.36,69.2,200.8,196.6,2.6353,2.0487,1.3754,2.0844,28.02,42.2,100.9,12066.5,4.5,NOMINAL,0.0796,1443.7
TRANSIT,4884.0,68.4,29.04,209.4,206.9,208.0,208.0,1390.9,1392.2,1382.4,1382.7,18.64,47.3,17.65,60.6,186.2,179.4,1.8364,1.4476,0.9973,1.4677,28.23,42.3,138.2,17866.8,-11.6,NOMINAL,0.0489,1465.9
DESCENT,3833.3,34.3,19.86,197.2,197.6,199.6,196.7,1110.6,1111.1,1102.0,1114.0,11.16,45.9,17.88,52.9,164.3,194.3,1.2283,0.8761,0.5786,0.9329,28.17,42.1,116.1,8011.9,9.0,COOLING_DEGRADATION,0.5168,655.2
DESCENT,3789.4,33.8,17.95,172.3,171.2,193.7,175.6,1084.9,1101.7,1047.0,1105.4,8.85,39.1,18.34,51.5,161.4,162.1,1.1145,0.8105,0.6763,0.8862,28.31,41.5,117.3,8048.8,11.3,INJECTOR_CLOGGING,0.7395,323.6
ISR_LOITER,4604.8,57.1,26.75,188.0,192.6,186.2,188.9,1314.3,1317.0,1311.3,1324.4,15.89,42.9,18.12,55.6,180.1,178.5,1.5312,1.1821,0.7606,1.2,27.15,42.5,128.2,21998.2,-20.8,SENSOR_DRIFT,0.5247,670.9
ISR_LOITER,4458.4,58.6,26.27,189.0,160.4,187.6,189.4,1338.8,1158.5,1314.8,1318.3,15.08,45.4,18.04,58.4,179.1,176.3,4.4413,3.4058,2.1775,3.4673,28.33,42.6,126.3,21983.8,-20.2,CYLINDER_MISFIRE,0.6394,496.9
ISR_LOITER,4424.3,58.8,27.06,198.8,170.2,200.1,196.2,1327.3,1157.2,1321.6,1338.5,15.72,43.5,17.88,59.4,177.9,173.1,4.4695,3.242,2.2423,3.4407,27.89,42.7,124.8,22081.7,-23.9,CYLINDER_MISFIRE,0.6312,552.8
CLIMB,5455.8,85.4,34.68,228.5,227.0,227.7,225.7,1447.0,1475.9,1459.7,1466.4,27.18,43.9,17.74,67.1,200.4,196.3,2.7626,1.9794,1.3981,2.1217,28.21,42.0,103.0,11950.7,3.9,NOMINAL,0.0546,1450.8
ISR_LOITER,4424.1,58.1,26.4,192.1,160.6,190.9,188.6,1310.6,1139.6,1331.1,1326.1,15.6,43.0,17.76,58.7,180.8,173.7,4.5302,3.5375,2.1932,3.5518,28.2,40.2,122.7,22020.9,-20.3,CYLINDER_MISFIRE,0.6613,513.5
ISR_LOITER,4622.6,57.8,26.75,202.0,205.0,205.0,202.2,1316.3,1332.9,1317.4,1321.3,15.92,44.8,18.0,56.8,181.1,174.2,1.7226,1.2071,0.8515,1.3102,28.29,43.7,124.1,21940.8,-22.9,NOMINAL,0.0385,1478.6
ISR_LOITER,4575.7,56.7,26.3,198.1,199.2,202.2,193.3,1288.3,1304.4,1297.7,1274.0,15.62,43.9,17.67,57.4,177.3,173.3,1.7039,1.3119,0.7549,1.3158,27.44,42.9,123.3,21951.5,-21.4,SENSOR_DRIFT,0.4335,602.7
TAKEOFF,5801.6,97.6,38.53,241.5,244.6,242.8,245.4,1514.7,1520.6,1518.4,1522.8,32.59,45.0,18.16,72.6,214.9,210.2,3.5437,2.6683,1.7357,2.7502,28.44,41.3,85.5,1139.6,27.1,NOMINAL,0.0353,1460.7
ISR_LOITER,4555.8,58.6,26.56,197.0,201.5,199.0,201.8,1314.5,1335.4,1327.2,1331.1,15.53,45.6,17.81,55.7,178.5,173.5,1.5748,1.2428,0.7533,1.2372,28.32,42.9,127.0,21981.6,-20.4,NOMINAL,0.0851,1436.9
ISR_LOITER,4437.1,56.9,26.21,192.0,164.5,193.6,194.0,1320.8,1131.3,1318.3,1309.1,15.92,44.7,18.0,57.5,176.4,174.5,4.5157,3.4076,2.2583,3.5168,28.06,41.2,121.8,22033.9,-22.9,CYLINDER_MISFIRE,0.6401,422.9
ISR_LOITER,4609.3,58.3,27.04,194.5,194.6,193.8,195.8,1331.4,1339.0,1342.4,1343.2,16.03,45.9,18.62,57.4,180.7,175.7,2.4958,1.9187,1.2362,1.9527,28.0,38.9,125.4,22051.4,-22.2,COMBUSTION_INSTABILITY,0.2469,886.9
TRANSIT,4939.6,67.6,29.32,207.5,209.7,206.5,207.1,1411.8,1389.9,1396.8,1382.0,18.29,45.9,18.05,61.7,184.7,178.5,1.7461,1.4465,0.8971,1.4078,27.94,40.7,136.2,17969.6,-12.7,NOMINAL,0.0741,1480.5
ISR_LOITER,4612.7,57.5,26.26,199.4,195.5,195.6,190.8,1297.4,1292.9,1306.3,1292.3,15.66,44.9,18.28,55.6,176.5,170.5,1.6865,1.2578,0.7396,1.2875,27.99,43.4,122.1,21985.7,-22.5,NOMINAL,0.0772,1457.7
ISR_LOITER,4388.9,57.4,26.52,196.4,159.5,193.9,194.5,1319.0,1080.1,1303.3,1301.1,15.66,44.7,17.78,58.0,180.0,176.9,5.2433,3.7587,2.6002,4.0158,27.9,42.9,126.1,21949.8,-21.7,CYLINDER_MISFIRE,0.7972,369.9
PREFLIGHT,1374.1,14.2,16.15,132.9,134.3,137.6,137.4,622.5,603.8,642.9,609.5,6.34,44.5,18.08,47.0,130.4,136.4,0.846,0.5109,0.2185,0.5844,27.15,42.8,-0.9,539.9,25.5,SENSOR_DRIFT,0.3562,762.9
DESCENT,3813.4,34.6,19.86,169.7,171.6,169.7,171.7,1080.6,1096.4,1094.4,1073.9,10.71,41.9,18.02,50.8,164.4,162.7,1.1999,0.9175,0.5758,0.9333,28.09,39.8,116.4,8077.2,13.2,NOMINAL,0.0801,1459.1
TRANSIT,4870.3,68.3,29.1,198.7,199.2,200.2,199.0,1359.8,1377.2,1378.4,1370.9,18.21,45.5,18.26,61.6,190.7,185.9,1.9781,1.4622,0.9673,1.5261,28.3,42.6,137.6,18066.5,-11.9,NOMINAL,0.0925,1432.1
TRANSIT,4893.7,68.2,28.87,202.2,199.5,199.9,196.2,1367.6,1387.8,1393.7,1359.6,17.96,46.5,17.83,61.3,186.6,183.8,2.0339,1.4294,0.928,1.532,28.17,43.3,141.1,17987.5,-12.0,NOMINAL,0.0613,1473.6
ISR_LOITER,4582.1,58.3,26.49,194.1,198.2,194.9,195.0,1314.6,1305.6,1307.0,1317.9,15.46,44.9,18.23,57.0,179.8,174.4,1.6402,1.2087,0.7658,1.2567,28.12,41.0,123.6,21912.3,-21.8,NOMINAL,0.0654,1447.9
TAKEOFF,5788.5,96.7,38.54,235.8,239.3,239.5,242.0,1512.9,1524.4,1506.2,1509.9,32.1,44.7,18.17,73.3,210.4,202.3,3.4876,2.6851,1.7661,2.7381,28.3,42.7,85.7,1171.4,27.1,NOMINAL,0.0726,1472.4
TAKEOFF,5808.3,98.3,38.17,240.2,237.2,238.3,239.6,1504.5,1520.9,1521.7,1490.9,32.64,46.2,17.92,70.4,211.8,201.8,4.2078,3.1227,2.1387,3.2676,28.25,44.6,86.6,1170.1,27.0,LUBRICATION_FAILURE,0.099,1107.8
RECOVERY,2205.4,22.5,16.87,154.4,153.7,152.6,153.4,862.9,853.4,865.2,863.2,7.33,44.5,17.75,49.7,146.0,148.6,0.843,0.4342,0.4848,0.6149,27.8,43.3,65.2,746.8,26.1,NOMINAL,0.1179,1433.4
ISR_LOITER,4612.2,56.7,26.07,197.2,194.9,198.3,197.6,1332.5,1336.3,1342.1,1331.4,15.4,45.9,18.19,56.5,180.7,175.7,1.5117,1.2194,0.8259,1.2185,28.28,41.6,125.6,22008.5,-21.9,NOMINAL,0.0391,1478.4
TRANSIT,4924.2,68.0,28.81,204.3,207.4,208.9,209.4,1369.9,1372.4,1371.7,1383.0,19.02,44.1,18.28,62.2,187.6,181.3,1.8196,1.3716,0.898,1.4141,28.03,42.5,144.1,17960.0,-12.3,NOMINAL,0.0369,1475.8
ISR_LOITER,4623.4,57.3,26.09,191.9,194.4,193.6,193.0,1328.9,1335.7,1331.9,1330.9,14.99,44.5,17.67,56.3,181.9,174.5,1.7256,1.2384,0.7615,1.3027,28.13,42.8,125.9,22043.9,-24.3,NOMINAL,0.0376,1470.8
CLIMB,5426.9,84.0,34.14,276.7,274.8,275.9,275.5,1466.8,1459.5,1443.6,1467.5,26.97,45.6,17.82,67.5,198.9,248.9,2.8503,2.1878,1.3921,2.2247,28.01,40.4,106.7,12064.1,3.6,COOLING_DEGRADATION,0.757,393.3
ISR_LOITER,4586.5,57.0,26.92,195.9,195.9,194.0,195.3,1315.0,1318.2,1318.7,1329.1,15.49,46.6,17.97,58.5,182.0,176.0,1.6572,1.1627,0.7907,1.2548,28.31,43.1,125.3,22035.0,-22.8,NOMINAL,0.0767,1442.9
TRANSIT,4848.9,69.4,29.1,207.6,207.5,209.7,211.7,1394.8,1396.4,1379.4,1381.7,18.65,45.6,19.27,60.6,187.2,181.3,3.9403,2.9082,1.9415,3.0415,28.16,42.9,142.4,17960.1,-11.2,COMBUSTION_INSTABILITY,0.4793,580.8
ISR_LOITER,4577.4,58.2,26.53,199.0,199.4,201.0,197.6,1290.7,1300.6,1319.3,1312.8,15.77,44.0,18.01,58.8,179.8,177.6,1.6675,1.1921,0.8345,1.2778,28.21,42.5,124.5,22009.0,-23.5,NOMINAL,0.0958,1441.0
ISR_LOITER,4641.4,57.7,26.66,193.5,190.1,197.6,192.3,1327.9,1319.0,1313.1,1342.0,15.88,42.7,17.92,58.6,181.2,173.2,1.559,1.1594,0.7812,1.209,28.23,43.2,125.5,22013.3,-22.2,NOMINAL,0.0471,1440.8
CLIMB,5470.7,84.3,34.01,223.9,223.6,226.5,225.6,1459.1,1458.7,1444.6,1465.4,26.81,46.4,17.92,66.1,197.9,199.9,2.8435,2.0552,1.4109,2.1833,28.35,44.4,105.3,12016.1,4.8,NOMINAL,0.0415,1442.6
ISR_LOITER,4572.9,58.7,26.38,196.6,195.4,191.1,193.3,1313.5,1328.5,1306.8,1289.0,15.75,44.7,18.09,59.3,182.3,177.2,1.652,1.2631,0.7317,1.2727,28.16,42.0,125.9,21968.6,-22.7,NOMINAL,0.0001,1497.4
DESCENT,3791.1,35.0,19.78,167.7,167.8,167.8,170.2,1115.8,1090.1,1099.1,1100.3,10.59,48.3,18.02,50.2,167.1,160.3,1.1392,0.9418,0.6458,0.9313,28.3,42.8,113.6,7917.9,10.8,NOMINAL,0.0604,1472.1
ISR_LOITER,4645.1,57.0,26.44,257.5,257.0,261.2,259.8,1337.2,1336.1,1331.9,1340.5,15.65,44.1,18.28,56.9,179.9,235.4,1.5946,1.2121,0.8003,1.2453,28.07,41.4,126.3,22011.2,-21.6,COOLING_DEGRADATION,0.941,169.0
TRANSIT,4922.6,66.4,28.5,205.4,206.9,206.4,206.2,1388.2,1370.7,1375.9,1367.4,18.91,45.4,18.35,41.8,226.8,181.9,4.9313,3.6262,2.3986,3.7956,28.07,38.7,140.2,17984.8,-15.2,LUBRICATION_FAILURE,0.8495,245.3
ISR_LOITER,4641.7,57.9,26.87,201.0,198.0,202.8,197.6,1344.4,1328.9,1317.9,1307.2,16.15,44.4,17.93,36.9,217.2,178.3,3.9965,3.0796,2.058,3.146,27.98,42.9,122.7,21995.5,-22.4,LUBRICATION_FAILURE,0.8566,242.6
TRANSIT,4901.3,66.9,29.23,202.0,202.3,206.1,204.3,1376.0,1385.3,1399.5,1389.2,18.99,43.4,18.24,60.2,188.5,183.9,1.9104,1.4593,1.0012,1.5035,28.27,41.5,139.5,17957.7,-13.2,NOMINAL,0.0504,1457.4
TRANSIT,4703.9,66.8,28.85,209.7,172.6,204.6,206.4,1373.8,1178.7,1372.6,1365.2,19.07,46.4,17.98,59.6,186.8,183.5,5.9843,4.4219,2.938,4.6187,28.12,43.1,138.0,17972.6,-10.6,CYLINDER_MISFIRE,0.749,367.6
TRANSIT,4924.3,66.7,29.44,208.7,210.9,208.6,207.6,1395.6,1394.6,1408.1,1404.9,19.14,42.6,19.48,60.7,191.8,180.6,4.5079,3.4642,2.2468,3.5294,28.15,42.3,137.3,17926.4,-11.4,COMBUSTION_INSTABILITY,0.6119,518.7
ISR_LOITER,4613.7,57.7,25.08,196.2,195.9,209.5,196.5,1317.9,1310.9,1235.8,1292.1,14.09,40.6,18.07,60.0,183.2,173.7,1.4593,1.2041,0.8553,1.1988,28.14,42.1,124.7,22079.5,-19.7,INJECTOR_CLOGGING,0.4892,536.8
RECOVERY,2216.8,21.6,17.77,152.8,152.0,160.1,155.9,839.5,854.9,841.8,844.6,7.2,43.3,17.32,49.1,143.8,149.9,0.803,0.4907,0.3985,0.59,28.41,41.9,63.6,727.9,25.4,NOMINAL,0.0746,1464.6
CLIMB,5514.9,85.1,33.9,230.5,223.7,227.9,223.8,1485.1,1455.6,1473.5,1481.6,27.16,43.8,18.12,67.9,197.1,195.7,2.9315,2.111,1.3781,2.2323,27.97,41.1,105.4,12019.3,5.1,NOMINAL,0.049,1487.5
CLIMB,5482.9,83.1,33.97,229.5,230.1,230.5,231.5,1425.0,1454.1,1433.2,1438.9,27.43,43.5,18.18,67.1,203.0,195.3,2.7928,1.9307,1.4046,2.1213,27.95,41.6,103.2,12090.2,4.5,NOMINAL,0.0246,1474.5
ISR_LOITER,4516.6,58.8,26.13,199.5,200.1,202.8,200.5,1320.2,1327.0,1325.9,1323.3,16.61,44.7,18.03,57.1,185.5,174.4,1.6283,1.1425,0.7793,1.2334,28.35,41.8,127.4,22041.2,-22.1,NOMINAL,0.003,1457.4
TRANSIT,4877.8,67.3,29.2,205.3,206.2,205.3,204.7,1381.2,1379.8,1376.9,1359.1,19.24,45.4,19.29,63.2,187.8,176.2,4.12,3.1397,2.0685,3.2203,27.92,43.3,140.5,18017.1,-13.5,COMBUSTION_INSTABILITY,0.526,705.8
PREFLIGHT,1422.6,15.5,15.81,138.3,139.5,135.9,138.5,642.6,616.8,640.9,650.2,5.87,45.4,18.14,46.7,127.9,137.4,0.6026,0.3557,0.2879,0.4369,28.16,41.2,-2.5,511.9,27.9,NOMINAL,0.0416,1473.3
ISR_LOITER,4586.2,58.8,26.83,198.6,194.7,201.3,195.8,1343.0,1325.1,1337.9,1336.6,15.94,45.4,17.96,58.1,180.1,175.3,1.5894,1.1201,0.7791,1.2094,28.26,41.8,125.0,21969.7,-21.4,NOMINAL,0.0919,1460.0
ISR_LOITER,4561.0,57.8,26.65,197.6,197.1,195.5,195.6,1305.2,1319.3,1324.0,1311.1,15.82,45.4,18.17,57.5,178.3,174.3,1.6233,1.2142,0.7231,1.2426,28.15,40.5,125.1,22017.9,-21.0,NOMINAL,0.1112,1464.4
TRANSIT,4931.5,67.5,29.14,212.1,208.2,209.0,208.2,1354.9,1361.0,1357.7,1348.5,18.01,47.1,17.96,63.3,186.9,180.6,2.0192,1.414,0.9388,1.5229,28.24,42.9,138.9,17890.7,-10.8,NOMINAL,0.1106,1467.8
ISR_LOITER,4639.5,57.7,26.95,223.9,228.5,226.1,223.1,1321.5,1321.9,1307.0,1315.9,16.37,43.6,17.64,57.0,176.5,202.5,1.6914,1.1492,0.7966,1.267,28.31,43.8,125.7,21893.0,-22.1,COOLING_DEGRADATION,0.4611,764.7
DESCENT,3819.2,35.2,20.16,169.3,170.8,166.7,166.7,1117.0,1097.8,1103.4,1103.8,11.2,47.3,17.95,53.2,164.2,163.7,1.1343,0.9371,0.4829,0.894,28.16,42.8,112.1,7981.3,15.2,NOMINAL,0.0938,1449.3
TAKEOFF,5810.7,97.8,38.26,238.1,239.8,235.1,237.5,1529.0,1525.9,1532.0,1530.2,32.79,46.3,17.88,73.8,208.5,205.2,3.4936,2.6829,1.8764,2.7643,28.22,41.6,81.0,1196.8,27.1,NOMINAL,0.039,1473.5
PREFLIGHT,1388.1,16.2,15.69,145.7,146.8,145.0,144.6,648.3,627.4,620.3,654.4,6.07,44.0,18.04,44.8,127.4,136.9,0.6904,0.4626,0.3082,0.5118,28.2,42.2,0.7,476.5,28.8,NOMINAL,0.0701,1438.4
ISR_LOITER,4608.3,58.6,26.52,196.6,189.1,195.5,194.3,1317.0,1330.9,1310.2,1318.2,16.32,42.7,18.1,60.2,182.2,175.8,1.5232,1.2536,0.7686,1.2224,28.18,41.9,122.5,22064.7,-22.1,NOMINAL,0.1003,1467.6
CLIMB,5498.2,88.0,33.91,281.4,279.1,280.4,282.8,1461.4,1465.9,1477.6,1466.5,26.75,46.5,18.08,67.9,198.4,249.7,2.8938,2.0225,1.3389,2.18,28.3,41.2,103.4,11966.0,5.8,COOLING_DEGRADATION,0.7838,377.2
DESCENT,3789.3,34.2,19.82,167.4,168.8,167.4,167.0,1112.3,1060.5,1101.7,1100.5,11.41,46.1,17.76,53.4,165.8,159.2,1.2504,0.9107,0.5529,0.9484,27.9,40.0,113.6,8019.7,10.6,NOMINAL,0.0008,1466.4
ISR_LOITER,4610.3,58.4,25.88,196.5,198.0,199.5,197.9,1309.2,1299.9,1297.4,1311.1,15.19,44.1,20.09,58.4,179.5,174.4,4.5369,3.4517,2.3052,3.5502,28.26,40.8,123.2,21939.4,-21.8,COMBUSTION_INSTABILITY,0.8623,225.4
CLIMB,5488.2,84.6,33.82,234.4,230.9,234.7,230.9,1465.6,1454.4,1465.3,1437.4,26.5,43.8,18.41,69.6,200.5,197.2,2.7535,2.0636,1.4338,2.1522,28.21,43.3,106.1,12020.7,4.2,NOMINAL,0.0059,1451.0
ISR_LOITER,4580.3,58.2,26.73,189.8,193.6,195.7,194.3,1300.7,1320.0,1322.0,1333.8,15.57,44.9,17.76,56.0,180.1,177.9,1.6023,1.203,0.7367,1.2325,28.22,41.2,124.1,22085.4,-22.4,NOMINAL,0.0538,1449.9
TAKEOFF,5755.2,97.4,39.07,234.4,231.4,232.6,231.9,1501.3,1496.6,1467.6,1499.8,32.94,46.2,18.12,71.8,210.3,206.7,3.4779,2.8083,1.8504,2.7932,28.48,42.5,84.0,1223.2,27.8,NOMINAL,0.0578,1481.1
CLIMB,5548.2,84.4,33.84,224.8,223.9,224.9,226.6,1475.4,1448.8,1440.1,1447.1,27.31,48.0,18.03,68.7,199.5,198.3,2.8994,2.1485,1.3971,2.2341,28.24,41.4,107.4,12092.9,4.1,NOMINAL,0.1037,1463.9
RECOVERY,2221.4,21.6,17.78,150.6,148.4,150.0,152.5,847.7,853.3,863.3,840.0,7.6,41.6,17.72,49.1,143.9,148.6,0.6791,0.4375,0.3649,0.5118,28.11,41.5,67.9,697.5,25.3,NOMINAL,0.0147,1495.8
TRANSIT,4890.8,67.9,29.3,207.2,202.0,207.1,204.4,1390.0,1391.0,1393.7,1374.8,17.87,44.4,18.12,63.9,186.6,183.7,1.8829,1.4448,0.92,1.4696,28.04,40.6,140.2,18043.4,-12.4,SENSOR_DRIFT,0.1005,1186.9
TRANSIT,4917.6,66.9,28.65,203.5,201.1,204.2,198.8,1379.4,1353.2,1372.8,1360.7,18.33,43.9,17.58,61.3,185.6,179.1,1.8661,1.4081,0.9542,1.4578,28.27,40.2,137.2,18037.8,-12.3,NOMINAL,0.0694,1458.0
ISR_LOITER,4649.1,57.2,26.27,190.0,190.0,194.6,196.8,1328.8,1346.9,1344.8,1338.9,15.87,44.5,20.02,59.0,178.9,171.8,4.133,3.0828,2.095,3.2132,28.27,42.6,125.9,22009.7,-22.0,COMBUSTION_INSTABILITY,0.7374,448.8
ISR_LOITER,4546.0,57.5,26.41,198.3,198.3,199.9,197.7,1310.0,1306.5,1296.4,1292.9,16.64,44.4,17.66,57.3,178.7,172.7,1.5967,1.2113,0.6991,1.2255,28.22,43.1,123.1,21933.0,-23.0,NOMINAL,0.009,1490.7
ISR_LOITER,4587.0,58.1,26.05,195.5,194.4,192.1,189.2,1318.2,1321.2,1308.6,1304.6,15.47,45.7,18.1,56.2,178.1,172.6,1.732,1.209,0.849,1.3143,28.2,42.4,124.1,22066.3,-21.8,NOMINAL,0.011,1481.7
ISR_LOITER,4628.4,57.6,26.25,198.2,202.9,201.8,199.4,1298.5,1299.1,1309.5,1309.6,16.02,45.9,18.1,34.4,218.1,174.2,4.1666,2.9077,1.9362,3.1392,28.22,40.2,130.1,22027.7,-22.6,LUBRICATION_FAILURE,0.8318,250.8
ISR_LOITER,4609.7,57.6,26.79,195.1,194.4,196.5,197.7,1350.8,1349.9,1348.4,1340.8,15.63,46.9,17.76,58.4,182.3,173.0,1.5185,1.2172,0.8215,1.2196,28.15,42.7,121.7,21967.9,-20.8,NOMINAL,0.0383,1463.6
ISR_LOITER,4629.1,58.2,26.58,231.6,230.6,230.1,234.1,1311.1,1310.8,1310.8,1315.0,15.72,46.3,17.98,58.0,179.2,205.8,1.6241,1.1973,0.7588,1.2446,28.17,41.5,124.7,21905.5,-21.3,COOLING_DEGRADATION,0.4787,751.6
TRANSIT,4844.3,66.9,29.09,201.3,191.3,199.1,199.3,1336.5,1294.9,1353.3,1347.9,18.4,43.7,17.69,62.1,185.4,182.8,3.008,2.2973,1.5058,2.3518,28.64,41.4,140.6,17964.2,-11.1,CYLINDER_MISFIRE,0.2043,844.9
ISR_LOITER,4566.1,58.4,26.05,195.9,193.4,195.5,194.7,1302.6,1336.1,1324.9,1304.5,15.33,46.3,18.16,58.9,177.9,173.6,1.6961,1.2291,0.7579,1.286,28.39,44.8,123.8,21961.4,-20.6,NOMINAL,0.0141,1469.1
TRANSIT,4938.5,67.6,28.86,222.1,221.0,222.7,221.9,1365.1,1380.5,1380.8,1386.3,18.54,44.9,18.14,62.2,188.5,201.0,1.8512,1.4802,0.9497,1.4742,28.18,43.4,139.0,17978.0,-11.5,COOLING_DEGRADATION,0.2765,862.5
ISR_LOITER,4607.0,56.2,26.38,191.1,195.6,194.4,196.8,1295.5,1307.2,1322.6,1292.2,15.99,44.1,17.95,56.3,179.4,172.9,1.502,1.2485,0.7933,1.2171,28.24,42.1,127.6,22019.1,-21.5,NOMINAL,0.0643,1452.0
ISR_LOITER,4618.0,58.3,27.21,194.9,195.3,196.4,196.6,1314.7,1311.0,1316.0,1299.3,15.16,46.3,17.68,57.9,178.4,178.5,1.7508,1.2008,0.7845,1.3067,28.16,42.3,126.7,22168.4,-23.1,NOMINAL,0.0232,1483.0
DESCENT,3797.2,35.2,20.11,170.2,172.6,174.4,172.5,1080.2,1087.9,1085.7,1072.7,11.13,45.2,18.14,54.1,168.6,156.7,1.1849,0.9897,0.6387,0.9646,28.32,40.9,113.6,8032.9,11.5,NOMINAL,0.019,1492.6
TRANSIT,4656.9,69.9,28.7,206.2,167.0,201.6,201.2,1376.0,1151.3,1367.8,1393.4,18.38,44.6,18.39,64.7,186.7,183.5,6.4715,4.9026,3.2146,5.0415,28.0,41.9,141.6,17993.1,-11.2,CYLINDER_MISFIRE,0.8587,322.8
DESCENT,3643.5,33.7,19.41,171.8,142.0,171.6,171.9,1113.2,930.0,1110.5,1109.6,11.14,45.3,17.6,53.4,164.6,158.4,3.5709,2.5791,1.678,2.7215,28.31,41.3,114.2,8042.9,13.0,CYLINDER_MISFIRE,0.6728,404.8
ISR_LOITER,4566.3,59.1,26.17,193.4,195.0,194.0,195.0,1306.3,1313.1,1326.0,1307.9,15.35,44.3,17.94,56.8,177.4,176.5,1.6461,1.1941,0.8754,1.2783,28.57,44.0,120.8,22015.6,-22.8,NOMINAL,0.0366,1479.2
ISR_LOITER,4598.4,59.0,24.73,198.2,199.0,215.7,194.4,1309.2,1289.5,1230.5,1302.2,14.46,38.7,18.02,56.4,180.1,173.8,1.4672,1.1392,0.8281,1.1742,28.25,40.3,123.9,22012.4,-21.7,INJECTOR_CLOGGING,0.5348,695.8
ISR_LOITER,4616.9,59.6,26.97,197.8,190.4,196.2,196.1,1306.4,1309.9,1292.8,1295.4,15.29,43.6,18.96,57.7,182.0,178.9,3.0787,2.3542,1.5774,2.4158,28.07,41.3,128.4,22059.9,-20.7,COMBUSTION_INSTABILITY,0.4389,780.0
TRANSIT,4827.0,66.9,26.61,202.7,201.2,218.9,203.6,1385.9,1388.3,1307.6,1390.6,16.69,41.5,17.87,64.6,189.0,182.2,1.803,1.4902,0.8958,1.4461,28.53,43.1,137.4,18010.7,-10.0,INJECTOR_CLOGGING,0.5566,645.0
TAKEOFF,5799.7,97.1,37.36,246.3,243.4,251.7,245.2,1524.0,1511.1,1476.2,1510.9,31.34,44.8,18.19,72.9,210.3,207.1,3.6062,2.5924,1.733,2.7525,28.12,41.4,85.1,1259.3,27.4,INJECTOR_CLOGGING,0.3632,918.4
DESCENT,3804.5,33.9,19.95,162.0,165.8,171.6,170.5,1079.2,1082.9,1112.9,1111.5,11.29,45.9,18.06,51.5,165.6,161.3,1.2842,0.9197,0.6157,0.9788,28.01,40.8,111.4,8023.7,11.4,NOMINAL,0.0195,1446.0
ISR_LOITER,4595.0,58.1,26.59,253.1,255.6,253.2,252.6,1336.0,1315.0,1319.5,1315.4,15.61,47.0,17.76,57.6,181.6,239.1,1.6313,1.168,0.7947,1.2459,28.16,41.7,127.3,21969.7,-21.7,COOLING_DEGRADATION,0.9932,152.2
TRANSIT,4904.0,68.9,28.84,233.8,238.0,237.5,234.2,1373.9,1386.3,1387.1,1382.1,18.31,46.0,18.32,63.2,190.5,210.5,1.777,1.3919,0.9138,1.406,28.35,38.8,140.3,17992.3,-11.6,COOLING_DEGRADATION,0.4389,705.2
TRANSIT,4876.1,67.6,29.16,202.6,205.7,201.5,202.6,1396.0,1378.8,1378.0,1375.7,18.73,43.3,18.06,61.0,186.6,178.2,1.8919,1.3802,0.9392,1.4567,28.17,44.6,138.2,18025.2,-12.3,NOMINAL,0.0341,1474.2
RECOVERY,2202.5,23.2,17.39,157.0,159.7,156.2,158.5,857.8,863.6,871.2,875.6,6.57,44.0,18.27,48.0,144.9,150.0,0.604,0.5402,0.4495,0.535,27.95,42.1,60.9,773.0,27.1,NOMINAL,0.0872,1445.9
PREFLIGHT,1353.5,14.1,16.1,145.9,148.7,145.7,145.2,648.2,667.2,679.2,637.4,5.86,44.9,17.83,37.5,147.6,135.8,1.1404,0.7645,0.4699,0.8378,28.03,42.7,-2.2,537.1,27.5,LUBRICATION_FAILURE,0.3643,782.8
ISR_LOITER,4614.2,58.8,26.03,197.0,199.8,198.2,198.2,1345.0,1336.4,1340.6,1362.1,15.29,45.4,18.46,58.1,181.4,173.5,1.5301,1.1196,0.8046,1.1891,26.98,43.0,125.3,21979.3,-22.5,SENSOR_DRIFT,0.8284,334.0
CLIMB,5479.1,84.5,33.77,229.3,228.3,229.8,228.9,1465.8,1477.1,1499.0,1509.2,27.54,45.0,18.1,66.6,200.9,198.5,2.801,2.1409,1.4084,2.1918,27.77,41.1,103.7,11992.7,5.3,NOMINAL,0.0707,1469.6
DESCENT,3826.7,35.2,19.95,173.1,167.8,165.9,168.7,1082.5,1093.5,1080.8,1079.6,10.89,43.2,17.73,52.8,165.9,161.9,1.1863,0.9907,0.5538,0.9479,28.13,41.8,114.8,7958.8,11.0,NOMINAL,0.0593,1461.5
TRANSIT,4841.2,68.1,28.95,209.6,211.7,211.5,207.8,1379.5,1386.3,1388.6,1361.9,18.49,43.7,18.17,62.2,190.4,183.1,1.8273,1.4299,0.9126,1.4395,28.04,41.2,140.4,17951.6,-11.9,NOMINAL,0.0394,1471.4
ISR_LOITER,4594.9,57.6,26.65,196.0,195.4,197.5,194.7,1330.2,1328.2,1344.4,1334.0,15.83,42.4,18.07,59.1,181.8,174.6,1.6521,1.2274,0.6985,1.2548,28.37,41.8,125.5,21968.8,-21.3,NOMINAL,0.0853,1460.0
CLIMB,5327.8,84.7,33.9,227.7,198.0,226.7,227.4,1442.7,1246.1,1453.4,1469.0,27.47,46.4,17.91,66.6,200.0,196.8,8.4481,6.3791,4.2738,6.5911,28.38,42.8,105.3,11959.3,6.2,CYLINDER_MISFIRE,0.7249,345.3
RECOVERY,2219.5,21.6,17.75,154.9,154.9,152.2,154.4,880.3,890.3,868.1,858.7,7.39,44.9,17.93,49.2,142.3,148.1,0.9466,0.6627,0.5023,0.7274,28.18,41.0,65.6,761.9,25.5,NOMINAL,0.117,1471.4
CLIMB,5315.2,85.5,34.03,233.5,203.3,233.4,234.3,1479.1,1267.3,1466.5,1468.0,26.97,42.5,18.15,69.0,200.4,196.6,8.5735,6.2946,4.1758,6.5971,28.22,43.1,106.0,12028.7,6.2,CYLINDER_MISFIRE,0.7182,464.2
ISR_LOITER,4589.0,59.4,26.7,192.0,197.4,195.0,197.0,1335.9,1333.6,1310.8,1343.9,16.11,43.6,18.05,58.2,180.9,175.6,1.6507,1.1585,0.8165,1.2561,28.14,42.3,124.7,21979.9,-21.2,NOMINAL,0.1156,1465.0
TRANSIT,4912.9,67.6,29.3,203.2,210.6,205.0,204.9,1342.6,1346.6,1339.2,1313.5,18.56,47.2,17.72,64.5,187.4,185.6,1.9499,1.3923,0.9815,1.4949,28.4,39.8,140.2,18051.8,-12.3,NOMINAL,0.1149,1444.4
ISR_LOITER,4554.8,57.7,26.48,265.6,264.3,264.3,268.7,1283.6,1280.7,1281.5,1294.9,15.79,44.7,17.89,60.1,176.1,241.7,1.4881,1.2644,0.8405,1.2274,28.29,41.9,124.1,22009.5,-20.9,COOLING_DEGRADATION,0.9895,143.1
PREFLIGHT,1392.0,16.7,15.77,140.9,142.4,143.7,143.7,655.8,671.2,663.1,661.8,6.72,44.1,17.88,44.4,127.2,135.0,0.65,0.374,0.2476,0.4559,28.21,42.5,-0.5,480.4,29.3,NOMINAL,0.0104,1460.6
ISR_LOITER,4585.3,57.6,26.31,209.2,206.9,210.3,212.0,1348.3,1325.7,1333.5,1331.4,15.82,45.7,18.22,58.6,183.0,190.5,1.7148,1.1595,0.8349,1.2887,28.28,44.8,131.3,21981.2,-21.8,COOLING_DEGRADATION,0.1819,937.6
TRANSIT,4903.7,66.5,29.01,208.1,205.2,203.9,208.9,1380.4,1386.9,1385.7,1369.8,19.12,45.5,18.14,64.1,187.9,183.4,1.9229,1.4795,0.9375,1.5017,28.45,40.5,143.0,18079.1,-11.6,NOMINAL,0.1116,1435.6
ISR_LOITER,4616.8,57.9,26.66,194.6,196.2,199.9,197.6,1325.7,1330.6,1314.3,1317.8,16.18,42.7,17.89,58.1,182.4,172.3,1.6696,1.1755,0.833,1.2732,28.16,41.8,124.3,21987.2,-20.7,NOMINAL,0.0931,1462.1
ISR_LOITER,4577.0,58.3,26.5,194.9,192.1,193.6,195.8,1340.5,1343.8,1341.7,1357.4,16.01,44.3,18.45,56.7,180.2,177.6,1.5994,1.1871,0.8274,1.2453,28.24,40.9,126.6,21964.5,-23.3,NOMINAL,0.0025,1493.9
ISR_LOITER,4608.2,61.3,26.98,199.1,197.5,197.3,197.4,1324.8,1349.8,1319.4,1339.2,16.19,46.0,19.65,56.9,181.3,176.3,4.064,2.9457,1.9542,3.1098,28.23,41.7,125.9,22040.7,-22.6,COMBUSTION_INSTABILITY,0.6421,543.7
CLIMB,5493.1,84.9,34.6,230.8,234.9,233.1,234.7,1491.3,1455.7,1483.3,1465.9,27.57,44.5,17.84,69.4,197.0,196.8,2.753,2.0699,1.4398,2.1554,28.31,42.1,103.8,11999.9,3.9,NOMINAL,0.0637,1468.3
CLIMB,5467.1,85.3,34.22,229.8,232.5,233.0,228.3,1453.9,1441.3,1461.3,1461.9,26.05,44.0,20.5,64.8,203.2,199.0,8.5787,6.5868,4.4027,6.742,28.3,42.8,106.9,11949.5,5.3,COMBUSTION_INSTABILITY,0.9567,178.6
TRANSIT,4881.8,68.0,28.84,201.8,204.2,205.0,204.0,1377.6,1371.6,1355.5,1386.0,19.07,45.7,17.75,59.8,186.5,186.3,1.9299,1.4263,0.9563,1.4914,28.14,41.9,140.2,17971.2,-13.2,NOMINAL,0.0514,1484.7
ISR_LOITER,4392.4,57.3,26.7,197.9,158.6,197.5,195.5,1309.6,1093.6,1326.3,1300.6,15.74,45.8,17.79,57.4,181.1,173.9,5.1667,3.9347,2.626,4.0445,28.43,45.5,125.7,22004.7,-23.1,CYLINDER_MISFIRE,0.8199,292.9
ISR_LOITER,4432.9,57.0,25.93,194.5,174.6,198.9,197.2,1331.4,1195.4,1330.2,1335.0,15.65,45.3,18.04,58.0,179.5,176.2,3.9107,2.9281,2.0413,3.0569,28.34,41.0,123.5,21965.1,-23.8,CYLINDER_MISFIRE,0.5288,701.9
PREFLIGHT,1162.1,15.7,16.27,140.7,101.0,139.9,140.6,657.5,409.7,649.9,671.4,6.05,43.5,18.24,44.9,129.9,134.9,2.1481,1.4773,1.0787,1.629,28.25,43.4,-0.9,634.1,27.9,CYLINDER_MISFIRE,0.8617,265.8
TAKEOFF,5798.5,97.1,39.15,233.5,235.3,237.3,234.9,1488.8,1492.2,1499.9,1480.5,32.89,42.8,17.95,71.9,207.1,205.1,3.565,2.7146,1.8144,2.791,26.76,41.2,85.3,1260.6,27.8,SENSOR_DRIFT,0.8293,259.1
ISR_LOITER,4616.0,57.2,26.12,193.2,191.6,194.9,192.6,1315.8,1309.1,1337.9,1316.7,16.02,45.2,18.25,56.7,181.1,174.4,1.6151,1.1793,0.8957,1.2651,28.18,39.7,124.7,22006.7,-21.9,NOMINAL,0.0567,1456.0
ISR_LOITER,4568.2,60.1,26.74,198.9,193.6,196.6,196.3,1323.4,1317.4,1326.9,1322.8,16.09,43.0,18.64,58.9,181.0,179.1,1.55,1.1583,0.7837,1.2053,28.53,41.9,130.5,21973.4,-24.6,NOMINAL,0.0081,1491.1
RECOVERY,2216.2,22.4,17.19,150.8,152.1,154.0,153.3,834.5,859.5,833.2,810.1,6.97,45.1,17.73,50.0,145.5,150.7,0.8222,0.4546,0.4758,0.608,28.19,42.0,66.0,793.2,26.6,NOMINAL,0.0344,1482.2
ISR_LOITER,4606.0,58.7,26.74,196.9,195.9,193.1,191.3,1334.5,1324.5,1325.8,1305.1,16.12,43.8,18.21,57.8,177.3,175.4,1.6421,1.2366,0.8027,1.2741,27.9,44.2,126.2,22003.1,-20.7,NOMINAL,0.0812,1460.9
CLIMB,5351.1,83.2,34.22,233.9,211.6,237.1,231.0,1436.3,1279.8,1428.7,1440.9,27.13,47.2,17.51,68.8,198.4,195.6,7.0894,5.3503,3.5262,5.5172,28.16,42.0,105.8,12057.0,4.8,CYLINDER_MISFIRE,0.5499,635.5
ISR_LOITER,4602.5,58.0,26.51,245.8,244.8,244.4,247.6,1318.9,1303.1,1299.1,1324.4,15.44,45.3,18.16,58.4,183.2,230.3,1.6244,1.1748,0.786,1.2432,28.32,43.4,121.9,21961.4,-21.8,COOLING_DEGRADATION,0.8552,246.6
ISR_LOITER,4618.1,58.4,26.45,206.5,206.3,202.8,207.7,1307.9,1317.0,1305.0,1332.5,16.14,45.2,17.92,61.3,181.0,191.6,1.612,1.2108,0.8418,1.2614,28.23,42.4,125.8,22043.7,-22.8,COOLING_DEGRADATION,0.192,1060.2
CLIMB,5500.8,86.4,34.35,234.7,234.9,233.2,236.3,1477.5,1470.1,1480.1,1472.2,27.37,45.9,18.18,65.9,196.5,198.4,2.8171,2.1802,1.3702,2.2035,28.06,40.9,102.9,11976.0,3.8,NOMINAL,0.0623,1451.3
RECOVERY,2172.2,19.6,17.29,156.4,155.5,153.3,149.5,837.1,821.2,810.1,813.3,7.29,43.9,17.87,45.0,147.9,149.9,0.7387,0.6517,0.3766,0.6089,28.2,40.2,66.1,840.4,26.2,NOMINAL,0.036,1463.9
ISR_LOITER,4586.8,57.4,26.58,190.8,189.9,189.7,192.0,1300.3,1318.7,1331.6,1324.0,16.28,45.2,17.87,57.6,180.3,173.4,1.6487,1.3091,0.7416,1.2887,28.29,40.8,123.6,21981.2,-22.6,NOMINAL,0.0472,1462.7
RECOVERY,2210.4,22.0,17.8,153.5,152.3,155.7,157.1,872.0,867.1,875.4,872.8,7.42,44.1,17.9,49.4,147.5,147.7,0.7128,0.5397,0.337,0.5516,27.85,42.3,64.6,844.4,26.4,SENSOR_DRIFT,0.2717,847.1
PREFLIGHT,1339.0,12.8,15.62,139.1,141.5,139.1,139.2,646.4,643.9,652.5,668.9,6.39,45.3,17.94,45.6,129.1,133.4,0.6425,0.4159,0.2466,0.4643,28.26,40.0,0.8,520.3,26.7,NOMINAL,0.0702,1451.0
ISR_LOITER,4605.4,58.7,26.71,246.1,248.2,247.3,249.5,1320.5,1318.1,1325.9,1326.0,16.29,45.2,18.41,59.4,184.2,229.6,1.7815,1.2429,0.7488,1.3265,28.06,41.6,124.4,22017.0,-20.2,COOLING_DEGRADATION,0.8372,313.7
CLIMB,5508.1,84.8,33.89,229.6,227.7,223.7,221.1,1464.4,1466.9,1466.9,1462.3,26.59,47.0,17.97,67.2,201.0,197.0,2.7094,2.0708,1.4121,2.131,28.4,39.3,105.8,12042.0,5.4,NOMINAL,0.0179,1458.5
ISR_LOITER,4623.9,58.2,26.74,192.5,191.0,192.3,193.9,1315.2,1326.8,1307.6,1325.5,15.15,45.2,18.03,60.6,179.0,171.0,1.642,1.1393,0.803,1.2435,28.1,41.7,120.7,21913.5,-21.6,NOMINAL,0.1026,1472.8
TRANSIT,4896.4,68.5,28.92,207.4,205.8,207.1,206.9,1365.5,1365.9,1368.0,1376.3,19.19,44.1,18.19,61.6,187.8,182.6,1.8638,1.4035,1.0436,1.4756,28.21,42.7,143.6,18089.4,-12.2,NOMINAL,0.0239,1482.7
ISR_LOITER,4572.5,57.9,26.29,193.3,191.9,194.7,196.5,1330.9,1327.4,1316.1,1312.5,16.08,45.4,18.14,60.8,180.0,173.5,1.5577,1.2084,0.7714,1.2223,28.31,43.1,127.6,22064.8,-24.5,NOMINAL,0.0219,1488.2
ISR_LOITER,4580.4,57.6,27.0,196.9,199.4,194.4,200.0,1326.2,1308.8,1333.9,1314.6,15.44,45.2,17.74,56.7,180.7,174.1,1.7145,1.1079,0.8057,1.267,28.35,43.2,123.6,22092.1,-23.9,NOMINAL,0.0562,1442.3
ISR_LOITER,4603.8,58.8,26.45,190.1,190.3,189.9,195.2,1305.0,1296.6,1297.2,1297.8,16.04,43.7,17.81,58.0,174.5,173.4,1.6718,1.2473,0.7196,1.2739,28.18,40.0,123.5,21968.5,-21.3,NOMINAL,0.0873,1467.9
ISR_LOITER,4623.4,56.2,26.84,191.8,196.0,195.3,193.3,1308.0,1319.1,1298.7,1322.2,15.67,45.2,17.99,59.3,181.8,177.1,1.6078,1.1951,0.7661,1.2383,28.11,42.5,125.0,22060.8,-22.2,NOMINAL,0.0064,1472.1
CLIMB,5523.2,85.5,34.14,229.7,234.7,233.6,232.8,1450.3,1454.5,1444.1,1457.1,26.76,44.8,18.31,67.7,203.3,196.5,3.0706,2.4361,1.5172,2.4266,28.02,45.8,104.6,12103.7,4.6,LUBRICATION_FAILURE,0.072,1218.4
TAKEOFF,5831.2,97.1,37.83,236.8,235.9,236.8,238.9,1514.4,1531.7,1513.2,1500.4,32.25,44.4,17.93,71.8,211.0,203.5,3.4926,2.7642,1.8629,2.7874,28.23,42.7,87.0,1249.9,25.8,NOMINAL,0.0787,1469.4
ISR_LOITER,4606.6,58.6,26.09,199.9,196.6,197.9,199.6,1319.5,1329.9,1318.4,1331.8,15.71,44.2,18.12,35.5,219.3,177.2,4.3298,3.2121,2.0973,3.3398,28.31,42.4,121.0,21919.1,-22.3,LUBRICATION_FAILURE,0.8918,257.7
CLIMB,5548.0,83.8,34.27,231.9,233.0,232.1,234.1,1452.0,1463.3,1460.7,1449.8,27.33,44.7,18.08,47.3,239.5,201.1,7.3199,5.5312,3.6661,5.7043,28.42,39.9,102.4,11970.3,4.6,LUBRICATION_FAILURE,0.9029,200.5
ISR_LOITER,4606.3,56.7,26.54,197.9,197.4,203.7,200.0,1336.8,1340.4,1336.0,1335.9,15.94,45.4,17.94,57.9,183.1,176.7,1.535,1.2563,0.7969,1.2342,26.63,42.6,123.3,21955.4,-20.7,SENSOR_DRIFT,0.8099,374.2
ISR_LOITER,4569.7,58.6,27.54,213.7,214.6,218.4,215.0,1338.4,1361.9,1349.9,1348.5,15.93,45.5,17.66,58.3,178.7,197.7,1.5458,1.1684,0.7332,1.1961,28.3,44.2,123.3,21967.8,-21.0,COOLING_DEGRADATION,0.3167,922.7
PREFLIGHT,1413.6,14.8,15.89,133.5,137.6,137.6,138.2,646.8,640.2,624.0,631.0,5.8,43.8,19.16,45.1,128.2,136.5,1.1338,0.8183,0.5958,0.8775,28.41,41.0,-1.9,522.4,28.2,COMBUSTION_INSTABILITY,0.4169,743.4
PREFLIGHT,1389.3,13.8,15.88,138.4,141.6,134.8,139.7,640.0,599.6,635.4,673.3,5.38,46.4,18.72,43.6,131.0,135.9,0.9282,0.6812,0.447,0.7131,28.24,42.8,2.0,492.0,28.4,COMBUSTION_INSTABILITY,0.2524,831.4
ISR_LOITER,4599.8,58.4,26.53,194.9,195.6,193.5,191.9,1317.3,1297.3,1299.2,1316.3,15.16,43.5,18.24,55.5,179.3,178.5,1.6476,1.1381,0.8176,1.2488,28.26,40.3,126.1,22066.2,-20.4,NOMINAL,0.0457,1477.5
TRANSIT,4911.3,67.3,28.87,202.9,206.5,202.2,202.3,1380.1,1346.1,1374.2,1363.8,18.7,45.4,18.28,60.3,185.3,182.7,1.81,1.4738,0.9719,1.4598,28.25,41.0,139.9,17988.3,-10.3,NOMINAL,0.0809,1477.1
ISR_LOITER,4645.6,56.4,27.04,198.5,194.5,193.0,194.9,1321.4,1314.3,1312.2,1312.0,16.03,43.6,18.09,60.3,182.8,178.0,1.5307,1.3006,0.7926,1.2467,28.26,42.0,123.7,22007.9,-21.2,NOMINAL,0.0872,1473.6
ISR_LOITER,4614.2,56.4,26.68,195.4,196.1,196.3,197.6,1332.8,1349.7,1335.0,1339.5,15.51,43.6,17.98,56.7,178.0,174.9,1.4929,1.1807,0.8013,1.1923,27.91,41.8,125.8,21936.5,-23.2,SENSOR_DRIFT,0.2514,794.9
TRANSIT,4891.4,68.6,28.34,211.1,212.6,210.9,213.2,1372.7,1382.2,1375.9,1386.7,19.19,44.1,17.99,63.0,190.4,182.8,1.84,1.3527,0.9635,1.4311,28.3,42.8,141.3,17936.3,-12.6,NOMINAL,0.0346,1449.2
TRANSIT,4896.1,66.7,29.02,206.3,206.8,203.2,202.0,1374.1,1384.8,1380.7,1375.3,18.99,47.6,18.15,64.4,185.0,182.3,1.8578,1.4668,0.8884,1.4597,28.19,41.1,141.6,17975.0,-13.6,NOMINAL,0.0638,1443.4
ISR_LOITER,4577.8,58.7,26.53,197.6,196.0,195.8,196.1,1296.3,1308.7,1304.9,1289.4,16.9,45.9,18.39,57.2,182.4,172.5,1.5941,1.3031,0.851,1.2863,28.26,41.0,126.4,22045.3,-20.3,LUBRICATION_FAILURE,0.0472,1141.5
ISR_LOITER,4659.2,57.0,26.53,249.1,252.1,250.0,251.9,1316.6,1299.7,1296.3,1295.3,15.53,44.2,17.73,59.4,181.1,230.1,1.5153,1.2507,0.7345,1.2111,28.06,41.7,123.5,22104.6,-21.5,COOLING_DEGRADATION,0.8945,231.4
RECOVERY,1966.1,20.4,17.31,155.9,114.1,154.2,151.6,847.1,589.4,849.6,859.0,7.76,44.2,18.21,50.2,146.7,150.4,2.7123,2.0031,1.4388,2.1165,28.41,44.5,61.7,802.6,24.9,CYLINDER_MISFIRE,0.8866,263.3
DESCENT,3795.6,34.5,20.28,167.2,171.4,169.2,167.6,1098.3,1101.9,1123.8,1107.8,11.33,45.8,18.12,53.0,166.4,158.0,1.0962,0.9418,0.6184,0.9076,28.12,41.0,116.0,8025.4,10.5,NOMINAL,0.0256,1492.7
ISR_LOITER,4582.7,57.7,25.94,197.0,196.1,198.7,194.8,1326.4,1327.2,1312.6,1296.5,15.56,44.6,17.97,60.7,180.7,178.4,1.6635,1.2237,0.8063,1.2799,27.9,38.9,126.5,21996.2,-21.0,NOMINAL,0.0496,1444.0
PREFLIGHT,1360.9,14.4,15.68,135.9,135.6,137.5,136.6,629.0,647.0,629.7,638.0,5.79,44.2,17.9,25.9,164.0,134.9,1.5091,1.0075,0.5686,1.0978,28.04,43.6,1.3,459.8,27.6,LUBRICATION_FAILURE,0.765,358.8
ISR_LOITER,4595.5,56.9,26.07,210.4,214.3,213.9,211.4,1305.9,1332.6,1324.2,1316.5,15.3,45.5,17.79,58.9,181.0,188.5,1.6395,1.1701,0.8495,1.2621,28.12,43.0,130.2,21959.1,-23.4,COOLING_DEGRADATION,0.2294,776.0
ISR_LOITER,4601.3,56.4,26.57,193.1,194.1,194.6,192.0,1299.9,1317.9,1312.6,1303.2,16.23,44.7,17.92,58.4,180.3,177.7,1.5136,1.241,0.7861,1.2178,28.0,42.5,124.1,22063.9,-22.8,NOMINAL,0.0528,1452.4
PREFLIGHT,1384.0,15.1,15.47,144.3,143.2,144.2,143.5,671.8,680.9,662.1,660.6,6.12,43.6,18.02,42.6,132.4,137.6,0.5308,0.3855,0.3439,0.4276,27.97,40.6,-2.1,517.8,28.4,NOMINAL,0.0144,1455.0
DESCENT,3804.8,35.0,20.43,171.9,172.2,170.7,174.8,1096.8,1086.2,1093.5,1084.5,11.54,44.7,17.59,50.0,167.4,159.5,1.2238,0.8862,0.5249,0.9235,27.36,43.5,116.9,7928.0,13.1,SENSOR_DRIFT,0.3723,789.8
PREFLIGHT,1419.5,14.6,16.32,141.9,144.9,143.0,143.3,644.7,668.0,653.0,667.4,6.49,44.0,18.98,44.7,129.9,134.1,1.2846,0.9032,0.6122,0.9731,28.04,39.3,1.7,450.0,27.7,COMBUSTION_INSTABILITY,0.4527,553.9
ISR_LOITER,4597.8,56.3,26.62,196.8,198.7,198.9,198.6,1324.2,1323.5,1325.5,1318.2,15.87,45.1,18.18,60.1,180.5,176.3,1.599,1.2458,0.8423,1.2673,28.41,39.1,126.1,21986.6,-21.5,NOMINAL,0.0202,1487.5
TRANSIT,4890.1,68.7,28.95,204.4,207.2,207.2,206.5,1389.5,1375.2,1399.4,1370.2,17.94,45.7,18.43,61.1,188.9,184.2,1.882,1.3936,1.0144,1.4735,28.25,42.8,137.5,18022.2,-11.0,NOMINAL,0.0315,1456.4
ISR_LOITER,4612.2,58.6,23.44,197.9,198.5,220.2,197.8,1325.4,1304.1,1185.1,1316.7,12.22,38.5,17.9,59.0,178.2,179.0,1.7767,1.2676,0.7659,1.3354,28.19,39.0,127.6,22005.9,-22.1,INJECTOR_CLOGGING,0.9769,172.8
CLIMB,5510.8,86.9,33.73,228.6,226.8,224.7,227.3,1445.7,1452.4,1455.4,1444.5,26.27,45.3,17.96,67.1,200.5,199.2,2.6256,2.1064,1.3941,2.1035,28.14,43.0,101.3,11852.9,3.4,NOMINAL,0.1156,1459.6
TAKEOFF,5817.7,99.0,38.48,231.9,231.9,234.3,229.1,1510.3,1512.9,1523.8,1538.1,31.66,45.1,17.93,72.4,215.2,202.2,3.5519,2.7765,1.8222,2.8074,28.32,41.4,86.9,1244.8,27.4,NOMINAL,0.0868,1454.2
ISR_LOITER,4611.0,58.3,26.7,195.3,197.5,196.5,195.5,1316.8,1333.0,1333.0,1323.5,15.29,46.8,18.26,61.6,176.2,174.4,1.5411,1.0929,0.8029,1.1852,28.24,41.9,121.8,22030.7,-23.2,NOMINAL,0.0979,1446.1
TRANSIT,4913.7,67.4,29.19,209.3,209.8,209.9,204.6,1408.6,1383.5,1400.2,1391.6,19.04,44.1,18.25,60.5,188.5,184.8,2.2843,1.6754,1.1386,1.7627,28.34,41.4,141.0,18014.3,-10.9,CYLINDER_MISFIRE,0.0499,864.0
DESCENT,3829.0,35.1,19.97,237.6,235.6,234.2,234.6,1069.5,1097.2,1104.2,1123.3,10.95,44.6,17.87,50.8,166.2,221.4,1.1421,0.9242,0.6275,0.9224,28.1,43.6,118.3,8035.5,12.5,COOLING_DEGRADATION,0.9564,162.4
ISR_LOITER,4542.8,58.4,23.91,195.8,194.0,215.3,191.6,1372.0,1363.8,1285.1,1356.8,14.23,38.2,17.93,56.3,178.5,174.7,1.604,1.1855,0.8254,1.2463,28.55,41.7,124.0,22068.9,-22.9,INJECTOR_CLOGGING,0.7182,400.5
ISR_LOITER,4575.5,58.4,26.77,198.8,195.4,196.6,195.9,1310.3,1306.3,1313.6,1298.2,16.04,44.4,17.79,59.5,183.7,176.1,1.6192,1.1767,0.7334,1.2307,28.29,39.7,125.9,21913.5,-21.8,NOMINAL,0.0871,1438.5
ISR_LOITER,4632.2,59.5,26.51,198.6,198.6,202.5,200.1,1312.3,1324.0,1301.0,1342.9,15.33,45.7,18.11,35.5,224.1,176.6,4.2708,3.2473,2.0297,3.3118,28.14,42.8,123.7,21995.9,-22.2,LUBRICATION_FAILURE,0.9304,211.4
ISR_LOITER,4646.2,58.2,26.57,196.6,193.3,190.6,196.1,1341.6,1339.3,1341.4,1324.9,15.85,44.7,17.91,58.1,183.1,174.3,1.7001,1.2097,0.867,1.3046,28.19,40.7,129.3,22050.9,-20.6,NOMINAL,0.0646,1441.0
ISR_LOITER,4615.1,58.5,26.4,189.9,195.4,189.0,190.3,1313.6,1327.1,1321.8,1338.4,16.4,45.1,17.78,58.6,180.5,172.0,1.5839,1.212,0.8022,1.2411,28.05,42.0,124.8,22024.4,-22.9,NOMINAL,0.0981,1446.4
TRANSIT,4901.1,67.9,28.56,203.1,205.9,202.7,208.4,1397.2,1376.0,1359.5,1359.5,18.69,44.7,17.85,62.0,185.4,186.8,1.946,1.5232,0.9981,1.5388,28.31,40.7,134.7,18052.1,-12.0,NOMINAL,0.0227,1468.6
PREFLIGHT,1455.2,12.6,16.12,168.7,163.5,163.4,169.4,647.4,645.6,645.8,634.6,6.82,46.7,17.65,44.5,126.9,164.2,0.648,0.3903,0.2779,0.4653,28.4,41.8,-1.2,548.5,28.1,COOLING_DEGRADATION,0.4242,749.3
TRANSIT,4933.4,68.0,29.02,198.7,201.5,202.3,199.9,1373.3,1371.2,1389.5,1348.6,18.07,44.7,18.06,61.3,184.7,183.3,2.0353,1.3309,0.9698,1.5116,28.37,42.7,142.1,17981.3,-12.9,NOMINAL,0.0864,1444.7
DESCENT,3832.7,34.4,20.05,173.7,176.4,170.4,174.8,1074.9,1108.6,1095.0,1077.9,11.23,43.8,17.79,50.1,163.6,160.8,1.2956,0.8358,0.5532,0.9457,28.54,42.2,114.4,7958.4,11.3,NOMINAL,0.0657,1482.8
TAKEOFF,5801.2,99.1,38.16,236.2,241.8,243.5,239.4,1554.6,1522.3,1538.8,1552.2,31.92,46.6,18.5,70.9,211.5,206.9,3.7284,2.6315,1.7673,2.8254,28.3,42.1,88.6,1184.7,26.6,NOMINAL,0.1198,1470.8
TAKEOFF,5809.2,97.1,38.54,239.1,242.1,247.6,243.9,1507.9,1507.7,1511.5,1504.0,32.67,43.2,17.91,74.1,211.5,206.4,3.6913,2.6809,1.7308,2.8171,28.23,42.7,88.5,1165.8,26.8,NOMINAL,0.1148,1469.1
CLIMB,5463.6,86.2,31.98,229.9,226.8,246.3,229.3,1485.3,1470.6,1375.0,1452.5,24.73,38.3,17.84,70.6,201.6,199.4,2.7961,2.1324,1.4157,2.1886,28.15,42.0,107.5,12017.8,7.4,INJECTOR_CLOGGING,0.728,481.1
ISR_LOITER,4632.4,56.8,26.46,233.0,229.2,226.9,231.0,1328.8,1331.3,1322.9,1333.0,15.71,45.8,17.97,60.4,176.5,204.3,1.6533,1.1121,0.8086,1.2415,28.13,44.0,125.1,21974.2,-20.3,COOLING_DEGRADATION,0.5051,553.6
ISR_LOITER,4552.1,59.3,26.6,198.8,198.2,197.4,198.5,1330.9,1347.5,1341.2,1349.0,15.93,45.1,17.98,60.6,177.6,171.3,1.5847,1.1939,0.8555,1.2475,28.41,41.8,124.2,21880.2,-19.6,NOMINAL,0.0024,1467.0
ISR_LOITER,4615.8,58.0,26.45,196.7,197.5,195.7,199.4,1306.9,1316.1,1324.3,1302.2,16.14,42.7,17.71,58.5,179.4,178.2,1.6497,1.1141,0.8154,1.242,28.13,44.0,124.6,21983.9,-23.0,NOMINAL,0.0354,1483.0
PREFLIGHT,1371.3,14.2,16.29,146.1,143.6,142.7,145.6,659.5,689.8,677.2,669.6,6.3,45.0,20.04,45.5,128.7,135.7,1.5411,1.1458,0.7632,1.1931,28.18,37.7,1.1,533.8,27.0,COMBUSTION_INSTABILITY,0.7266,418.1
ISR_LOITER,4561.0,57.8,26.56,194.4,196.6,193.1,194.7,1337.1,1333.7,1332.5,1343.7,15.39,45.7,17.86,45.4,200.5,175.7,2.999,2.2068,1.5213,2.3222,28.33,44.7,124.2,21962.7,-21.9,LUBRICATION_FAILURE,0.4725,677.4
ISR_LOITER,4601.9,58.1,26.57,197.1,195.8,195.5,198.2,1292.5,1315.7,1326.3,1312.4,16.61,45.9,17.94,56.8,179.8,175.3,1.5772,1.2454,0.7338,1.2352,28.04,42.3,123.7,21991.6,-23.3,NOMINAL,0.0413,1485.9
ISR_LOITER,4592.2,58.4,26.18,198.0,193.3,203.2,200.4,1334.4,1330.0,1332.5,1326.2,15.96,45.2,18.17,59.3,180.8,176.8,1.6777,1.1659,0.7697,1.2605,28.33,41.0,125.9,21952.6,-22.2,NOMINAL,0.0909,1479.4
ISR_LOITER,4604.0,57.2,25.99,193.7,192.6,190.8,194.8,1333.7,1308.9,1334.3,1313.7,15.99,46.6,18.25,57.5,182.5,176.1,1.5892,1.1573,0.7904,1.2233,28.31,41.4,125.5,21974.3,-21.1,NOMINAL,0.05,1463.0
ISR_LOITER,4578.5,57.0,26.81,196.8,194.5,195.4,192.3,1343.4,1310.3,1318.0,1321.8,15.9,45.1,18.09,61.0,180.8,172.8,1.7238,1.2869,0.816,1.3283,28.29,41.0,127.1,21957.3,-22.7,NOMINAL,0.0202,1456.5
ISR_LOITER,4591.1,59.1,26.39,191.2,192.8,189.0,189.5,1329.9,1318.7,1323.7,1315.5,15.67,45.8,17.99,59.4,177.4,178.5,1.5921,1.1259,0.795,1.2158,28.26,43.2,127.6,22005.0,-22.1,NOMINAL,0.0169,1478.5
TRANSIT,4908.7,69.1,28.84,206.3,206.0,207.9,204.9,1398.6,1400.2,1383.4,1404.5,18.6,44.4,17.92,61.7,186.9,180.3,1.9872,1.4128,0.8559,1.4919,28.57,43.0,136.3,17927.3,-13.7,NOMINAL,0.0103,1494.1
TAKEOFF,5806.3,97.5,38.32,240.6,242.1,239.2,243.3,1498.9,1508.0,1512.6,1499.2,32.56,45.5,19.27,71.0,208.7,201.9,8.4512,6.3109,4.17,6.5483,28.16,42.0,80.5,1197.1,26.2,COMBUSTION_INSTABILITY,0.6101,460.9
TRANSIT,4856.7,68.0,29.16,212.8,209.6,209.7,210.1,1370.7,1369.7,1358.1,1372.1,18.37,46.3,17.99,59.3,187.2,183.1,1.778,1.3,0.9749,1.3906,28.34,43.1,142.0,17949.0,-11.7,NOMINAL,0.0902,1438.1
ISR_LOITER,4584.8,56.2,23.16,195.2,198.0,219.5,194.5,1341.3,1333.3,1216.4,1325.5,13.71,37.9,18.21,59.8,178.5,172.9,1.6515,1.2298,0.8285,1.2814,28.18,44.1,126.8,21978.0,-21.3,INJECTOR_CLOGGING,0.7787,319.2
RECOVERY,2203.6,22.0,17.33,153.0,152.5,151.9,148.6,826.4,858.4,844.3,853.2,7.55,44.1,17.92,49.7,146.2,146.5,0.8717,0.5543,0.4198,0.6438,27.95,41.7,65.5,771.7,26.8,NOMINAL,0.0461,1456.6
CLIMB,5459.0,86.6,33.99,226.4,229.7,228.6,225.6,1455.8,1442.1,1463.2,1447.7,27.47,46.8,17.92,66.8,197.0,194.2,2.68,2.0675,1.2799,2.0893,28.31,42.7,106.0,12058.6,3.8,NOMINAL,0.0797,1464.6
TRANSIT,4872.3,69.1,29.11,200.8,204.4,196.4,201.2,1391.5,1394.6,1399.1,1379.6,19.34,47.1,18.04,60.0,187.4,182.5,1.8453,1.4766,0.9574,1.4722,28.19,43.2,136.6,17960.4,-12.1,NOMINAL,0.0633,1438.2
CLIMB,5470.8,85.0,34.08,234.7,239.4,237.0,236.6,1466.2,1457.1,1473.0,1460.1,26.88,46.4,18.21,67.6,202.0,198.5,2.9201,2.0291,1.3938,2.2051,28.13,42.6,105.7,11999.5,7.2,NOMINAL,0.0453,1452.6
CLIMB,5471.0,86.3,34.01,231.1,227.8,228.6,231.9,1426.6,1446.9,1458.5,1467.3,27.06,46.0,18.13,67.0,199.2,198.2,2.9587,2.1231,1.3934,2.2511,28.0,41.4,104.2,12032.9,4.4,NOMINAL,0.0793,1434.7
TRANSIT,4886.7,68.3,28.82,195.9,199.5,197.7,199.3,1399.3,1388.4,1376.4,1368.8,17.74,43.4,17.82,60.2,188.8,181.8,2.0254,1.3601,0.9315,1.5077,27.94,42.1,136.2,17942.5,-12.1,NOMINAL,0.0754,1451.7
PREFLIGHT,1324.0,15.8,16.16,139.2,141.1,140.4,142.5,639.8,642.1,628.5,637.4,6.25,44.9,18.35,43.0,129.2,138.1,0.6554,0.4602,0.2356,0.4819,28.23,41.6,2.2,504.7,29.6,NOMINAL,0.0204,1469.0
ISR_LOITER,4559.9,56.4,26.78,198.6,198.6,197.6,203.7,1309.6,1324.6,1290.8,1325.5,16.63,45.4,18.15,59.5,181.1,174.7,1.5365,1.246,0.7397,1.2193,28.3,40.5,122.8,21897.1,-22.5,NOMINAL,0.1139,1461.6
DESCENT,3826.7,32.8,18.58,166.9,168.6,180.4,162.8,1094.3,1102.7,1064.3,1107.7,9.42,42.0,18.16,50.7,163.5,158.9,1.1434,0.8869,0.5994,0.9043,28.2,42.7,114.3,7947.9,11.1,INJECTOR_CLOGGING,0.4039,616.7
PREFLIGHT,1409.7,15.5,16.31,139.0,133.5,138.5,139.4,621.7,641.3,635.0,654.9,6.88,47.9,18.3,47.2,135.3,135.3,0.6505,0.5449,0.2956,0.5188,28.09,41.1,-0.6,498.1,27.3,NOMINAL,0.0868,1451.5
ISR_LOITER,4557.9,57.3,26.13,194.7,193.0,196.7,191.7,1314.2,1343.3,1322.4,1324.6,15.47,45.2,18.01,58.2,180.7,177.6,1.4992,1.2355,0.8126,1.2158,28.3,43.5,124.6,21989.7,-21.4,NOMINAL,0.0412,1469.6
TAKEOFF,5803.3,98.2,38.43,239.6,242.2,238.2,241.1,1540.0,1507.7,1512.4,1534.2,32.83,43.8,17.76,55.7,230.7,204.6,7.1886,5.3842,3.5865,5.5836,27.99,44.1,86.3,1126.6,25.8,LUBRICATION_FAILURE,0.5392,552.5
DESCENT,3820.2,35.2,20.18,178.4,178.0,177.7,176.2,1103.2,1082.1,1102.2,1114.5,11.29,43.9,17.93,50.8,165.4,172.0,1.1252,0.9647,0.5843,0.9198,28.26,44.3,112.5,8078.4,11.4,COOLING_DEGRADATION,0.1838,999.9
ISR_LOITER,4553.1,57.7,26.2,193.6,191.5,192.9,191.8,1325.3,1318.4,1309.8,1313.6,15.69,45.8,18.3,57.0,176.5,177.5,1.6451,1.2174,0.7338,1.2553,28.19,43.1,122.2,22045.9,-21.6,NOMINAL,0.0066,1479.4
ISR_LOITER,4630.6,56.8,25.52,190.5,195.4,200.0,195.0,1312.0,1291.2,1281.9,1304.8,15.13,44.1,17.92,58.9,182.7,176.2,1.7497,1.1294,0.8534,1.2994,28.13,42.5,122.0,22095.6,-22.7,INJECTOR_CLOGGING,0.2135,975.0
ISR_LOITER,4599.0,59.3,26.13,197.2,196.4,194.8,197.9,1317.6,1328.1,1324.7,1325.1,16.05,43.7,18.14,56.6,179.4,173.1,2.1175,1.5713,1.1003,1.6496,28.16,42.0,126.6,22000.1,-21.5,COMBUSTION_INSTABILITY,0.1753,991.6
ISR_LOITER,4615.5,57.4,26.46,197.9,195.9,202.6,201.7,1310.7,1335.3,1319.3,1331.5,15.87,45.7,17.65,60.4,178.0,173.9,1.6135,1.1668,0.8245,1.2443,28.26,42.8,125.6,21930.2,-21.5,NOMINAL,0.0104,1492.3
RECOVERY,2235.8,21.4,17.48,156.5,156.2,158.0,158.6,869.6,840.8,859.3,862.1,6.84,45.2,17.85,49.5,144.3,147.8,0.6989,0.6764,0.447,0.618,28.21,41.6,66.8,834.7,25.2,NOMINAL,0.0041,1491.4
PREFLIGHT,1379.7,14.1,15.98,141.4,139.0,140.5,141.2,687.1,671.9,670.3,640.3,6.64,45.1,17.86,43.8,130.8,132.6,0.5162,0.4969,0.3534,0.4612,28.42,40.4,-1.5,509.0,29.0,COOLING_DEGRADATION,0.0056,1210.7
DESCENT,3762.5,34.6,19.79,169.2,167.0,168.9,169.3,1096.4,1095.9,1102.4,1091.8,12.25,45.4,17.78,52.7,164.1,161.9,1.2243,0.9257,0.4646,0.9259,28.24,44.4,118.1,8105.4,13.4,NOMINAL,0.0421,1466.3
DESCENT,3799.0,35.1,20.28,213.8,212.4,215.3,210.5,1105.5,1108.3,1122.9,1107.0,11.15,46.3,18.02,50.8,169.8,206.9,1.1745,0.8922,0.5436,0.9076,28.24,43.4,111.4,8010.5,10.6,COOLING_DEGRADATION,0.6924,477.2
PREFLIGHT,1279.9,14.4,15.72,134.8,113.0,138.9,137.9,659.2,503.8,648.5,665.3,6.46,43.2,17.65,43.4,128.8,136.9,1.3561,1.1361,0.7092,1.1004,28.18,41.3,0.7,549.5,27.3,CYLINDER_MISFIRE,0.5094,588.2
DESCENT,3827.7,34.7,18.6,174.0,172.3,182.3,171.7,1096.9,1106.2,1053.3,1117.5,9.71,43.3,17.9,51.0,163.5,157.2,1.1332,0.8557,0.6494,0.9015,28.16,41.7,114.2,8051.8,12.2,INJECTOR_CLOGGING,0.3843,680.3
ISR_LOITER,4596.3,59.2,27.02,223.4,226.6,222.9,225.1,1307.2,1311.9,1315.1,1311.5,16.1,45.3,17.81,56.7,178.7,201.8,1.6585,1.0807,0.8151,1.236,28.58,42.5,124.8,21968.3,-23.0,COOLING_DEGRADATION,0.3725,740.7
ISR_LOITER,4606.6,56.5,26.37,199.5,198.0,195.3,196.9,1309.6,1316.9,1319.4,1324.4,15.88,43.6,17.61,47.0,197.8,175.3,2.9337,2.2548,1.4964,2.3044,28.24,42.0,126.3,22011.9,-20.9,LUBRICATION_FAILURE,0.4894,728.7
PREFLIGHT,1406.1,14.9,16.11,140.7,137.3,138.9,140.1,657.9,655.8,674.8,669.5,5.9,46.1,18.16,45.9,126.9,135.3,0.5207,0.4377,0.3562,0.4433,28.14,41.8,-2.8,506.7,29.4,NOMINAL,0.0425,1473.6
DESCENT,3851.8,35.2,20.16,166.7,164.4,161.9,166.3,1116.2,1105.9,1105.9,1114.8,10.94,45.8,17.94,52.3,165.7,163.1,1.222,0.8456,0.5734,0.9196,28.12,42.8,114.9,7999.5,13.2,NOMINAL,0.098,1459.2
DESCENT,3843.1,37.3,19.75,171.2,166.7,167.4,173.2,1096.6,1084.4,1086.7,1069.3,11.17,45.3,17.79,52.3,169.1,162.9,1.3262,0.8823,0.5805,0.9788,28.29,41.2,116.4,8048.6,14.2,NOMINAL,0.1195,1463.8
TAKEOFF,5767.2,99.5,38.61,242.4,239.7,240.7,239.3,1533.1,1541.0,1547.0,1513.3,32.96,45.9,17.77,69.6,210.0,204.9,3.6048,2.7922,1.7246,2.8146,28.03,40.0,87.3,1235.3,27.2,NOMINAL,0.0991,1461.2
PREFLIGHT,1448.0,13.9,15.87,141.1,139.5,140.1,138.1,623.2,617.8,619.9,630.2,6.35,43.2,17.98,40.2,141.9,136.5,1.0188,0.7243,0.4732,0.7717,28.23,41.7,-0.2,569.6,28.7,LUBRICATION_FAILURE,0.2736,963.3
RECOVERY,2188.3,22.3,17.39,150.7,148.9,150.6,150.2,863.8,857.1,863.7,858.7,6.99,45.6,18.4,47.7,141.8,149.5,0.7287,0.5959,0.4227,0.5958,28.37,42.2,63.8,771.1,24.9,CYLINDER_MISFIRE,0.0315,1018.4
PREFLIGHT,1404.8,13.8,15.39,137.4,138.5,135.3,137.0,680.8,679.8,674.7,678.5,6.72,45.2,19.7,45.6,128.7,133.4,1.2948,0.9847,0.7098,1.0247,28.39,41.7,1.0,511.3,27.8,COMBUSTION_INSTABILITY,0.5471,618.0
ISR_LOITER,4453.7,57.8,26.17,196.2,169.2,194.3,197.0,1307.1,1122.8,1299.4,1306.1,16.49,45.3,18.14,57.6,181.4,176.4,4.4414,3.4048,2.1878,3.4691,28.21,44.2,124.4,22041.1,-20.1,CYLINDER_MISFIRE,0.6253,545.7
DESCENT,3775.1,33.6,19.74,174.6,168.5,172.0,168.8,1086.1,1087.1,1075.5,1086.4,11.78,44.8,18.05,41.6,186.3,156.5,2.2483,1.6727,1.0961,1.7373,28.41,43.7,115.8,7977.1,11.8,LUBRICATION_FAILURE,0.456,672.8
RECOVERY,2197.8,22.8,17.87,152.6,157.7,155.6,153.9,838.7,834.6,852.8,842.1,7.68,46.7,17.8,47.1,146.1,147.6,0.7873,0.65,0.4374,0.6413,28.15,41.2,64.9,856.5,24.4,NOMINAL,0.0692,1437.2
ISR_LOITER,4573.3,58.4,26.47,191.9,189.2,190.5,189.1,1322.2,1320.0,1314.3,1305.3,15.98,43.3,18.1,59.3,179.0,172.7,1.6791,1.2007,0.7914,1.2763,28.23,41.3,121.9,21971.9,-22.0,NOMINAL,0.0461,1466.3
CLIMB,5500.7,85.9,34.17,228.9,227.0,230.4,227.5,1460.9,1456.5,1457.4,1446.5,27.43,47.8,17.81,69.4,200.0,196.4,2.7152,2.0484,1.3635,2.1156,28.03,43.7,105.0,12020.6,3.8,NOMINAL,0.0904,1461.2
TRANSIT,4677.3,68.4,28.99,203.7,168.7,200.0,202.3,1352.4,1152.9,1368.0,1353.9,18.32,44.3,17.83,63.4,186.3,185.4,6.1989,4.5777,3.1793,4.8128,28.15,39.9,142.0,17957.0,-10.8,CYLINDER_MISFIRE,0.7951,309.8
CLIMB,5465.4,85.6,33.86,230.7,227.8,226.4,231.3,1466.5,1472.1,1463.2,1464.1,26.81,46.0,18.24,67.2,199.2,200.5,2.9519,2.1342,1.4174,2.2567,28.49,42.4,105.5,11976.7,5.7,NOMINAL,0.1194,1460.3
TAKEOFF,5793.2,98.6,38.41,242.0,242.9,243.1,244.2,1499.5,1509.0,1498.9,1514.9,32.32,46.0,18.0,70.7,218.0,207.0,4.0483,2.9958,1.9793,3.1241,28.13,44.1,83.8,1228.9,26.5,LUBRICATION_FAILURE,0.0607,895.5
PREFLIGHT,1378.8,16.1,16.07,139.4,139.0,138.0,141.9,652.2,647.9,655.3,666.3,6.5,44.8,17.92,41.1,142.2,135.1,0.8781,0.7496,0.51,0.7287,28.05,42.4,-4.6,508.0,25.3,LUBRICATION_FAILURE,0.3028,733.5
DESCENT,3743.5,34.1,20.23,169.2,159.0,173.0,168.7,1108.1,1042.8,1093.7,1108.3,10.57,47.4,18.28,49.1,167.3,160.2,1.8675,1.3817,0.9907,1.4581,28.45,45.5,115.6,7950.0,13.8,CYLINDER_MISFIRE,0.2337,1032.3
ISR_LOITER,4576.8,58.0,26.7,184.5,188.3,189.0,190.2,1301.1,1321.4,1304.1,1311.2,16.18,45.3,18.32,59.0,178.8,175.4,1.5742,1.1536,0.7658,1.2104,28.29,39.9,125.5,21974.3,-23.0,NOMINAL,0.0812,1435.7
CLIMB,5551.0,84.0,34.09,234.3,231.9,233.1,230.1,1446.4,1456.9,1456.8,1455.3,27.11,44.4,17.91,70.2,198.1,200.7,2.8684,2.1684,1.457,2.24,28.18,41.0,104.4,11999.7,3.8,NOMINAL,0.1059,1433.0
DESCENT,3810.2,34.8,20.05,171.8,167.3,172.5,172.2,1083.0,1100.3,1071.9,1095.7,10.93,45.8,17.89,51.7,167.7,162.7,1.0477,0.8114,0.6701,0.8574,28.37,43.2,114.8,7998.8,10.5,INJECTOR_CLOGGING,0.065,1209.8
ISR_LOITER,4626.3,59.0,26.64,192.2,190.9,194.6,193.0,1316.0,1321.2,1331.6,1334.5,15.43,47.4,18.08,58.8,178.0,174.9,1.5921,1.0946,0.7981,1.2069,27.51,41.2,123.5,22053.1,-21.8,SENSOR_DRIFT,0.4507,801.1
RECOVERY,2198.4,22.9,17.8,152.6,158.5,155.9,154.0,876.1,866.1,875.0,863.2,7.65,44.8,18.01,47.2,142.6,146.0,0.8188,0.5674,0.4274,0.6258,27.05,41.3,68.5,769.6,26.2,SENSOR_DRIFT,0.6281,521.1
ISR_LOITER,4549.1,55.4,26.38,198.1,199.7,200.4,200.7,1322.3,1302.0,1323.5,1317.3,15.56,43.9,17.74,59.7,179.4,174.4,1.6195,1.1334,0.876,1.2483,28.25,42.5,124.8,21931.4,-20.9,NOMINAL,0.0819,1469.0
CLIMB,5556.7,84.1,33.78,239.1,238.1,236.0,235.6,1456.6,1442.5,1436.4,1449.1,26.46,44.1,18.16,67.8,204.3,197.4,3.1072,2.1846,1.5284,2.3638,28.23,43.7,103.6,12044.8,5.5,LUBRICATION_FAILURE,0.0327,1139.6
ISR_LOITER,4597.3,58.9,26.69,189.0,190.6,192.1,191.5,1338.5,1309.0,1318.0,1339.0,15.74,45.5,18.09,56.6,177.5,176.6,1.5467,1.2162,0.797,1.2257,28.04,41.3,127.2,22012.5,-22.3,NOMINAL,0.1008,1451.8
TRANSIT,4911.8,67.8,29.13,209.4,209.2,211.6,216.6,1399.8,1391.0,1418.5,1408.2,18.4,44.3,18.21,60.6,187.1,182.4,1.8642,1.3731,0.9703,1.4494,28.23,42.4,136.1,18057.1,-13.9,NOMINAL,0.077,1451.3
ISR_LOITER,4587.7,57.9,26.85,199.0,194.3,195.7,195.9,1331.8,1323.3,1345.4,1328.9,15.52,46.2,17.86,57.4,179.8,175.7,1.6177,1.2131,0.7513,1.2454,28.2,42.5,126.7,21976.7,-24.8,NOMINAL,0.1056,1464.9
ISR_LOITER,4562.3,57.7,26.07,190.3,179.0,192.0,193.9,1324.1,1247.0,1332.4,1308.9,15.78,44.3,17.97,57.9,178.7,174.3,2.8312,2.0766,1.2437,2.1506,28.3,42.8,122.4,22076.0,-22.2,CYLINDER_MISFIRE,0.2628,870.4
DESCENT,3786.9,34.8,19.53,178.5,179.5,178.6,180.4,1105.0,1084.1,1086.0,1078.6,10.44,45.2,18.14,52.0,163.4,167.5,1.0989,0.8936,0.5499,0.8772,28.37,43.1,117.1,8063.8,11.6,COOLING_DEGRADATION,0.1451,869.3
TAKEOFF,5820.8,97.8,38.25,240.9,239.1,238.5,241.0,1509.5,1517.2,1525.1,1526.7,33.03,45.5,18.02,74.4,208.3,206.6,3.6103,2.5708,1.8799,2.7795,28.08,46.3,85.3,1152.3,27.8,NOMINAL,0.0179,1450.0
PREFLIGHT,1413.9,15.1,16.0,139.3,139.6,142.6,140.2,614.0,603.7,600.8,624.6,6.45,45.5,18.07,47.1,130.8,133.1,0.555,0.4776,0.3106,0.4592,28.19,41.3,-1.8,584.2,27.1,NOMINAL,0.0031,1450.4
ISR_LOITER,4585.4,58.2,26.02,196.7,200.3,199.0,195.5,1328.3,1323.4,1334.0,1337.0,16.28,45.0,17.85,59.7,177.7,175.9,1.6181,1.2075,0.7868,1.251,28.38,42.5,125.9,22035.5,-23.4,NOMINAL,0.0058,1483.4
CLIMB,5480.6,84.8,34.29,234.1,232.9,233.4,232.9,1469.1,1470.2,1464.9,1448.2,27.29,45.1,17.68,69.1,200.7,195.0,2.9409,2.0968,1.5153,2.2614,28.37,44.4,105.1,12010.6,5.7,NOMINAL,0.0652,1439.7
TAKEOFF,5808.1,96.3,38.37,245.4,240.7,242.2,242.8,1529.5,1516.7,1529.0,1514.8,32.33,44.8,17.96,69.7,209.9,205.3,3.6187,2.6848,1.8987,2.823,28.23,41.4,85.6,1168.2,28.0,NOMINAL,0.1131,1437.9
ISR_LOITER,4545.9,57.0,24.53,192.8,195.5,211.7,193.1,1331.4,1341.7,1262.0,1330.4,13.24,40.1,18.2,58.4,181.4,174.8,1.5366,1.2454,0.7883,1.2293,28.21,43.1,126.5,22005.2,-21.1,INJECTOR_CLOGGING,0.6229,563.4
ISR_LOITER,4613.5,56.7,24.27,197.2,196.7,210.7,194.3,1296.9,1312.0,1241.4,1315.8,13.83,41.2,18.2,59.4,180.3,177.7,1.5305,1.2168,0.8289,1.2261,28.2,43.1,127.1,21910.6,-20.5,INJECTOR_CLOGGING,0.5607,675.6
CLIMB,5483.4,85.5,34.16,259.2,252.4,256.5,259.2,1451.4,1439.0,1454.9,1450.2,27.28,44.5,17.96,67.9,197.6,221.5,2.7949,2.0589,1.4179,2.1649,28.37,41.7,105.0,11987.6,6.8,COOLING_DEGRADATION,0.3675,681.4
CLIMB,5324.3,84.2,34.25,226.2,199.7,230.6,229.0,1445.3,1246.6,1440.5,1441.4,26.85,43.8,18.39,68.9,201.8,198.3,7.9374,5.8163,3.9586,6.1238,28.03,42.1,105.1,12007.1,5.1,CYLINDER_MISFIRE,0.6413,568.2
TAKEOFF,5799.2,97.5,38.04,242.1,238.8,238.7,237.6,1543.7,1521.0,1524.8,1532.7,32.89,44.4,17.96,71.7,207.3,205.9,3.5524,2.6743,1.817,2.7733,28.21,44.7,88.5,1272.9,29.0,NOMINAL,0.0417,1461.8
CLIMB,5540.3,84.5,33.48,285.8,283.8,286.9,288.0,1443.7,1441.3,1456.8,1458.0,27.04,43.6,18.07,67.7,201.4,253.6,2.8664,2.1501,1.3708,2.215,28.31,42.8,104.7,12059.8,3.7,COOLING_DEGRADATION,0.8623,305.9
ISR_LOITER,4593.2,57.2,26.91,197.8,197.8,196.0,200.5,1306.6,1337.0,1325.3,1328.0,15.31,43.8,17.98,58.5,180.7,174.7,1.5495,1.2081,0.7094,1.2061,28.52,41.8,123.4,21964.1,-23.1,NOMINAL,0.1074,1456.2
RECOVERY,2226.0,21.9,17.38,148.9,150.1,150.7,151.0,860.9,860.8,870.6,858.3,8.03,46.3,17.89,47.0,142.8,149.8,0.5856,0.4404,0.4188,0.4872,27.97,40.4,65.4,724.2,24.7,NOMINAL,0.1033,1448.6
TRANSIT,4923.3,67.4,29.52,192.3,193.9,198.1,199.7,1362.1,1366.3,1336.6,1365.8,18.23,43.7,17.91,61.7,190.6,178.8,1.817,1.4973,0.8875,1.4527,27.92,45.5,137.8,17991.7,-12.2,NOMINAL,0.0159,1447.8
ISR_LOITER,4634.6,58.9,26.91,240.2,239.6,242.7,237.0,1321.6,1313.3,1291.8,1308.9,15.93,46.1,17.99,58.0,179.8,225.5,1.751,1.2179,0.7706,1.3093,28.26,44.8,125.0,21964.7,-20.4,COOLING_DEGRADATION,0.7412,422.3
RECOVERY,2163.0,22.1,17.76,153.6,153.7,153.9,157.0,842.5,840.6,839.1,844.0,7.07,44.7,18.16,49.5,142.9,147.3,0.8429,0.5639,0.4475,0.64,28.17,39.5,65.7,839.2,25.1,NOMINAL,0.0806,1446.9
TAKEOFF,5787.1,96.9,38.44,236.4,243.7,240.6,238.6,1517.6,1522.1,1518.8,1521.2,32.91,44.0,17.94,72.1,210.8,205.6,3.4311,2.8706,1.8835,2.8024,28.12,43.0,83.6,1149.0,26.1,NOMINAL,0.0107,1457.1
CLIMB,5512.6,84.8,33.52,230.9,231.2,235.5,233.1,1467.3,1465.6,1464.5,1480.5,27.64,45.7,17.81,45.8,242.4,203.0,7.6837,5.7323,3.8795,5.9707,28.33,42.5,105.7,12033.8,5.1,LUBRICATION_FAILURE,0.9779,141.5
ISR_LOITER,4610.1,56.5,26.6,193.6,190.4,192.4,196.2,1297.4,1333.1,1311.3,1311.2,15.84,46.7,17.73,57.2,181.5,176.5,1.7445,1.1349,0.741,1.2755,27.68,41.0,125.9,22035.6,-23.6,SENSOR_DRIFT,0.3589,781.9
TRANSIT,4892.7,68.3,29.26,202.7,201.8,203.6,199.2,1375.4,1350.1,1399.8,1391.2,18.0,46.0,17.91,62.3,183.9,182.8,2.1969,1.515,1.1461,1.6768,28.37,42.3,139.2,17985.3,-10.4,CYLINDER_MISFIRE,0.0495,986.9
ISR_LOITER,4645.6,57.9,26.88,196.8,190.1,195.8,193.1,1306.9,1311.9,1306.6,1306.8,15.45,44.6,18.14,56.2,181.7,174.6,1.5041,1.1925,0.821,1.2053,28.08,44.1,126.8,22031.7,-22.2,NOMINAL,0.0157,1490.8
PREFLIGHT,1384.9,15.0,13.58,141.8,141.4,159.5,139.5,665.2,671.3,570.0,675.8,4.42,38.5,17.73,45.8,126.9,135.6,0.5386,0.3651,0.3364,0.4229,28.41,41.4,1.7,461.9,28.9,INJECTOR_CLOGGING,0.6771,369.3
CLIMB,5487.9,86.4,33.33,225.3,229.9,228.4,230.0,1448.3,1444.7,1450.1,1443.6,26.87,46.6,18.05,69.0,199.1,196.1,2.8152,2.1031,1.4544,2.1957,28.39,43.4,109.2,12003.1,5.6,NOMINAL,0.1069,1442.8
TRANSIT,4898.4,67.7,28.94,202.9,202.8,207.7,204.3,1378.0,1370.5,1385.2,1359.4,18.43,44.4,18.0,63.4,187.8,180.8,1.8998,1.406,0.9732,1.4757,27.82,41.5,140.1,18039.3,-11.1,NOMINAL,0.1065,1462.4
ISR_LOITER,4583.2,58.1,27.25,256.5,252.0,257.6,258.7,1309.6,1303.4,1307.4,1308.0,16.0,45.3,17.98,58.0,178.7,236.8,1.6011,1.1062,0.8366,1.223,28.16,41.4,128.6,22020.9,-21.3,COOLING_DEGRADATION,0.9314,227.9
RECOVERY,2235.7,24.5,17.78,147.3,147.1,147.1,144.5,860.3,846.6,833.4,835.2,7.74,44.7,18.03,48.6,144.0,151.5,0.612,0.5535,0.4407,0.5401,28.1,41.8,67.5,823.8,26.1,NOMINAL,0.0243,1456.2
TAKEOFF,5829.3,98.5,38.13,238.0,239.9,236.0,232.7,1499.0,1511.5,1495.4,1504.7,31.6,45.6,18.31,74.8,212.0,210.1,3.6696,2.6942,1.7766,2.8214,27.95,41.0,82.8,1239.6,25.8,INJECTOR_CLOGGING,0.0045,1213.6
CLIMB,5486.6,85.8,34.53,233.1,228.5,229.1,227.0,1465.6,1471.6,1452.0,1450.4,27.16,44.7,18.45,65.7,202.1,197.9,4.5168,3.4119,2.2773,3.5227,28.17,39.5,105.8,11950.7,4.6,COMBUSTION_INSTABILITY,0.2842,897.2
DESCENT,3811.2,35.4,19.72,173.0,173.9,173.2,166.1,1105.9,1108.3,1108.0,1104.9,11.19,45.9,18.05,51.7,161.1,162.1,1.1622,1.0038,0.5563,0.943,27.31,41.8,112.6,8047.1,10.4,SENSOR_DRIFT,0.5529,644.4
DESCENT,3805.8,36.8,20.08,195.2,194.7,192.8,192.4,1072.2,1083.0,1062.8,1061.4,11.52,44.5,17.97,51.8,165.7,184.7,1.1149,0.9258,0.5988,0.9053,28.25,45.4,112.5,8030.4,13.1,COOLING_DEGRADATION,0.3417,655.7
ISR_LOITER,4326.0,59.4,26.5,193.5,147.2,189.8,188.0,1344.8,1077.8,1345.4,1341.7,15.21,43.9,17.72,58.2,181.6,172.4,5.9275,4.546,3.0189,4.6517,28.25,39.8,127.3,22020.9,-20.9,CYLINDER_MISFIRE,0.9957,157.8
ISR_LOITER,4585.8,59.0,26.34,188.0,191.2,186.0,185.7,1326.0,1330.2,1312.7,1324.0,15.34,45.1,18.45,57.3,178.7,175.3,1.7568,1.1333,0.8022,1.2929,28.57,41.0,124.0,22046.5,-20.2,NOMINAL,0.0266,1488.7
ISR_LOITER,4648.5,58.1,26.7,197.5,196.7,196.6,197.2,1317.3,1312.9,1301.9,1311.1,15.49,47.1,18.33,60.2,179.2,174.8,1.5487,1.128,0.8417,1.2082,28.09,41.6,124.3,22094.7,-21.9,NOMINAL,0.04,1473.7
DESCENT,3783.1,35.4,20.31,167.9,165.1,166.9,168.4,1110.5,1114.2,1123.0,1108.0,10.62,45.3,18.22,50.4,165.1,161.4,1.572,1.0904,0.8214,1.2021,28.29,44.5,119.2,8030.6,13.2,COMBUSTION_INSTABILITY,0.1226,1198.8
TRANSIT,4913.0,67.4,29.12,202.2,197.4,202.5,201.0,1379.8,1367.3,1386.8,1381.5,17.65,45.3,17.81,60.9,188.2,182.9,1.9851,1.3738,0.9517,1.4982,27.92,42.6,139.2,18026.4,-12.2,NOMINAL,0.0554,1472.6
TAKEOFF,5745.1,98.7,38.74,244.8,241.1,240.5,243.9,1513.2,1535.2,1530.5,1519.1,32.02,44.2,17.96,73.2,215.7,206.4,4.2891,3.2724,2.1395,3.3508,28.11,39.3,85.6,1236.0,25.5,LUBRICATION_FAILURE,0.1166,1010.1
CLIMB,5470.3,83.8,33.89,227.7,226.6,226.1,228.4,1478.8,1471.2,1464.4,1453.9,27.51,45.0,18.15,69.1,202.0,201.1,2.6151,2.1095,1.4587,2.1147,27.36,42.4,105.1,11990.8,3.9,SENSOR_DRIFT,0.4679,582.4
ISR_LOITER,4598.5,55.6,26.39,245.6,246.9,247.8,245.8,1321.7,1294.3,1298.6,1306.5,16.06,45.6,18.15,58.3,180.1,231.9,1.6369,1.2088,0.8033,1.263,28.09,43.1,122.8,21910.0,-20.2,COOLING_DEGRADATION,0.8248,344.0
DESCENT,3836.8,33.2,19.68,170.7,164.1,168.4,168.6,1083.9,1086.2,1103.2,1103.7,11.7,45.6,17.76,52.0,163.6,155.9,1.2577,0.9352,0.5918,0.9672,28.45,40.1,117.0,7962.9,12.5,NOMINAL,0.0328,1478.6
TRANSIT,4874.0,68.6,28.59,204.5,203.2,210.1,203.6,1367.8,1378.7,1374.7,1374.4,18.14,42.4,17.91,61.4,188.8,181.3,2.0655,1.4551,0.9867,1.566,28.28,40.5,138.9,17975.8,-10.8,INJECTOR_CLOGGING,0.1245,1115.0
DESCENT,3825.1,35.1,19.55,167.3,171.9,170.7,169.4,1110.7,1101.1,1099.3,1101.9,10.97,45.4,17.81,51.4,166.6,157.3,1.0939,0.8884,0.6041,0.8852,28.2,43.8,113.2,7936.6,10.0,NOMINAL,0.0725,1440.0
CLIMB,5490.5,85.2,34.06,228.2,223.9,226.0,224.8,1465.4,1460.3,1468.8,1455.6,27.16,47.8,18.06,69.9,199.6,195.9,2.7696,2.1323,1.3979,2.1734,28.15,43.1,104.8,11918.8,5.6,NOMINAL,0.1117,1444.2
TRANSIT,4905.3,67.9,28.7,207.5,203.4,214.3,208.1,1368.9,1384.5,1375.7,1359.8,17.94,44.5,17.78,61.1,185.4,182.1,1.8206,1.572,1.0356,1.512,28.03,39.3,137.0,17975.6,-11.8,INJECTOR_CLOGGING,0.1015,996.8
CLIMB,5493.9,83.8,34.41,235.8,228.7,232.8,234.3,1480.6,1471.9,1447.8,1468.8,26.77,45.3,18.21,68.5,197.7,195.2,2.7371,2.094,1.4685,2.1628,28.24,41.8,104.6,11990.4,5.8,NOMINAL,0.0042,1465.5
TRANSIT,4873.7,69.0,28.94,205.8,206.3,207.3,203.9,1362.3,1380.3,1372.4,1396.1,18.77,45.5,18.1,61.7,189.5,181.9,1.9269,1.4113,1.0094,1.4971,28.08,38.9,139.0,18076.3,-11.2,NOMINAL,0.0591,1459.7
TRANSIT,4885.8,68.0,29.01,203.8,205.5,207.3,208.7,1376.6,1395.8,1391.5,1395.8,19.3,46.8,17.75,62.1,186.4,182.5,2.0657,1.4679,0.9559,1.5637,28.09,41.5,142.3,17959.9,-10.5,NOMINAL,0.072,1478.5
TAKEOFF,5727.8,96.7,38.02,241.3,223.7,241.6,242.6,1532.8,1420.4,1519.2,1527.9,32.1,45.5,18.23,71.1,211.9,208.2,7.2912,5.532,3.6749,5.6941,28.03,42.0,84.1,1172.7,26.8,CYLINDER_MISFIRE,0.3718,841.9
ISR_LOITER,4598.0,57.2,26.71,196.0,195.7,193.8,197.1,1306.4,1319.3,1320.6,1313.8,15.58,44.3,17.67,60.7,181.4,175.4,1.5439,1.1934,0.7769,1.2126,28.45,39.2,122.1,21919.4,-21.2,NOMINAL,0.0449,1489.5
TAKEOFF,5782.4,99.0,38.77,238.3,236.1,241.4,240.4,1522.9,1528.5,1512.9,1523.9,33.05,46.0,18.18,71.5,211.2,208.0,3.6799,2.7453,1.6795,2.8225,28.3,41.6,83.0,1232.0,27.1,NOMINAL,0.1162,1466.1
TRANSIT,4865.1,70.0,28.66,206.0,203.7,205.1,204.3,1381.3,1379.1,1400.6,1396.9,19.61,44.0,18.0,62.2,185.2,180.9,1.9405,1.4547,0.918,1.4971,28.18,44.9,139.9,17967.8,-9.9,NOMINAL,0.1148,1436.9
ISR_LOITER,4608.1,57.5,26.24,192.9,190.2,190.0,193.6,1304.5,1306.7,1304.1,1328.9,15.81,44.8,18.08,58.5,181.9,175.3,1.6337,1.2461,0.8541,1.2847,28.13,39.8,121.7,22025.4,-21.8,NOMINAL,0.0317,1467.9
CLIMB,5454.0,84.6,34.11,234.5,238.6,237.4,237.0,1443.8,1452.0,1435.7,1434.2,26.36,44.9,18.13,68.6,203.4,196.5,2.8876,2.1081,1.4519,2.2279,28.19,42.0,105.5,12001.4,6.4,NOMINAL,0.0363,1480.8
CLIMB,5446.2,85.0,33.89,233.8,234.0,236.0,233.8,1463.3,1476.7,1469.8,1459.4,26.88,46.5,17.92,68.6,196.9,197.6,2.9152,2.0377,1.4384,2.215,27.87,43.9,103.4,11982.9,6.4,NOMINAL,0.1002,1434.5
ISR_LOITER,4624.6,57.9,26.85,241.4,238.7,237.7,241.3,1323.3,1312.0,1307.3,1321.7,15.61,46.2,17.89,56.1,180.0,214.1,1.6044,1.2019,0.7826,1.2424,28.01,41.0,124.6,21936.4,-21.6,COOLING_DEGRADATION,0.6501,386.0
TRANSIT,4913.2,67.8,29.45,208.1,202.4,211.8,204.3,1380.8,1368.9,1367.1,1388.4,18.45,45.2,18.06,62.9,189.0,183.7,1.7524,1.3779,0.9047,1.389,28.36,43.1,141.3,17953.8,-13.2,NOMINAL,0.0658,1457.7
CLIMB,5412.3,84.5,33.91,224.0,213.0,228.3,222.4,1457.3,1386.7,1470.3,1476.4,27.05,45.5,18.07,68.8,197.3,197.0,4.9989,3.769,2.4905,3.89,28.16,41.2,104.9,12113.4,5.1,CYLINDER_MISFIRE,0.282,791.9
ISR_LOITER,4571.9,59.6,26.57,200.3,198.3,198.7,200.7,1332.3,1302.6,1341.0,1324.7,15.66,45.6,17.89,59.1,181.4,175.3,1.5273,1.2015,0.8096,1.2155,28.33,41.2,124.3,22064.1,-20.3,NOMINAL,0.1187,1431.2
ISR_LOITER,4599.9,56.8,26.31,192.2,197.2,191.5,190.9,1327.6,1299.6,1318.2,1315.3,15.66,44.0,17.79,58.9,182.2,173.7,1.5857,1.132,0.8043,1.2169,28.11,42.3,124.8,21937.1,-21.9,NOMINAL,0.006,1458.2
CLIMB,5498.4,86.8,34.57,225.9,226.9,228.6,227.7,1467.6,1478.9,1464.0,1471.2,27.29,45.9,18.61,66.8,198.5,197.6,5.1867,3.8618,2.6088,4.0258,28.47,42.0,105.5,12065.3,4.0,COMBUSTION_INSTABILITY,0.3783,756.9
RECOVERY,2163.3,23.0,17.89,162.2,159.8,159.2,159.7,847.0,838.5,845.8,847.7,7.54,44.1,18.04,49.5,145.0,150.2,0.7774,0.5985,0.3136,0.5947,26.56,38.9,65.1,817.0,26.0,SENSOR_DRIFT,0.9468,202.5
ISR_LOITER,4567.4,57.8,26.13,196.2,198.2,191.1,194.5,1344.0,1323.2,1330.4,1331.4,16.02,45.2,17.89,57.2,177.9,175.1,1.6394,1.2489,0.8856,1.2951,28.29,40.5,126.1,21929.8,-22.2,NOMINAL,0.0809,1435.6
ISR_LOITER,4600.2,58.9,26.16,194.8,199.1,200.7,202.5,1320.7,1331.2,1331.7,1331.7,15.73,45.0,17.93,58.4,181.1,173.4,1.6387,1.2273,0.804,1.2699,28.1,40.4,121.8,21936.9,-23.3,NOMINAL,0.1102,1449.9
ISR_LOITER,4555.2,59.6,26.61,194.9,188.3,198.6,198.6,1327.3,1252.9,1328.9,1337.2,15.49,44.8,17.94,58.3,181.5,175.4,2.7999,1.9869,1.3755,2.1353,28.14,40.5,127.9,21989.5,-22.8,CYLINDER_MISFIRE,0.2419,1050.6
TAKEOFF,5830.8,99.4,38.38,237.3,240.0,239.2,242.9,1518.4,1522.3,1539.9,1515.7,32.58,45.8,17.9,65.5,224.2,204.9,5.5661,4.2909,2.8157,4.3712,28.07,43.2,85.9,1146.9,25.7,LUBRICATION_FAILURE,0.3253,793.7
ISR_LOITER,4552.1,59.0,26.78,192.4,191.4,194.5,192.7,1322.5,1311.0,1327.5,1297.6,15.63,45.8,17.84,56.3,176.5,175.6,1.6741,1.179,0.8295,1.2755,28.49,43.4,126.6,21978.0,-22.4,NOMINAL,0.0693,1436.1
CLIMB,5511.8,82.4,33.82,231.8,232.8,229.7,234.5,1441.6,1417.8,1434.3,1435.1,27.26,45.9,18.16,69.6,200.4,201.0,2.8467,2.0975,1.487,2.2147,28.09,42.2,105.4,12026.1,4.5,NOMINAL,0.1179,1473.2
CLIMB,5484.4,86.2,33.98,230.3,232.8,229.8,227.2,1454.5,1446.6,1444.7,1447.4,27.86,44.8,17.9,69.3,201.1,200.3,2.9162,2.2474,1.363,2.2666,28.35,40.9,104.6,12026.5,5.1,NOMINAL,0.082,1467.4
DESCENT,3770.5,36.4,19.17,173.5,171.0,182.0,172.6,1111.5,1132.8,1101.4,1125.1,10.13,44.6,18.21,52.0,168.2,162.0,1.1449,0.8719,0.6178,0.9042,28.18,42.4,113.0,7965.5,12.1,INJECTOR_CLOGGING,0.2339,777.9
ISR_LOITER,4606.4,57.6,26.29,196.1,191.2,191.7,189.5,1327.9,1319.2,1303.7,1313.9,15.98,45.7,18.2,55.6,182.1,171.6,1.6778,1.2515,0.9196,1.32,27.13,40.9,125.6,22008.3,-19.8,SENSOR_DRIFT,0.5617,541.3
CLIMB,5446.8,85.4,34.19,233.1,224.5,230.7,230.7,1456.6,1427.4,1459.6,1460.3,26.97,43.8,17.67,68.5,198.2,198.9,4.107,3.1428,2.0934,3.2211,28.3,40.6,100.8,12062.7,5.1,CYLINDER_MISFIRE,0.1668,1121.0
ISR_LOITER,4597.2,56.4,27.03,191.0,196.7,192.2,195.6,1332.3,1328.6,1332.4,1320.0,15.43,44.6,17.99,57.1,179.8,175.0,1.6209,1.3294,0.7515,1.2857,28.31,42.0,128.7,21956.8,-22.2,NOMINAL,0.0954,1461.8
ISR_LOITER,4584.2,55.9,26.77,200.2,199.9,202.6,202.6,1336.9,1335.8,1341.5,1336.9,16.34,45.7,19.42,59.0,179.8,178.6,3.3907,2.5374,1.6861,2.6317,28.47,39.5,123.8,22035.9,-21.6,COMBUSTION_INSTABILITY,0.5106,698.4
ISR_LOITER,4606.3,59.3,26.57,253.4,252.9,252.8,253.6,1285.2,1297.9,1281.5,1298.5,16.11,43.7,17.71,57.6,182.3,232.7,1.7456,1.115,0.7367,1.2693,28.03,43.1,126.4,22025.2,-21.7,COOLING_DEGRADATION,0.8775,255.7
TRANSIT,4928.7,70.3,28.8,205.0,203.0,203.5,207.7,1363.4,1348.7,1353.3,1349.9,18.66,45.2,18.26,62.5,187.5,182.6,1.8164,1.4,0.9553,1.4343,28.43,43.3,140.5,18025.6,-10.8,NOMINAL,0.1185,1455.7
DESCENT,3798.7,36.0,19.48,169.9,172.7,168.7,169.0,1081.0,1105.4,1087.5,1120.9,11.98,43.9,17.96,37.7,190.5,160.8,2.4904,1.7966,1.2724,1.9191,28.28,38.9,115.0,7978.7,12.3,LUBRICATION_FAILURE,0.6037,559.1
ISR_LOITER,4593.4,55.9,26.74,198.8,199.9,196.1,199.5,1288.4,1295.3,1288.3,1308.1,16.12,44.4,17.75,62.0,180.2,174.9,1.5367,1.1415,0.8268,1.2039,28.25,41.2,126.7,21989.3,-21.4,NOMINAL,0.1053,1430.2
ISR_LOITER,4609.8,56.5,24.35,192.3,193.6,215.9,192.9,1344.6,1318.8,1230.5,1323.3,13.44,39.6,17.55,56.0,178.8,176.1,1.5801,1.2102,0.8556,1.2508,28.19,42.7,124.8,22066.1,-21.3,INJECTOR_CLOGGING,0.7093,424.4
ISR_LOITER,4648.5,59.2,26.36,196.9,195.9,197.6,201.5,1292.7,1316.6,1302.3,1300.6,15.97,45.0,18.07,57.9,179.7,175.2,1.5924,1.1859,0.8029,1.2365,28.12,44.2,121.8,21928.5,-20.4,NOMINAL,0.0144,1464.4
CLIMB,5517.9,85.0,33.67,229.5,230.6,231.4,229.3,1447.7,1450.1,1427.3,1457.4,25.95,43.9,18.12,72.6,197.3,194.0,2.8783,2.1263,1.4175,2.2223,27.9,41.6,105.5,11931.6,3.5,INJECTOR_CLOGGING,0.1355,874.1
CLIMB,5515.1,84.5,33.69,237.2,234.3,234.2,235.7,1480.1,1454.5,1447.7,1450.5,26.25,44.1,18.24,65.1,199.8,196.6,2.8141,2.0844,1.3045,2.1576,28.13,43.4,105.4,11985.9,5.7,CYLINDER_MISFIRE,0.0037,1327.2
DESCENT,3794.6,34.7,20.42,168.7,167.2,169.8,169.8,1095.9,1095.5,1088.4,1069.4,10.85,44.1,18.21,54.6,165.0,160.5,1.1516,0.8845,0.5783,0.9024,28.46,44.4,112.3,8006.0,11.7,NOMINAL,0.0305,1468.0
ISR_LOITER,4661.8,59.0,26.39,202.8,199.6,198.9,198.8,1322.9,1331.2,1340.7,1314.8,16.14,48.7,17.8,59.4,179.8,172.1,1.4621,1.243,0.7365,1.1868,26.83,42.2,128.8,21954.5,-23.0,SENSOR_DRIFT,0.8312,348.1
ISR_LOITER,4475.3,56.7,26.41,189.5,157.3,192.1,191.6,1325.6,1161.1,1341.8,1346.3,15.55,46.2,17.95,58.6,180.6,171.4,4.3019,3.1963,2.1389,3.3315,28.25,40.8,125.7,21944.6,-22.3,CYLINDER_MISFIRE,0.6158,491.0
TRANSIT,4920.8,67.1,28.79,207.8,210.0,204.5,207.8,1339.0,1344.3,1352.3,1356.1,18.69,46.4,17.95,61.1,188.8,184.2,1.8435,1.4414,0.9722,1.463,28.2,42.5,141.4,18012.2,-12.0,NOMINAL,0.0741,1455.0
PREFLIGHT,1184.1,16.1,16.03,140.8,98.8,138.7,143.6,662.2,418.4,659.1,650.0,5.91,44.7,18.16,46.6,130.7,135.2,2.0253,1.4986,0.9159,1.5477,28.33,43.0,0.6,531.0,29.8,CYLINDER_MISFIRE,0.8509,309.5
TAKEOFF,5700.2,96.0,38.39,247.2,225.3,245.6,244.6,1532.2,1404.9,1498.1,1528.2,31.66,45.7,17.92,70.7,208.3,205.2,7.7816,5.761,3.8147,6.0082,28.09,44.4,84.9,1063.2,26.6,CYLINDER_MISFIRE,0.4072,639.6
ISR_LOITER,4564.1,59.1,27.07,192.8,198.7,196.3,197.6,1349.2,1357.2,1354.9,1349.7,15.86,47.1,17.85,60.3,178.5,176.3,1.5956,1.2377,0.8152,1.2573,28.28,43.0,125.4,22062.5,-21.5,NOMINAL,0.0832,1457.7
TRANSIT,4881.6,68.5,28.57,210.1,209.0,208.2,208.9,1361.5,1371.7,1383.8,1362.5,18.74,46.0,18.83,64.0,189.6,184.8,3.5283,2.5994,1.8079,2.7371,28.2,43.4,139.1,17972.8,-12.7,COMBUSTION_INSTABILITY,0.3825,675.4
ISR_LOITER,4635.4,59.5,26.41,202.8,205.4,204.0,208.2,1346.1,1336.0,1330.6,1334.1,15.42,44.3,17.88,58.8,178.4,183.1,1.5459,1.1295,0.7876,1.1952,28.11,40.3,123.8,22079.1,-22.4,COOLING_DEGRADATION,0.1092,853.9
ISR_LOITER,4628.7,58.9,26.46,204.5,201.4,197.7,198.6,1338.8,1314.7,1329.0,1299.7,16.18,44.9,17.91,57.9,178.6,172.8,1.6037,1.1752,0.7505,1.2269,28.49,41.9,124.1,21998.1,-22.1,NOMINAL,0.0771,1451.0
ISR_LOITER,4594.8,57.2,26.98,193.6,191.6,187.9,191.7,1344.2,1317.3,1327.2,1321.8,16.01,47.0,18.0,56.9,183.8,175.5,1.5976,1.1876,0.7445,1.227,28.3,43.4,124.5,22034.9,-24.1,NOMINAL,0.1004,1472.9
ISR_LOITER,4557.6,57.7,26.48,200.0,194.8,200.8,200.6,1331.3,1299.8,1327.4,1320.5,15.65,44.1,18.07,56.2,180.2,177.6,1.5573,1.1755,0.737,1.2042,28.32,40.6,123.7,22037.4,-21.6,NOMINAL,0.0674,1447.2
RECOVERY,2158.4,21.9,17.94,155.6,160.5,156.0,156.1,863.6,870.0,877.2,864.1,8.2,47.5,17.76,50.0,145.3,150.0,0.7145,0.6741,0.3729,0.6066,28.37,41.9,64.7,800.0,26.7,NOMINAL,0.1093,1427.6
ISR_LOITER,4608.1,58.4,26.08,194.3,194.9,193.2,192.7,1331.8,1298.2,1333.5,1338.9,16.09,45.0,18.22,59.6,177.0,174.2,1.6079,1.2105,0.827,1.2563,28.28,42.2,126.3,21991.1,-20.6,NOMINAL,0.0602,1454.1
TRANSIT,4946.1,68.7,29.08,210.5,209.1,209.4,207.8,1374.3,1382.8,1389.0,1356.0,18.49,43.3,17.95,63.2,189.5,184.8,1.9181,1.3233,0.9589,1.4548,28.37,43.5,141.5,17986.4,-10.7,NOMINAL,0.1177,1464.3
ISR_LOITER,4572.6,57.4,26.22,206.5,205.3,201.0,205.1,1302.6,1317.7,1307.5,1321.6,16.3,44.1,18.19,56.7,179.8,183.7,1.5598,1.2218,0.8601,1.2471,28.27,41.9,122.3,21874.5,-22.3,COOLING_DEGRADATION,0.1401,1014.5
TAKEOFF,5759.0,98.2,38.58,238.0,239.1,238.9,240.9,1496.4,1487.9,1498.4,1497.9,32.55,46.6,17.78,72.5,210.8,204.6,3.6049,2.6974,1.8018,2.7999,28.52,42.8,83.1,1203.9,29.5,NOMINAL,0.0264,1471.3
ISR_LOITER,4595.6,59.5,26.64,192.9,192.9,196.2,196.7,1330.4,1318.9,1341.5,1329.6,15.88,44.2,17.97,61.4,176.2,180.7,1.7342,1.2884,0.821,1.3344,28.13,41.2,122.4,21985.6,-22.2,NOMINAL,0.0099,1480.6
CLIMB,5512.5,83.7,34.1,230.4,231.6,230.1,230.3,1480.5,1502.5,1470.5,1459.0,27.77,43.0,17.93,68.1,202.0,200.8,2.7801,2.2153,1.389,2.2035,27.82,41.9,104.5,11976.9,6.0,SENSOR_DRIFT,0.0983,1065.4
CLIMB,5503.9,86.5,34.19,225.7,229.2,231.6,225.8,1480.0,1459.6,1469.7,1454.8,27.46,43.6,17.95,69.9,201.1,199.8,2.8821,2.1243,1.4969,2.2405,28.28,41.8,104.4,11983.8,4.9,NOMINAL,0.0625,1466.2
ISR_LOITER,4623.4,58.0,26.91,196.2,196.5,197.7,194.1,1319.2,1318.5,1338.0,1331.5,15.86,47.7,17.93,56.5,177.3,176.0,1.4983,1.2396,0.7855,1.2108,28.1,43.2,123.8,21963.1,-22.0,NOMINAL,0.041,1450.0
CLIMB,5489.0,84.4,33.58,228.6,228.2,236.9,228.5,1468.1,1452.5,1447.8,1473.0,27.52,45.0,17.58,67.9,196.6,195.9,2.8065,2.0906,1.4119,2.1787,28.36,41.9,103.5,12028.3,3.3,NOMINAL,0.065,1467.3
TRANSIT,4901.3,68.2,27.49,208.1,208.9,217.6,206.6,1378.4,1378.9,1327.5,1354.0,17.36,43.3,18.12,64.3,188.0,182.8,1.8972,1.4572,0.9897,1.4947,28.02,42.1,140.1,17972.8,-11.7,INJECTOR_CLOGGING,0.4401,823.2
TRANSIT,4883.9,66.8,28.79,208.6,210.7,208.4,208.7,1354.5,1366.8,1364.3,1371.1,18.58,46.4,17.89,60.2,186.3,185.6,1.7402,1.4917,1.0052,1.445,28.24,40.6,141.1,17958.8,-12.5,NOMINAL,0.0313,1483.7
ISR_LOITER,4605.6,59.1,26.7,199.3,203.2,198.9,201.4,1335.6,1299.5,1323.4,1312.0,15.34,44.0,17.64,59.2,179.5,177.2,1.6227,1.1969,0.7569,1.2435,27.55,42.6,124.4,21969.9,-22.0,SENSOR_DRIFT,0.3309,813.0
TRANSIT,4903.0,67.9,28.72,205.7,203.0,206.5,207.8,1391.3,1389.2,1383.0,1393.6,18.35,49.5,18.23,62.4,189.0,181.7,1.9374,1.4607,0.9105,1.4962,28.16,42.5,140.8,17987.1,-12.4,NOMINAL,0.0661,1473.9
TRANSIT,4914.5,68.9,29.18,210.8,208.4,210.1,209.9,1392.1,1377.2,1395.3,1383.8,18.63,44.4,17.97,60.6,186.3,183.0,1.9741,1.4218,1.0124,1.5214,28.35,42.4,138.0,18012.4,-11.6,NOMINAL,0.0421,1478.1
DESCENT,3802.9,34.9,20.36,164.9,170.3,166.3,164.3,1100.1,1101.4,1093.2,1099.4,10.79,44.3,17.89,56.0,167.2,160.0,1.1866,0.9732,0.658,0.964,28.15,45.5,114.3,7986.3,12.6,NOMINAL,0.0493,1475.0
TAKEOFF,5803.4,97.4,38.52,240.0,237.7,238.5,241.7,1524.3,1515.3,1522.7,1525.3,33.37,44.6,17.93,72.3,211.3,209.0,3.5806,2.6881,1.7408,2.7735,28.01,42.0,83.2,1122.6,26.3,NOMINAL,0.0001,1475.9
TAKEOFF,5811.8,97.8,38.47,236.9,236.2,236.9,236.1,1531.7,1534.6,1523.6,1522.9,32.27,44.2,17.82,71.9,209.4,204.9,3.6329,2.7177,1.8648,2.832,28.21,41.6,85.2,1232.3,29.0,NOMINAL,0.0229,1451.3
ISR_LOITER,4608.4,58.3,26.26,189.0,192.9,190.2,190.6,1309.7,1331.6,1332.4,1332.7,16.12,42.9,17.75,56.0,179.2,173.2,1.6273,1.1988,0.8219,1.2597,28.28,39.0,126.7,21980.2,-21.1,NOMINAL,0.0044,1469.4
CLIMB,5504.0,85.9,33.5,262.8,263.3,261.9,264.7,1459.6,1440.9,1452.9,1431.9,27.38,45.1,17.98,70.5,200.6,237.0,2.7127,2.0408,1.4414,2.1292,28.16,43.7,103.0,12060.0,4.9,COOLING_DEGRADATION,0.5145,721.3
TRANSIT,4819.8,68.5,29.18,200.8,183.6,202.3,202.7,1362.9,1286.4,1386.2,1394.7,18.83,43.8,17.82,62.4,189.4,182.0,3.5861,2.7655,1.8645,2.8275,28.15,42.0,141.3,17980.8,-11.1,CYLINDER_MISFIRE,0.3239,913.1
ISR_LOITER,4481.5,58.6,26.89,195.0,178.0,198.2,193.5,1314.2,1198.8,1325.8,1340.6,15.98,45.1,17.82,57.3,178.7,174.3,3.6717,2.7528,1.8518,2.8571,28.29,43.5,126.6,21929.7,-23.2,CYLINDER_MISFIRE,0.4685,696.1
CLIMB,5491.5,86.3,33.9,222.4,226.4,221.7,226.8,1469.0,1463.2,1461.0,1462.9,26.71,42.5,18.85,68.9,202.0,200.7,5.3814,4.1861,2.6787,4.2292,28.26,42.9,103.7,12040.5,2.8,COMBUSTION_INSTABILITY,0.4358,636.0
CLIMB,5505.5,85.2,34.38,280.2,278.5,281.8,278.1,1452.9,1463.8,1452.1,1444.2,27.13,45.9,18.09,68.8,198.6,254.0,2.8826,2.0596,1.4112,2.2017,28.23,42.2,105.9,12000.0,5.6,COOLING_DEGRADATION,0.7942,289.2
TRANSIT,4921.9,68.2,28.88,208.7,213.9,205.3,207.2,1383.9,1374.2,1378.9,1359.9,18.42,44.9,18.0,62.1,183.8,181.7,2.0197,1.4086,0.9038,1.5144,28.11,43.8,135.0,18031.9,-11.6,NOMINAL,0.1025,1449.8
ISR_LOITER,4629.3,58.6,26.62,197.7,195.4,197.9,197.9,1323.3,1309.5,1305.2,1313.3,15.8,44.5,18.2,59.4,181.5,177.9,1.619,1.1356,0.8699,1.2473,28.27,43.7,125.9,21971.1,-23.2,NOMINAL,0.1066,1433.9
ISR_LOITER,4624.2,58.6,26.99,197.0,196.6,192.7,191.8,1321.0,1330.0,1326.7,1318.7,16.68,44.7,18.09,56.3,178.7,175.1,1.6443,1.071,0.7615,1.2153,27.88,39.5,128.1,21967.4,-19.7,NOMINAL,0.0412,1457.9
CLIMB,5506.4,85.1,33.58,228.2,229.7,227.9,227.9,1460.1,1469.6,1480.6,1453.0,26.11,46.0,18.26,66.2,202.6,199.2,2.706,1.9409,1.366,2.0781,28.36,41.2,105.2,11915.6,5.8,NOMINAL,0.0016,1485.5
ISR_LOITER,4509.2,58.8,26.31,202.1,188.4,203.3,204.5,1316.8,1232.1,1321.5,1324.6,16.46,44.8,17.96,58.0,179.8,174.6,3.1016,2.3081,1.5466,2.4041,28.29,43.3,127.0,22048.3,-21.4,CYLINDER_MISFIRE,0.3284,748.7
CLIMB,5482.7,84.2,33.59,228.4,228.3,229.4,230.1,1463.4,1464.8,1468.5,1456.1,27.44,44.4,17.93,64.6,198.9,195.4,2.8936,2.1515,1.3696,2.2269,28.13,39.8,103.3,12026.0,6.2,NOMINAL,0.0058,1487.0
PREFLIGHT,1397.1,14.5,16.08,139.0,136.1,140.1,139.3,652.7,656.9,647.9,646.7,6.04,45.4,18.08,43.3,130.0,132.8,0.6057,0.4383,0.3077,0.4668,26.67,43.9,3.9,487.3,27.3,SENSOR_DRIFT,0.7875,320.0
ISR_LOITER,4566.1,56.8,26.12,198.3,198.1,194.6,195.9,1327.9,1342.8,1360.8,1344.4,15.73,45.2,18.02,57.5,179.7,171.5,1.5397,1.1746,0.7436,1.1977,28.23,42.8,127.6,21978.2,-23.9,NOMINAL,0.099,1470.5
DESCENT,3729.8,36.5,19.89,164.4,150.3,168.7,171.3,1097.7,944.0,1085.5,1106.3,10.79,46.4,18.07,52.4,164.8,157.4,2.5453,1.9671,1.2805,1.999,28.27,45.1,118.0,7974.1,13.1,CYLINDER_MISFIRE,0.4393,718.2
DESCENT,3782.9,35.8,20.09,165.0,167.7,169.4,170.6,1072.9,1080.6,1073.9,1087.8,11.43,43.9,17.73,54.6,165.1,160.2,1.1044,0.8899,0.5648,0.8814,28.11,40.6,117.3,7964.4,12.9,NOMINAL,0.0686,1457.9
TRANSIT,4869.4,68.7,28.49,207.2,212.0,203.3,204.9,1410.4,1396.5,1427.7,1395.5,18.8,44.2,17.61,61.8,187.3,182.8,1.9673,1.3812,0.9929,1.5015,28.21,40.7,138.6,18001.2,-11.6,NOMINAL,0.1194,1470.0
CLIMB,5505.6,86.9,33.71,233.6,237.6,233.6,234.3,1465.0,1475.4,1468.7,1459.7,27.16,46.9,17.88,69.3,198.8,198.8,2.8432,2.1745,1.3594,2.2106,28.17,41.2,106.4,12032.2,5.2,NOMINAL,0.0086,1484.4
ISR_LOITER,4598.1,56.6,26.38,197.2,189.4,192.7,194.7,1323.3,1325.8,1300.9,1327.2,16.24,44.1,17.82,43.0,200.3,179.0,3.1926,2.2837,1.4806,2.4221,28.05,41.3,126.4,22051.3,-21.7,LUBRICATION_FAILURE,0.5514,690.1
ISR_LOITER,4612.1,56.8,26.56,192.7,194.2,191.9,191.4,1316.2,1316.8,1327.5,1332.1,15.85,45.1,18.02,59.6,177.9,175.5,1.6134,1.2528,0.7602,1.2584,28.44,41.8,122.6,21974.1,-21.3,NOMINAL,0.1009,1440.1
ISR_LOITER,4595.1,58.2,26.77,200.0,202.3,197.3,199.3,1317.8,1311.6,1304.3,1304.3,15.72,44.0,17.72,56.1,179.0,174.6,1.5531,1.1459,0.8496,1.2175,28.04,42.0,127.4,22006.8,-19.7,NOMINAL,0.1105,1460.3
DESCENT,3815.2,35.5,19.8,168.9,169.8,167.8,168.4,1080.2,1086.6,1071.6,1077.5,10.68,44.6,18.06,46.4,178.1,159.1,1.8527,1.4395,0.8732,1.4453,28.21,41.6,114.3,7967.4,12.5,LUBRICATION_FAILURE,0.2644,905.3
CLIMB,5495.7,85.3,34.15,230.5,227.7,231.1,232.1,1453.5,1419.1,1466.8,1447.1,27.01,44.8,18.24,70.5,201.4,200.9,3.7525,2.7116,1.9373,2.8976,28.32,41.5,103.8,12016.7,6.4,CYLINDER_MISFIRE,0.1317,1141.5
ISR_LOITER,4629.7,57.4,23.43,195.9,194.7,211.4,199.4,1328.1,1336.0,1229.0,1310.4,13.4,37.0,18.08,58.8,182.1,174.4,1.413,1.1905,0.8363,1.1709,28.22,42.0,124.4,22042.8,-20.4,INJECTOR_CLOGGING,0.8269,336.2
TRANSIT,4897.8,67.3,28.76,208.1,209.4,206.8,208.3,1376.0,1353.8,1373.5,1358.8,18.33,44.9,17.59,61.5,185.2,179.2,1.8996,1.4875,0.9894,1.5056,28.1,40.3,139.6,18039.2,-11.5,NOMINAL,0.0239,1476.9
TAKEOFF,5827.4,98.6,38.95,246.2,243.6,244.8,243.1,1522.3,1528.1,1528.7,1499.2,32.84,43.6,17.9,69.4,208.7,207.8,3.6302,2.7084,1.8969,2.835,28.09,42.4,87.4,1245.8,27.7,NOMINAL,0.0579,1480.8
PREFLIGHT,1428.2,13.8,13.23,141.9,143.4,167.7,141.6,634.6,623.3,538.1,649.7,3.33,37.4,17.93,44.4,131.6,132.5,0.4732,0.5172,0.3246,0.446,28.02,43.7,-4.0,546.0,29.1,INJECTOR_CLOGGING,0.7982,318.5
ISR_LOITER,4635.5,58.7,26.53,192.7,195.1,194.1,192.0,1309.5,1321.9,1325.9,1328.1,15.45,44.6,18.14,57.1,180.6,175.2,1.5489,1.2829,0.7983,1.2493,28.09,43.4,128.3,22003.9,-22.8,NOMINAL,0.0592,1483.7
TAKEOFF,5641.9,98.5,38.29,240.0,213.9,240.1,239.4,1525.9,1376.2,1520.0,1517.5,32.58,45.7,18.04,70.2,211.1,204.6,8.7397,6.4076,4.2356,6.7176,28.32,38.4,86.9,1248.3,26.7,CYLINDER_MISFIRE,0.4968,542.0
ISR_LOITER,4581.4,58.2,26.68,194.3,195.4,194.1,194.8,1312.5,1296.0,1323.2,1291.4,15.4,45.2,17.87,58.1,182.7,171.8,1.6171,1.1005,0.7861,1.2171,28.09,39.8,127.6,22014.3,-20.6,NOMINAL,0.0314,1460.8
TRANSIT,4879.8,66.9,29.08,203.8,206.7,206.1,204.1,1405.5,1394.7,1399.4,1399.3,18.25,45.5,18.11,63.7,187.3,181.6,1.8055,1.3933,0.9113,1.4179,28.24,43.1,142.0,18058.1,-11.4,NOMINAL,0.0373,1487.3
RECOVERY,2211.4,21.1,17.42,153.0,154.7,154.2,154.2,831.7,848.8,823.4,859.4,7.5,44.2,17.69,46.2,145.4,147.1,0.6919,0.5222,0.3668,0.5434,28.13,43.1,63.9,925.8,26.2,NOMINAL,0.0592,1470.1
ISR_LOITER,4616.7,59.1,26.49,197.0,198.4,192.3,194.1,1326.6,1322.3,1334.6,1337.3,15.08,45.8,17.86,58.0,178.2,176.6,1.5271,1.1972,0.8291,1.2183,28.25,40.7,124.8,21996.1,-21.3,NOMINAL,0.0109,1493.5
CLIMB,5492.9,83.6,34.27,234.4,231.1,229.6,234.1,1471.6,1474.9,1476.6,1481.4,26.8,45.9,17.85,67.6,201.4,197.3,2.9103,2.0558,1.4518,2.2214,28.01,41.3,106.6,12086.5,5.5,NOMINAL,0.0237,1477.1
RECOVERY,2219.1,21.4,17.21,149.2,147.7,156.2,152.5,860.4,861.4,856.6,855.0,7.19,45.6,18.28,49.8,147.5,147.8,0.8486,0.6227,0.4019,0.6505,28.38,43.0,65.4,761.3,27.3,NOMINAL,0.0479,1471.7
ISR_LOITER,4609.5,56.8,26.49,197.2,199.9,200.4,200.5,1334.2,1312.3,1343.1,1329.9,15.61,46.2,17.95,53.8,182.2,173.9,1.5862,1.2003,0.7848,1.2346,28.23,43.3,126.0,21948.4,-23.4,NOMINAL,0.0435,1478.2
CLIMB,5490.3,85.5,32.66,228.9,230.5,235.8,230.4,1471.3,1470.6,1423.2,1452.3,26.0,43.3,18.19,67.9,200.6,197.5,2.849,2.0728,1.3739,2.1834,28.19,41.8,102.1,11993.5,3.8,INJECTOR_CLOGGING,0.355,920.2
TAKEOFF,5693.3,96.9,38.52,242.3,219.1,241.4,240.3,1505.5,1379.4,1501.5,1515.2,32.5,45.3,18.28,71.9,210.1,206.3,8.5342,6.5159,4.2895,6.6756,28.14,40.0,82.9,1218.4,28.1,CYLINDER_MISFIRE,0.4971,593.6
DESCENT,3780.1,35.7,19.69,164.7,169.6,166.4,168.5,1091.4,1095.1,1101.1,1078.7,10.8,45.6,18.02,52.8,163.3,159.7,1.3113,0.8648,0.6434,0.98,28.26,40.8,117.3,8062.2,10.7,NOMINAL,0.0264,1478.6
DESCENT,3790.8,34.1,19.97,165.1,169.2,166.6,167.9,1092.0,1081.8,1092.5,1089.5,10.89,44.8,18.35,50.1,164.0,160.9,1.0823,0.8828,0.6534,0.8903,28.13,43.5,113.0,8068.0,14.2,NOMINAL,0.0587,1463.7
TRANSIT,4854.7,67.6,28.7,201.6,198.5,204.2,202.8,1383.3,1400.1,1394.8,1393.6,17.75,45.2,18.14,61.0,186.9,178.6,1.7266,1.4745,0.932,1.417,28.07,41.2,142.0,18084.6,-11.1,COOLING_DEGRADATION,0.0127,1215.9
ISR_LOITER,4579.3,56.8,26.72,198.0,194.8,197.4,194.5,1325.4,1335.8,1327.2,1316.3,15.82,44.7,17.92,57.5,177.6,175.5,1.5883,1.2758,0.8229,1.2685,28.44,44.2,122.3,21969.4,-23.3,NOMINAL,0.1081,1441.1
ISR_LOITER,4575.6,57.5,26.02,191.3,195.1,196.6,191.4,1318.9,1316.9,1316.6,1312.5,15.53,43.5,18.1,58.8,182.7,172.5,1.4894,1.1074,0.7488,1.1555,28.43,40.5,125.3,22083.4,-21.7,NOMINAL,0.0925,1434.8
TAKEOFF,5793.8,98.4,38.44,243.2,238.6,240.9,239.4,1501.3,1501.9,1516.3,1499.5,32.66,45.3,17.84,70.6,210.8,208.6,3.4883,2.6674,1.8006,2.7402,28.22,41.8,89.9,1187.2,25.5,NOMINAL,0.0583,1485.4
TRANSIT,4936.0,67.2,28.76,203.0,202.1,204.0,199.5,1385.0,1381.0,1392.7,1390.0,17.88,46.6,17.82,59.6,185.4,184.3,2.0282,1.4139,0.9895,1.5375,28.06,42.8,140.8,17936.4,-12.0,NOMINAL,0.0167,1455.7
TAKEOFF,5818.3,96.8,38.74,246.9,246.8,246.9,244.4,1530.5,1530.1,1511.8,1521.3,32.17,44.3,18.21,71.3,209.0,205.1,3.5772,2.6466,1.8068,2.7728,28.2,41.0,85.4,1178.9,27.8,NOMINAL,0.0606,1456.3
PREFLIGHT,1354.0,14.7,15.57,143.4,147.4,145.1,148.0,646.2,658.4,650.4,650.4,5.94,44.5,18.07,44.6,128.1,133.5,0.6415,0.4918,0.3485,0.5082,28.05,44.6,2.0,497.9,28.0,SENSOR_DRIFT,0.0546,944.1
TRANSIT,4864.1,68.2,29.03,204.5,202.8,199.4,197.5,1349.5,1387.5,1365.5,1369.4,19.46,43.8,18.18,61.6,189.7,183.0,1.7419,1.3693,0.9039,1.3816,28.23,41.1,140.5,18028.9,-10.3,NOMINAL,0.0403,1442.6
ISR_LOITER,4613.7,57.0,26.83,198.5,199.0,195.7,198.9,1299.6,1285.0,1283.8,1323.3,15.71,45.4,17.7,60.6,181.7,175.3,1.7359,1.1103,0.7658,1.2692,28.21,41.1,126.6,22025.7,-20.8,NOMINAL,0.0343,1486.3
ISR_LOITER,4591.8,58.1,26.36,201.3,193.3,197.2,200.7,1338.4,1345.4,1315.8,1327.0,15.24,44.0,18.28,56.2,179.4,173.1,1.6231,1.1113,0.8002,1.2261,27.81,41.5,127.7,22025.3,-22.3,SENSOR_DRIFT,0.2899,800.6
DESCENT,3659.7,36.0,19.76,169.0,151.1,171.2,174.9,1109.2,980.4,1104.7,1111.0,10.96,46.2,17.67,47.8,165.6,160.1,2.7865,2.1423,1.3264,2.169,28.44,40.8,117.1,7942.5,10.7,CYLINDER_MISFIRE,0.4905,644.0
TAKEOFF,5826.9,96.6,36.31,239.3,237.0,259.5,237.7,1526.5,1504.4,1465.7,1525.7,30.43,40.6,18.09,72.3,209.5,202.5,3.7263,2.7113,1.7618,2.8484,28.16,43.8,87.5,1185.7,26.5,INJECTOR_CLOGGING,0.6091,562.8
ISR_LOITER,4587.9,57.7,26.09,196.5,198.4,194.1,192.6,1321.7,1335.0,1327.7,1310.4,15.91,45.6,18.11,57.1,178.8,170.4,1.6179,1.2458,0.8486,1.2767,27.43,41.9,124.8,21957.0,-21.0,SENSOR_DRIFT,0.3343,645.2
ISR_LOITER,4385.8,56.3,26.27,192.9,159.3,191.9,196.4,1334.7,1098.9,1326.7,1307.2,15.65,43.6,18.12,59.5,178.7,175.4,5.0151,3.8406,2.5248,3.9275,28.22,42.9,123.1,21932.3,-22.1,CYLINDER_MISFIRE,0.789,298.3
ISR_LOITER,4598.3,56.7,26.57,193.0,188.4,186.6,186.9,1317.2,1298.0,1303.2,1300.3,15.2,43.1,18.08,56.2,184.4,172.0,1.5031,1.2271,0.8062,1.2131,28.39,42.7,127.3,22080.0,-22.3,NOMINAL,0.1127,1444.6
PREFLIGHT,1352.3,16.5,16.28,141.4,140.4,143.7,142.1,665.3,682.8,680.9,661.9,5.62,43.8,18.96,44.3,130.5,141.1,1.2484,0.9488,0.5822,0.9657,28.23,42.8,2.4,548.6,28.7,COMBUSTION_INSTABILITY,0.4299,726.7
ISR_LOITER,4584.0,60.2,26.25,193.5,193.9,193.7,193.4,1322.6,1325.6,1310.7,1312.1,15.95,45.3,18.03,58.3,181.2,177.2,1.556,1.2203,0.7756,1.2264,27.9,40.7,128.6,22051.1,-24.0,NOMINAL,0.096,1458.7
PREFLIGHT,1400.9,14.4,16.24,143.5,141.8,145.8,141.6,670.9,677.8,668.8,652.8,5.81,45.1,20.67,45.2,127.8,134.8,1.9915,1.2784,0.979,1.4786,28.15,42.7,1.9,462.8,29.2,COMBUSTION_INSTABILITY,0.9262,215.1
TRANSIT,4912.3,68.7,29.08,199.6,203.2,201.0,206.4,1402.0,1402.3,1412.3,1396.0,18.71,43.4,18.01,62.1,184.2,182.9,2.011,1.478,1.0149,1.5555,28.31,42.1,136.4,17956.6,-11.9,NOMINAL,0.0692,1475.6
ISR_LOITER,4667.8,59.4,27.16,192.6,189.6,194.3,192.5,1313.9,1311.3,1318.4,1326.8,15.42,44.6,17.95,57.8,178.3,176.1,1.601,1.1836,0.8203,1.2433,28.18,40.8,125.6,22006.4,-23.9,NOMINAL,0.028,1468.7
CLIMB,5524.9,84.6,34.05,231.1,227.5,227.7,227.1,1466.6,1460.9,1464.7,1451.8,27.02,42.9,18.1,67.0,199.2,198.3,2.7154,2.0383,1.5198,2.1477,28.2,43.4,103.7,11991.1,4.3,NOMINAL,0.1198,1445.2
TRANSIT,4883.3,66.7,29.34,203.7,205.1,200.4,202.7,1366.3,1401.1,1386.0,1381.2,18.16,46.4,18.35,56.6,199.5,182.5,2.6944,2.0425,1.2769,2.0866,28.05,42.6,139.5,18059.9,-13.2,LUBRICATION_FAILURE,0.2444,776.5
CLIMB,5526.9,85.6,33.83,225.1,224.2,224.5,224.3,1470.6,1478.1,1451.9,1482.5,27.56,44.7,18.06,70.0,201.3,199.2,2.8886,2.0095,1.3552,2.1771,28.18,43.6,108.6,12034.1,4.5,NOMINAL,0.0296,1490.1
ISR_LOITER,4613.9,58.4,26.82,196.7,198.1,197.0,198.4,1318.0,1301.1,1323.9,1323.4,16.48,44.1,18.05,58.3,179.5,172.2,1.5725,1.1853,0.779,1.2227,28.26,44.4,126.5,21958.8,-21.0,NOMINAL,0.0304,1491.8
CLIMB,5528.4,85.6,34.49,294.9,289.7,298.8,292.0,1485.3,1482.0,1483.5,1486.2,27.39,45.6,18.0,67.3,199.7,265.1,2.8212,2.0565,1.4288,2.1779,28.46,40.8,101.4,12002.3,5.6,COOLING_DEGRADATION,0.9975,131.8
TRANSIT,4917.9,66.9,29.42,206.1,207.0,205.2,205.3,1358.4,1358.1,1343.8,1374.2,19.01,42.9,18.03,61.5,187.3,180.2,1.8695,1.5598,0.9876,1.517,28.19,39.9,139.0,17998.6,-12.9,NOMINAL,0.0348,1452.7
RECOVERY,2205.3,21.2,17.65,156.2,158.0,155.5,153.0,849.4,853.6,845.1,852.3,6.77,45.7,18.12,48.0,147.5,146.2,0.8631,0.6235,0.3783,0.6524,27.41,41.9,65.5,806.4,24.6,SENSOR_DRIFT,0.4278,773.2
TRANSIT,4903.3,69.0,28.74,211.9,210.3,210.7,212.5,1375.9,1362.1,1375.1,1390.9,19.25,46.2,18.09,60.8,188.9,181.9,1.8567,1.4141,0.9129,1.4469,28.55,41.4,141.6,18000.6,-13.3,NOMINAL,0.0243,1455.5
ISR_LOITER,4597.9,56.9,26.81,189.7,196.5,191.2,194.9,1332.1,1342.5,1311.0,1321.9,16.98,44.3,17.99,59.2,181.9,178.9,1.5584,1.1699,0.8082,1.218,28.46,41.1,124.4,21972.9,-22.2,NOMINAL,0.0554,1448.5
TAKEOFF,5800.3,96.2,38.97,241.9,246.6,244.0,244.0,1512.7,1532.6,1540.8,1537.4,32.28,41.7,18.04,62.5,231.6,206.3,6.3073,4.7261,3.1543,4.9013,28.13,41.4,85.4,1263.8,27.8,LUBRICATION_FAILURE,0.4153,751.0
ISR_LOITER,4484.0,58.1,26.72,196.6,172.4,197.8,194.1,1348.3,1174.6,1315.1,1318.3,16.2,45.9,18.0,57.4,178.0,175.0,3.9444,2.8064,2.0062,3.0254,28.29,41.6,125.2,21959.4,-21.8,CYLINDER_MISFIRE,0.5159,630.2
ISR_LOITER,4628.0,57.6,26.35,195.2,193.7,193.1,193.3,1326.9,1307.9,1313.7,1304.5,16.32,44.3,18.31,61.7,181.5,173.7,1.5262,1.2737,0.8163,1.2407,28.2,42.8,123.2,21991.0,-22.9,NOMINAL,0.0578,1451.0
RECOVERY,2210.1,22.7,17.85,149.9,151.1,154.6,154.4,867.3,847.3,873.8,866.4,7.59,45.9,18.24,49.9,145.6,148.9,1.0887,0.6682,0.491,0.7901,28.15,41.1,65.6,783.1,26.9,COMBUSTION_INSTABILITY,0.1262,840.3
ISR_LOITER,4606.7,57.0,26.15,195.5,195.6,193.2,193.2,1302.7,1312.7,1344.1,1327.8,15.63,46.0,18.1,58.5,179.2,174.9,1.653,1.2624,0.7949,1.2855,26.54,39.5,123.5,21983.6,-23.1,SENSOR_DRIFT,0.9747,161.4
ISR_LOITER,4588.4,57.7,26.31,189.4,188.4,189.7,193.3,1313.4,1313.2,1318.7,1329.3,15.23,45.7,18.04,59.3,181.2,178.8,1.5537,1.1471,0.7672,1.1998,28.24,43.7,127.9,21970.2,-20.2,NOMINAL,0.0209,1476.2
RECOVERY,2177.3,22.4,17.55,182.8,180.1,182.0,182.5,801.8,816.8,813.2,813.1,7.3,44.5,17.79,53.9,141.6,180.4,0.7742,0.5523,0.4292,0.6024,28.36,42.2,65.3,810.8,25.8,COOLING_DEGRADATION,0.4854,758.0
TRANSIT,4917.8,69.1,28.47,203.8,203.0,206.1,207.7,1353.3,1356.1,1359.5,1362.5,18.85,43.8,17.95,61.6,187.1,183.2,1.8805,1.3266,0.8823,1.423,28.18,44.7,141.0,18048.3,-12.0,NOMINAL,0.0407,1441.3
ISR_LOITER,4627.2,58.1,26.47,196.3,198.2,197.2,200.9,1339.2,1334.0,1324.7,1343.6,15.92,46.1,19.7,56.4,179.2,176.0,3.9033,2.8974,1.917,3.0169,28.29,43.5,125.5,22080.0,-20.8,COMBUSTION_INSTABILITY,0.6465,495.6
ISR_LOITER,4588.7,56.3,26.05,197.2,197.8,200.7,197.1,1318.3,1327.3,1273.6,1321.1,14.85,43.5,18.4,57.2,177.3,171.8,1.6107,1.2743,0.7171,1.256,28.31,41.0,124.9,22067.2,-22.3,INJECTOR_CLOGGING,0.1909,809.3
TRANSIT,4893.9,65.9,29.03,208.5,207.4,204.0,206.0,1371.9,1355.6,1392.0,1410.5,18.23,45.2,17.82,62.3,190.4,183.0,1.9806,1.5139,1.0366,1.5588,28.25,40.7,138.7,17992.5,-12.3,NOMINAL,0.0032,1449.6
ISR_LOITER,4565.0,57.1,26.48,189.8,192.1,192.7,193.1,1340.6,1327.6,1322.5,1332.2,15.17,44.5,17.9,56.8,179.6,179.2,1.582,1.2307,0.7586,1.2373,28.09,40.6,123.5,22074.9,-22.4,NOMINAL,0.1082,1474.3
CLIMB,5502.6,86.7,33.59,234.0,235.7,237.1,234.4,1434.2,1445.5,1413.5,1438.3,26.01,43.5,18.1,65.9,200.9,196.8,2.6297,2.1453,1.4191,2.1238,28.14,43.3,109.2,12005.5,6.2,INJECTOR_CLOGGING,0.1489,1112.9
TRANSIT,4859.1,68.4,28.58,203.2,202.6,204.7,202.0,1379.8,1389.5,1395.1,1386.7,19.14,46.9,18.36,60.5,187.8,182.3,1.8194,1.4131,0.9155,1.4312,27.59,40.4,140.1,18085.0,-13.3,SENSOR_DRIFT,0.1592,967.5
TRANSIT,4896.6,67.2,28.87,203.9,207.8,201.9,207.2,1381.6,1382.6,1392.9,1377.1,19.13,44.9,20.07,62.0,189.9,180.4,5.2182,3.9973,2.6508,4.0921,28.14,43.4,139.3,17930.3,-9.0,COMBUSTION_INSTABILITY,0.8169,304.8
RECOVERY,2181.4,19.5,17.27,152.2,153.1,153.7,156.9,817.0,813.6,828.4,810.9,8.22,44.1,18.64,47.6,146.2,149.7,1.3343,0.9495,0.5955,1.0061,28.25,42.8,66.8,733.5,26.0,COMBUSTION_INSTABILITY,0.2892,852.2
CLIMB,5532.8,86.1,34.06,230.0,228.2,229.8,228.3,1463.4,1471.7,1457.6,1459.1,26.35,46.8,17.89,70.0,196.1,203.0,2.7825,2.1173,1.3392,2.1617,28.18,41.0,103.2,11984.5,3.3,NOMINAL,0.029,1451.6
ISR_LOITER,4648.6,60.9,26.29,193.6,197.8,198.8,195.2,1330.2,1326.9,1323.7,1336.0,15.52,44.5,19.67,57.3,181.9,174.8,4.2957,3.1462,2.0958,3.3037,28.0,42.1,128.6,22030.9,-22.1,COMBUSTION_INSTABILITY,0.7798,321.4
TRANSIT,4922.7,66.8,29.03,210.6,209.9,210.7,212.3,1354.9,1371.7,1350.9,1357.2,19.27,45.9,17.88,60.6,188.0,180.5,1.758,1.4174,0.8846,1.4003,28.12,44.6,139.1,17927.3,-11.3,NOMINAL,0.053,1463.1
DESCENT,3803.5,36.2,19.67,174.8,170.7,171.6,169.9,1095.4,1100.3,1089.2,1095.2,11.32,46.2,19.38,52.2,164.5,158.7,2.6487,1.9892,1.3723,2.0701,28.34,42.0,113.6,7892.5,11.0,COMBUSTION_INSTABILITY,0.559,486.2
TRANSIT,4891.1,68.7,28.46,194.2,191.9,195.3,195.7,1350.0,1372.8,1373.5,1366.0,18.4,46.3,18.33,61.9,188.5,183.4,2.0433,1.5025,0.9249,1.5586,28.39,38.9,141.1,18142.2,-13.3,NOMINAL,0.055,1475.6
TAKEOFF,5796.0,98.7,35.96,243.5,243.4,261.8,242.2,1514.2,1511.9,1418.8,1505.5,29.73,38.7,18.03,74.3,206.6,206.7,3.7576,2.5803,1.8919,2.8494,28.44,42.2,84.6,1167.8,26.7,INJECTOR_CLOGGING,0.7443,326.4
CLIMB,5380.4,84.6,34.11,236.2,213.6,233.4,235.4,1468.8,1323.7,1461.5,1456.1,28.37,45.4,18.48,70.2,200.3,197.1,6.5034,4.9207,3.2779,5.0745,28.07,42.6,103.5,12079.0,3.9,CYLINDER_MISFIRE,0.4719,553.8
TRANSIT,4867.8,69.8,28.58,244.3,239.1,241.2,245.9,1385.4,1398.5,1403.2,1400.9,18.47,46.6,17.95,59.2,183.4,219.3,1.9374,1.3772,0.9801,1.4844,28.05,43.2,142.7,18023.9,-13.2,COOLING_DEGRADATION,0.5832,530.3
TAKEOFF,5766.5,99.2,38.99,238.9,236.6,241.6,242.1,1537.1,1529.1,1537.5,1527.1,33.0,43.7,18.14,71.7,210.4,206.5,3.5748,2.6193,1.7948,2.7605,28.07,43.5,87.1,1232.3,28.4,NOMINAL,0.1168,1427.0
ISR_LOITER,4608.6,58.8,25.77,196.8,200.6,200.8,200.5,1333.6,1317.6,1342.4,1317.2,15.6,43.1,18.04,57.5,177.3,179.2,1.4888,1.1972,0.7943,1.1946,28.08,42.0,125.1,21989.0,-23.6,NOMINAL,0.0852,1441.0
CLIMB,5491.0,85.1,34.36,233.2,232.2,229.9,230.5,1467.6,1482.9,1453.8,1467.0,26.98,43.8,17.93,67.1,202.2,197.8,2.7191,1.9964,1.3815,2.1046,28.37,40.9,102.6,12029.5,4.9,NOMINAL,0.0217,1468.4
ISR_LOITER,4606.9,56.3,26.46,199.3,199.0,198.4,196.6,1302.7,1308.3,1306.5,1302.6,15.87,46.3,17.87,58.8,183.2,173.7,1.5688,1.0927,0.7974,1.196,28.34,42.9,123.0,21966.5,-22.7,NOMINAL,0.0349,1443.5
TAKEOFF,5774.9,98.1,38.49,233.1,233.0,233.6,234.5,1544.8,1545.6,1547.7,1520.4,32.47,44.4,18.07,73.4,208.9,205.3,3.5677,2.6205,1.7327,2.7445,28.4,45.0,83.2,1226.6,26.9,NOMINAL,0.0666,1460.6
DESCENT,3762.7,33.1,20.15,172.4,175.3,177.0,173.6,1087.3,1088.0,1098.4,1072.7,11.37,46.8,18.11,54.9,164.9,159.9,1.1184,0.948,0.6906,0.9357,27.73,40.2,116.7,8081.3,13.6,SENSOR_DRIFT,0.0675,1204.2
ISR_LOITER,4606.0,57.1,26.52,194.3,198.1,200.3,195.5,1308.4,1319.5,1303.4,1321.3,15.08,45.4,18.31,57.0,180.0,169.1,1.5348,1.1916,0.8509,1.2247,28.39,42.9,121.6,21988.6,-22.3,NOMINAL,0.0627,1470.1
DESCENT,3812.6,36.0,19.71,170.0,167.6,169.3,169.4,1131.9,1122.9,1121.1,1105.3,10.87,44.2,18.34,51.3,164.3,157.2,1.0964,0.9045,0.6556,0.9037,28.19,42.0,118.4,8000.8,12.0,NOMINAL,0.0787,1447.1
TRANSIT,4910.4,68.2,29.47,205.1,205.0,202.9,204.0,1388.3,1402.2,1385.4,1388.1,18.5,47.2,18.15,62.9,188.2,181.1,1.9857,1.4024,1.0442,1.5276,28.23,43.0,140.0,18134.4,-13.0,NOMINAL,0.0108,1483.9
ISR_LOITER,4591.1,57.7,26.42,192.9,192.6,195.4,195.3,1303.2,1308.0,1306.4,1287.2,15.75,45.2,17.8,55.9,181.5,173.2,1.6689,1.2028,0.7854,1.2713,28.3,42.2,124.8,21957.9,-20.5,NOMINAL,0.0975,1442.4
ISR_LOITER,4561.2,58.1,26.7,201.9,192.3,201.6,199.9,1323.7,1265.2,1333.2,1315.9,15.76,43.8,17.9,58.5,179.7,173.8,2.6777,1.9788,1.3242,2.0688,28.2,42.5,121.8,22001.7,-20.4,CYLINDER_MISFIRE,0.2333,950.6
PREFLIGHT,1335.5,14.6,15.82,143.1,142.5,143.5,141.4,641.4,653.9,655.7,659.9,5.76,43.9,18.07,44.5,125.9,135.9,0.533,0.4512,0.3133,0.4419,28.14,41.6,1.3,412.3,26.7,NOMINAL,0.0464,1465.6
ISR_LOITER,4602.9,57.9,26.19,193.8,195.9,190.4,193.3,1307.0,1305.3,1303.0,1311.0,15.25,44.1,17.98,59.0,181.8,175.0,1.6399,1.223,0.7102,1.2503,28.1,38.8,124.3,21996.1,-21.9,NOMINAL,0.0792,1457.1
RECOVERY,2187.6,21.2,17.58,155.1,157.1,153.3,156.3,870.3,837.4,855.5,847.0,7.17,47.6,18.11,47.4,147.0,149.8,0.8049,0.6079,0.3932,0.625,28.17,40.7,63.9,798.4,25.6,NOMINAL,0.0442,1455.7
ISR_LOITER,4627.6,57.6,26.34,193.4,193.2,192.7,192.4,1314.0,1334.2,1342.8,1317.0,15.81,42.8,18.01,56.9,182.5,177.7,1.4987,1.172,0.8085,1.1935,28.42,43.8,127.6,21991.7,-20.7,NOMINAL,0.1059,1474.4
TRANSIT,4857.4,69.6,28.83,207.1,208.2,207.3,206.1,1400.1,1410.0,1399.7,1406.7,18.19,46.3,18.15,60.3,187.1,180.7,1.8815,1.4714,0.9161,1.477,28.11,41.5,140.9,17898.1,-11.6,NOMINAL,0.1152,1449.1
ISR_LOITER,4623.7,57.5,26.13,193.5,197.9,192.8,191.8,1329.1,1331.6,1342.7,1327.5,15.78,44.3,18.43,57.4,178.8,174.4,1.5805,1.0813,0.7534,1.1881,28.0,40.9,128.2,21891.3,-23.3,NOMINAL,0.0513,1452.1
PREFLIGHT,1413.1,16.1,15.45,155.3,151.6,152.6,155.8,671.4,674.6,666.2,667.7,6.64,46.0,17.7,44.3,131.8,147.7,0.4228,0.5519,0.2996,0.4371,28.18,43.1,-4.0,508.8,29.0,COOLING_DEGRADATION,0.283,925.0
ISR_LOITER,4454.3,57.9,26.36,192.1,167.4,196.3,193.1,1331.6,1167.5,1337.5,1327.3,15.43,43.6,17.99,58.7,179.8,173.4,4.409,3.2679,2.1381,3.4005,28.03,41.5,124.2,21981.5,-20.4,CYLINDER_MISFIRE,0.6177,442.9
DESCENT,3810.0,35.4,19.86,173.1,173.9,178.9,175.2,1122.3,1114.0,1090.5,1106.5,11.33,44.9,17.94,51.9,162.6,157.3,1.0443,0.9053,0.649,0.8815,28.34,43.6,111.0,7976.8,12.5,NOMINAL,0.0819,1480.5
ISR_LOITER,4414.8,59.5,26.39,193.0,169.8,196.4,194.1,1296.8,1158.3,1329.7,1316.7,15.57,46.0,17.95,57.4,179.6,174.2,4.1657,3.1511,2.1469,3.2605,27.87,41.3,127.8,21980.3,-20.9,CYLINDER_MISFIRE,0.575,569.6
TRANSIT,4904.8,69.2,29.09,209.7,210.2,207.1,208.4,1388.1,1406.1,1409.3,1389.6,19.2,44.5,18.2,61.6,187.5,176.5,1.9008,1.3603,0.989,1.4653,27.95,41.1,140.0,18044.6,-11.8,SENSOR_DRIFT,0.0769,1202.9
CLIMB,5443.8,86.4,33.82,229.6,231.2,229.0,229.4,1464.3,1471.2,1480.0,1465.7,26.53,45.1,17.99,67.9,200.4,202.2,2.8458,2.0109,1.4053,2.1692,27.97,42.8,105.0,11936.7,4.7,NOMINAL,0.0949,1431.2
PREFLIGHT,1398.1,16.8,15.53,139.8,139.8,138.4,141.2,647.8,646.4,660.5,659.6,6.68,44.4,18.33,43.5,128.9,131.1,0.4922,0.5269,0.2537,0.4413,27.92,39.3,-0.3,352.2,27.2,SENSOR_DRIFT,0.1897,1062.4
ISR_LOITER,4593.0,58.3,24.6,198.6,202.0,212.1,199.9,1325.3,1308.0,1258.3,1333.4,14.03,39.2,18.0,54.6,181.7,172.5,1.6575,1.2113,0.6989,1.2521,28.16,41.5,123.3,22038.3,-24.1,INJECTOR_CLOGGING,0.5483,635.9
ISR_LOITER,4570.2,57.3,26.9,199.6,200.0,196.6,198.4,1300.3,1323.0,1319.9,1313.8,15.37,43.7,18.28,59.8,185.2,172.6,1.6152,1.1682,0.739,1.2274,28.26,44.5,125.3,22031.7,-20.5,NOMINAL,0.0977,1471.5
ISR_LOITER,4642.4,58.3,26.56,196.2,195.2,195.2,195.2,1317.8,1312.7,1313.4,1304.1,16.34,46.9,17.98,58.1,182.3,177.6,1.6654,1.2599,0.7483,1.2807,28.09,45.0,125.1,21999.2,-20.6,NOMINAL,0.0946,1444.8
ISR_LOITER,4583.9,57.4,26.09,190.6,192.9,192.2,195.7,1314.3,1318.5,1315.8,1321.9,15.49,44.5,18.26,59.1,182.1,174.3,1.7221,1.166,0.7729,1.2809,28.19,44.1,123.8,21936.3,-20.7,NOMINAL,0.1136,1474.0
CLIMB,5483.3,84.8,34.49,255.4,257.0,257.3,257.7,1479.0,1493.7,1466.5,1489.9,27.1,48.6,18.0,66.3,199.7,218.2,2.9055,2.0808,1.395,2.2149,28.2,40.8,103.6,11931.9,3.0,COOLING_DEGRADATION,0.3405,926.8
RECOVERY,2196.9,21.5,17.2,157.3,156.8,160.1,155.7,871.1,888.0,871.5,851.6,7.15,43.8,18.11,46.7,145.3,144.3,0.9504,0.5861,0.4304,0.6909,28.13,40.8,67.5,800.7,25.0,NOMINAL,0.1182,1424.4
PREFLIGHT,1397.5,13.7,16.44,142.1,142.9,145.5,143.8,653.2,637.4,651.6,651.1,6.44,43.0,18.13,28.5,167.3,136.2,1.3003,1.0618,0.6516,1.0397,28.2,39.8,1.6,431.7,28.3,LUBRICATION_FAILURE,0.6998,494.7
DESCENT,3791.1,33.8,20.34,166.7,169.2,168.8,171.3,1129.6,1127.3,1124.4,1109.1,11.22,46.5,18.78,51.8,160.2,157.8,2.1169,1.6112,1.0937,1.6606,27.88,45.3,114.5,7986.0,11.0,COMBUSTION_INSTABILITY,0.3557,814.2
ISR_LOITER,4364.3,58.3,26.65,193.1,147.5,194.3,191.0,1315.7,1068.2,1319.8,1316.6,15.57,44.0,18.47,58.0,181.3,177.4,5.9091,4.4953,2.9867,4.6205,28.29,42.2,127.2,21893.9,-22.1,CYLINDER_MISFIRE,0.9583,193.1
PREFLIGHT,1393.9,14.9,15.75,135.1,132.9,133.5,132.9,655.1,651.6,648.1,633.8,5.87,45.2,18.23,32.9,152.9,134.0,1.1436,0.8741,0.6077,0.9021,27.95,40.6,0.2,532.6,26.9,LUBRICATION_FAILURE,0.5021,651.2
ISR_LOITER,4595.8,56.4,26.79,196.1,197.6,194.6,200.3,1346.7,1320.6,1343.7,1331.3,15.54,43.3,19.38,57.7,179.4,172.4,3.9648,2.9766,1.8673,3.0587,28.29,42.9,127.8,21914.2,-22.7,COMBUSTION_INSTABILITY,0.6448,396.4
CLIMB,5467.4,84.2,35.05,228.8,226.4,226.5,227.5,1465.0,1457.3,1440.8,1447.0,27.3,44.4,18.12,68.8,197.9,198.6,2.7712,2.0121,1.3537,2.1261,28.2,41.2,105.8,11968.5,7.0,NOMINAL,0.0509,1448.0
CLIMB,5487.4,87.7,33.72,227.1,231.2,234.4,227.2,1470.3,1470.2,1456.2,1459.3,26.06,44.8,18.04,62.3,212.9,200.3,4.0643,3.0363,2.0662,3.1626,28.51,39.6,102.3,11943.5,3.8,LUBRICATION_FAILURE,0.2523,788.5
ISR_LOITER,4552.6,56.9,26.39,235.3,234.3,237.2,233.9,1329.0,1340.4,1339.3,1326.1,15.96,43.8,17.81,56.7,179.7,216.1,1.5671,1.2458,0.809,1.2466,28.22,42.7,127.2,22024.3,-20.8,COOLING_DEGRADATION,0.6245,576.1
RECOVERY,2219.5,21.9,17.39,220.1,219.8,221.2,223.2,847.4,850.7,855.9,861.5,6.49,44.2,17.89,46.7,145.7,208.0,0.8161,0.5019,0.3723,0.5935,28.04,41.3,65.0,811.5,25.6,COOLING_DEGRADATION,0.9647,156.7
ISR_LOITER,4609.9,58.2,25.84,190.1,192.9,192.7,191.5,1328.3,1303.7,1324.9,1311.9,16.14,44.0,18.15,59.0,180.2,172.8,1.5068,1.2706,0.8443,1.238,28.05,40.1,123.5,22101.2,-20.9,NOMINAL,0.06,1447.7
PREFLIGHT,1434.6,15.1,15.47,131.4,129.8,136.2,136.3,672.0,645.0,656.4,662.4,6.83,45.6,17.81,46.3,129.2,132.2,0.6363,0.5344,0.2546,0.5017,28.09,40.7,-1.1,496.0,27.9,NOMINAL,0.0933,1442.2
CLIMB,5500.9,84.2,33.74,228.5,228.2,227.5,231.9,1460.1,1451.2,1460.7,1453.9,26.86,46.2,18.3,68.1,198.7,198.0,2.8214,2.0884,1.431,2.1886,28.31,38.9,106.3,12053.0,6.3,NOMINAL,0.0492,1456.8
ISR_LOITER,4562.5,58.1,26.71,190.7,186.0,197.1,190.5,1335.0,1350.4,1341.7,1342.6,15.66,44.0,18.16,57.3,181.9,175.1,1.5192,1.1658,0.8007,1.1984,28.09,42.7,125.6,21928.6,-21.5,NOMINAL,0.0523,1480.2
ISR_LOITER,4617.4,58.3,26.34,190.7,188.0,186.5,188.9,1318.0,1323.7,1330.4,1308.2,15.69,45.0,17.94,55.4,179.6,178.2,1.5364,1.1791,0.945,1.2442,28.05,40.9,122.7,21968.8,-23.7,SENSOR_DRIFT,0.1464,1097.0
ISR_LOITER,4613.6,58.6,26.65,197.0,194.9,195.6,197.3,1322.9,1305.0,1312.9,1305.4,15.0,46.5,18.09,56.6,180.7,177.0,1.5406,1.2007,0.8102,1.2209,28.02,41.1,125.4,22006.9,-22.0,NOMINAL,0.1008,1447.9
TRANSIT,4930.0,67.0,29.18,200.6,200.2,202.3,202.6,1357.3,1374.7,1369.2,1353.4,19.38,44.8,17.9,60.9,186.4,182.5,1.8237,1.416,0.8936,1.4294,26.69,42.2,138.6,17889.5,-13.1,SENSOR_DRIFT,0.939,179.3
CLIMB,5495.8,85.4,34.29,232.0,233.5,226.5,233.8,1467.7,1463.3,1473.6,1475.8,27.99,45.2,17.91,67.9,201.1,193.2,2.8229,2.1535,1.3883,2.201,28.17,39.9,103.4,11963.5,5.4,NOMINAL,0.0926,1475.8
TRANSIT,4918.3,66.3,29.39,199.9,201.2,202.8,202.0,1371.7,1386.5,1398.3,1380.4,18.25,46.1,17.81,61.9,187.0,185.3,1.903,1.3901,0.9265,1.462,27.82,41.5,140.6,17982.9,-13.0,NOMINAL,0.0944,1478.0
TAKEOFF,5849.2,97.3,38.5,241.0,239.3,239.7,239.5,1522.5,1529.6,1506.3,1512.7,32.68,45.5,18.17,71.2,209.7,206.8,3.5588,2.7093,1.7565,2.7743,28.52,42.2,87.6,1202.1,27.6,NOMINAL,0.1129,1438.4
TRANSIT,4907.8,67.7,28.91,206.7,206.3,205.1,208.6,1403.6,1402.8,1405.6,1406.3,18.55,45.6,18.15,63.1,188.1,182.3,1.8327,1.3874,1.0027,1.4479,28.08,40.3,141.3,18029.2,-11.8,NOMINAL,0.0005,1484.2
ISR_LOITER,4591.6,58.9,26.82,195.5,192.9,193.1,193.7,1321.6,1319.5,1355.7,1328.5,15.11,45.5,18.13,55.2,179.1,176.6,1.6507,1.1851,0.7519,1.251,28.37,40.2,129.1,22030.4,-22.8,NOMINAL,0.1057,1445.2
PREFLIGHT,1393.1,15.0,15.96,141.5,136.9,141.1,141.9,654.6,658.5,658.0,665.5,5.97,46.4,17.53,44.9,129.5,133.8,0.6383,0.4534,0.312,0.4866,27.43,44.8,4.6,454.5,26.9,SENSOR_DRIFT,0.4621,566.0
ISR_LOITER,4617.9,57.9,26.68,193.7,197.1,196.4,198.0,1314.8,1304.7,1316.9,1316.8,15.36,43.7,18.11,56.8,182.9,174.4,1.6673,1.1592,0.7698,1.2538,27.97,41.4,123.4,21925.3,-22.1,NOMINAL,0.1151,1455.9
TAKEOFF,5833.9,97.5,38.13,237.0,237.7,237.3,235.1,1508.3,1503.9,1503.6,1509.4,32.27,45.3,17.98,71.7,209.3,203.1,3.6391,2.7522,1.7682,2.8252,28.25,40.9,82.4,1153.7,25.8,NOMINAL,0.0892,1459.8
TRANSIT,4874.0,67.2,28.77,205.0,203.9,198.6,203.0,1396.2,1374.3,1369.3,1392.7,18.47,45.4,18.0,63.0,188.7,181.9,1.9368,1.4677,0.9614,1.5088,27.32,42.2,140.8,18008.7,-11.3,SENSOR_DRIFT,0.4403,573.1
TRANSIT,4916.0,68.4,28.44,209.9,209.4,210.0,211.3,1418.2,1414.1,1420.6,1412.8,19.35,45.9,17.96,59.4,187.8,182.3,1.9487,1.4086,0.9492,1.4925,27.91,44.0,142.6,18040.4,-11.5,NOMINAL,0.1117,1445.5
RECOVERY,2158.7,22.4,17.81,158.7,155.9,159.3,151.0,856.2,875.0,872.2,859.5,7.46,47.8,18.27,44.7,144.3,147.9,0.877,0.6325,0.4587,0.6781,28.25,42.4,66.3,773.8,26.5,NOMINAL,0.09,1452.5
ISR_LOITER,4642.5,58.2,26.78,194.8,195.2,190.6,191.8,1304.8,1324.0,1318.9,1321.4,15.82,42.4,17.85,57.7,177.5,170.8,1.68,1.1519,0.8274,1.2693,28.41,41.2,124.9,22034.2,-22.3,NOMINAL,0.0461,1444.4
ISR_LOITER,4609.8,58.3,26.56,201.5,202.9,202.8,202.1,1301.5,1312.2,1314.2,1307.7,15.58,44.9,18.01,56.9,181.5,175.5,1.7402,1.1502,0.8089,1.2917,28.4,41.1,122.4,22028.1,-23.8,NOMINAL,0.0511,1462.1
ISR_LOITER,4616.2,58.2,26.43,203.0,200.7,200.8,202.0,1306.9,1318.4,1304.7,1331.9,15.88,45.9,18.46,59.9,180.2,180.4,1.526,1.1806,0.8181,1.2099,28.12,42.5,123.6,22003.9,-22.8,NOMINAL,0.1011,1435.5
RECOVERY,2219.9,21.3,16.39,158.6,159.5,168.6,158.0,856.6,858.2,825.6,853.5,6.25,43.1,18.09,46.9,146.5,151.4,0.9168,0.5122,0.4586,0.6616,28.21,41.2,59.5,830.9,26.8,INJECTOR_CLOGGING,0.3097,775.9
TAKEOFF,5787.8,97.2,38.36,278.3,277.8,282.2,275.7,1507.7,1517.7,1525.3,1529.0,32.43,45.6,17.62,70.7,208.4,248.3,3.633,2.6993,1.8007,2.8123,28.14,42.1,85.0,1170.9,26.4,COOLING_DEGRADATION,0.6363,413.9
ISR_LOITER,4615.4,57.4,25.98,195.7,192.3,192.8,195.8,1332.8,1324.2,1318.5,1334.3,15.13,42.3,20.26,57.5,179.8,175.4,4.4882,3.288,2.2203,3.4585,28.22,41.8,122.2,22011.4,-21.5,COMBUSTION_INSTABILITY,0.8038,277.0
RECOVERY,2201.3,22.6,17.73,169.6,167.3,166.0,170.5,865.7,866.4,848.9,850.4,7.01,43.0,17.95,49.9,144.5,160.8,0.8156,0.5669,0.4022,0.6187,28.34,43.5,66.4,718.0,25.8,COOLING_DEGRADATION,0.1442,1123.7
TRANSIT,4894.0,67.0,28.88,206.9,203.5,202.3,206.9,1362.2,1366.1,1385.1,1358.3,18.18,44.6,17.87,40.9,225.4,182.1,4.6744,3.4643,2.3482,3.6224,28.13,42.4,139.0,17985.6,-11.2,LUBRICATION_FAILURE,0.8258,269.2
ISR_LOITER,4634.6,56.7,26.71,197.6,200.1,195.6,197.1,1324.6,1303.4,1313.0,1319.1,15.96,44.8,17.9,56.9,178.9,174.3,1.6052,1.2865,0.8864,1.2933,28.42,40.7,129.4,22023.8,-23.2,INJECTOR_CLOGGING,0.0342,1262.2
ISR_LOITER,4599.2,58.1,26.5,193.4,194.4,195.7,197.3,1319.4,1315.7,1313.0,1312.3,15.66,45.5,17.61,59.2,179.3,173.2,1.5688,1.1556,0.9232,1.2448,28.14,42.3,123.4,22046.9,-23.2,NOMINAL,0.0644,1443.8
TRANSIT,4924.9,68.7,28.91,205.2,205.5,207.4,202.6,1364.9,1363.7,1353.9,1372.7,18.58,44.5,18.25,60.7,185.9,183.6,1.9791,1.3931,0.793,1.4704,28.16,41.0,144.3,18068.5,-12.3,NOMINAL,0.1091,1428.9
ISR_LOITER,4625.0,59.3,26.94,198.2,196.8,197.7,195.8,1314.0,1330.6,1343.7,1324.4,16.01,43.9,18.17,57.6,182.8,173.6,1.7351,1.2629,0.7686,1.3161,28.1,41.2,127.6,21927.5,-21.6,NOMINAL,0.114,1455.1
ISR_LOITER,4559.5,57.1,26.26,192.9,199.2,193.6,190.5,1319.5,1306.4,1301.7,1300.8,16.02,45.4,17.88,58.4,180.4,175.6,1.5241,1.2467,0.7558,1.2177,28.21,41.5,125.1,22062.9,-21.9,NOMINAL,0.0387,1462.3
DESCENT,3764.5,34.1,19.78,166.3,169.0,164.8,172.6,1091.3,1108.4,1082.6,1091.0,11.59,47.3,18.12,50.1,165.0,157.7,1.2763,0.93,0.6518,0.9864,28.28,42.5,112.4,7984.5,12.7,NOMINAL,0.0825,1477.8
PREFLIGHT,1379.2,15.0,15.44,138.8,139.7,150.3,141.7,663.1,642.3,618.3,653.2,5.22,43.9,18.13,42.9,129.7,132.2,0.5248,0.4871,0.3489,0.4599,27.88,42.2,2.1,414.5,27.9,INJECTOR_CLOGGING,0.2552,872.3
ISR_LOITER,4588.5,59.1,26.23,198.8,200.4,200.5,202.2,1327.6,1330.9,1321.1,1317.4,15.78,46.0,18.11,56.9,177.9,176.3,1.74,1.1966,0.8496,1.3142,28.02,43.4,124.6,22031.5,-19.8,NOMINAL,0.097,1465.5
ISR_LOITER,4619.0,57.2,25.97,199.3,196.6,200.4,197.9,1312.9,1326.1,1317.4,1336.3,15.88,42.5,18.11,62.0,178.2,171.9,1.7517,1.1527,0.807,1.2972,28.0,40.8,124.3,22015.0,-22.9,NOMINAL,0.0325,1486.8
ISR_LOITER,4596.7,57.5,26.74,196.7,201.3,198.4,198.8,1329.7,1312.9,1330.4,1296.6,16.5,44.2,18.11,59.0,179.0,177.0,1.6725,1.1978,0.7531,1.2648,28.42,42.5,127.4,21883.1,-21.4,NOMINAL,0.1039,1430.9
ISR_LOITER,4587.3,58.4,26.0,199.6,197.1,197.4,194.0,1306.0,1302.2,1310.6,1313.1,15.75,45.1,17.95,60.7,177.8,172.3,1.6244,1.163,0.7491,1.2319,28.26,40.4,125.3,21988.7,-22.1,NOMINAL,0.0394,1460.1
PREFLIGHT,1392.0,16.6,15.54,141.7,141.4,141.8,144.8,645.1,635.3,650.8,626.5,5.74,47.1,18.03,46.1,127.9,133.8,0.7252,0.3323,0.3132,0.4948,28.39,39.3,0.0,386.6,27.8,NOMINAL,0.032,1445.5
CLIMB,5507.2,85.2,34.06,231.4,228.7,238.4,232.2,1448.8,1471.1,1476.2,1450.3,26.75,47.2,17.78,54.8,225.6,200.0,5.7861,4.31,2.8822,4.4856,28.06,42.1,105.0,11970.0,4.4,LUBRICATION_FAILURE,0.5811,461.0
TAKEOFF,5802.1,97.0,38.76,260.0,264.0,264.9,263.7,1515.6,1509.0,1496.3,1528.4,31.9,44.0,17.91,72.9,204.5,223.1,3.7378,2.6613,1.8356,2.8532,28.13,42.4,84.7,1149.5,27.5,COOLING_DEGRADATION,0.2759,1012.4
ISR_LOITER,4606.0,57.9,26.61,223.6,226.3,225.1,226.9,1320.5,1333.0,1328.5,1341.8,15.1,43.9,17.89,58.4,180.8,209.3,1.6166,1.1967,0.7737,1.2442,28.31,40.8,125.8,22008.8,-23.6,COOLING_DEGRADATION,0.5104,640.5
ISR_LOITER,4650.5,59.1,26.68,195.9,190.6,188.6,193.4,1317.4,1314.5,1328.3,1333.8,15.85,46.0,18.27,58.7,181.2,174.4,1.7518,1.2323,0.8251,1.3252,28.16,41.0,123.5,21981.4,-21.9,INJECTOR_CLOGGING,0.0016,1163.8
ISR_LOITER,4609.1,58.6,26.61,229.5,232.4,229.7,229.3,1336.3,1325.4,1312.2,1332.0,15.96,45.7,17.65,58.9,177.9,207.8,1.6436,1.1296,0.7741,1.2352,28.0,43.1,125.0,21982.6,-22.5,COOLING_DEGRADATION,0.4756,659.0
TRANSIT,4893.3,70.3,28.63,199.3,199.0,201.9,200.4,1392.7,1388.6,1387.1,1384.6,17.73,44.6,18.22,61.1,192.0,183.6,1.9726,1.4387,0.9973,1.5227,28.13,44.2,137.4,17937.9,-12.2,NOMINAL,0.112,1434.3
PREFLIGHT,1370.2,14.4,16.13,148.6,145.7,146.6,148.7,662.1,644.5,648.9,646.3,6.82,45.6,18.12,43.9,130.3,134.1,0.5234,0.4384,0.2561,0.421,27.93,41.0,1.1,475.5,27.4,NOMINAL,0.0207,1483.8
DESCENT,3775.2,34.7,20.09,161.2,163.8,167.0,162.7,1086.7,1098.5,1103.2,1089.5,11.67,43.0,18.34,52.9,162.5,157.2,1.1497,0.916,0.6747,0.9338,28.16,42.3,117.5,7976.5,12.5,NOMINAL,0.0496,1451.6
ISR_LOITER,4614.6,58.1,25.75,191.5,193.9,195.3,191.2,1354.5,1365.9,1338.1,1347.4,15.81,42.5,18.1,59.6,177.6,177.4,1.4671,1.131,0.8156,1.1686,28.56,39.8,125.2,21961.3,-21.5,INJECTOR_CLOGGING,0.1094,898.6
ISR_LOITER,4647.9,57.8,27.11,191.2,194.3,188.3,193.8,1348.1,1324.6,1339.4,1321.7,16.5,43.8,18.02,41.3,211.8,173.9,3.4969,2.4777,1.7694,2.6769,28.24,41.4,120.7,21970.6,-21.5,LUBRICATION_FAILURE,0.6659,470.3
ISR_LOITER,4558.0,57.7,26.34,221.4,220.1,219.7,226.0,1349.5,1358.6,1352.0,1361.5,15.78,45.1,17.96,59.9,181.2,210.9,1.5877,1.1429,0.8343,1.2278,28.24,41.1,122.6,22019.3,-24.2,COOLING_DEGRADATION,0.4982,723.6
ISR_LOITER,4597.5,57.7,27.32,202.7,199.7,199.5,201.5,1328.1,1329.9,1316.8,1331.7,15.23,44.5,18.08,54.8,178.2,174.9,1.5917,1.1319,0.7405,1.206,28.25,39.7,123.8,22018.0,-22.3,NOMINAL,0.0608,1474.7
TRANSIT,4894.9,67.3,28.93,203.9,201.1,203.9,204.2,1362.7,1381.6,1358.0,1350.4,18.96,45.1,17.95,62.5,185.7,181.6,1.9737,1.5387,0.9532,1.5462,28.38,41.0,142.1,17996.3,-12.0,NOMINAL,0.0081,1490.6
ISR_LOITER,4575.1,58.3,26.21,194.4,197.3,198.0,199.7,1299.7,1312.9,1300.2,1321.4,15.41,44.8,17.82,59.1,181.3,178.1,1.7175,1.1906,0.7492,1.2817,26.87,43.1,125.5,21970.8,-22.8,SENSOR_DRIFT,0.8851,278.0
ISR_LOITER,4606.1,57.7,27.1,193.8,192.5,195.1,199.5,1309.9,1309.8,1305.1,1319.0,16.21,46.0,17.96,55.2,176.1,173.3,1.7842,1.143,0.8535,1.3189,28.26,43.3,125.7,21936.8,-20.7,NOMINAL,0.0963,1446.8
TRANSIT,4893.1,68.7,26.09,204.9,203.5,227.6,202.2,1385.4,1380.8,1275.0,1376.5,15.88,39.2,18.03,63.4,188.0,183.2,1.9513,1.4204,0.8497,1.4773,28.26,40.7,139.2,18086.0,-11.5,INJECTOR_CLOGGING,0.8499,267.0
RECOVERY,2185.6,22.7,17.56,150.6,150.6,153.2,152.8,856.8,862.2,854.1,849.7,6.67,46.1,18.19,49.8,143.4,147.8,0.6841,0.6322,0.3953,0.5842,28.2,44.9,65.4,876.5,26.5,NOMINAL,0.0236,1444.7
ISR_LOITER,4580.6,56.8,26.59,189.0,185.8,187.9,191.4,1344.3,1338.1,1348.2,1343.5,15.91,44.5,18.02,58.4,181.2,176.9,1.5085,1.1388,0.756,1.1753,28.52,40.3,126.4,21959.6,-22.1,NOMINAL,0.0687,1457.1
ISR_LOITER,4376.0,58.9,26.15,192.5,147.9,194.2,193.7,1312.1,1075.4,1317.9,1315.3,15.79,43.4,18.09,59.1,181.1,177.9,5.5502,4.2503,2.9168,4.3733,28.44,43.9,126.2,22005.5,-21.8,CYLINDER_MISFIRE,0.8978,276.1
ISR_LOITER,4578.1,57.1,26.37,195.8,196.4,195.2,194.5,1314.6,1317.7,1318.0,1330.7,16.02,45.3,18.11,57.7,178.9,171.6,1.5646,1.1069,0.8116,1.2016,28.05,41.7,124.5,21888.6,-23.9,NOMINAL,0.079,1441.7
ISR_LOITER,4615.5,58.5,26.34,191.7,184.9,189.1,188.4,1307.7,1316.8,1333.2,1344.2,15.84,45.1,18.29,58.9,179.0,175.5,2.1631,1.461,1.0243,1.6189,28.16,41.4,124.1,21994.7,-22.2,COMBUSTION_INSTABILITY,0.1235,848.5
PREFLIGHT,1391.2,14.4,15.76,155.0,155.5,149.8,153.0,641.8,652.7,624.6,623.3,5.91,45.7,18.02,45.3,131.6,150.6,0.4458,0.4889,0.3577,0.4343,28.29,41.4,2.4,478.1,28.2,COOLING_DEGRADATION,0.1905,761.7
CLIMB,5470.9,86.1,34.17,236.5,238.0,237.8,236.1,1470.9,1472.0,1480.4,1483.3,26.5,45.5,18.05,58.9,219.3,197.4,5.1116,3.8358,2.5807,3.9792,28.36,41.7,103.2,11952.8,6.4,LUBRICATION_FAILURE,0.4544,734.0
CLIMB,5497.3,85.8,33.93,227.4,230.0,229.8,233.0,1471.4,1470.5,1464.9,1470.8,26.36,46.1,17.84,66.1,199.8,199.1,3.017,1.9786,1.3707,2.2283,28.22,41.1,110.2,12026.2,4.8,NOMINAL,0.0425,1450.0
CLIMB,5468.9,85.5,34.11,246.9,246.6,246.8,244.2,1481.7,1453.8,1450.6,1487.0,27.41,44.8,18.3,67.3,202.2,212.7,2.8439,2.103,1.3214,2.1799,28.1,41.4,105.5,12001.3,3.3,COOLING_DEGRADATION,0.2353,976.5
ISR_LOITER,4625.6,57.8,26.77,191.1,193.2,197.0,192.1,1312.2,1330.8,1310.7,1299.4,15.77,45.3,17.79,57.3,178.4,179.2,1.4951,1.1629,0.7235,1.1706,28.08,41.6,126.3,22039.2,-22.5,NOMINAL,0.0525,1462.3
ISR_LOITER,4609.9,59.1,26.42,197.3,200.4,196.2,194.8,1304.7,1304.1,1302.2,1276.8,15.53,44.1,17.96,56.3,181.3,175.7,1.7645,1.2363,0.7584,1.3187,28.1,43.8,120.8,21940.4,-21.5,NOMINAL,0.0079,1475.6
RECOVERY,2191.8,21.5,17.29,149.5,152.4,157.8,156.3,858.3,870.0,879.9,882.4,7.11,44.1,17.8,46.1,148.8,150.5,0.7806,0.7295,0.455,0.6704,28.16,45.6,68.4,709.1,27.7,LUBRICATION_FAILURE,0.0637,1124.1
ISR_LOITER,4600.4,58.4,26.54,194.2,197.4,195.8,192.2,1338.2,1339.2,1334.2,1335.0,16.07,46.0,18.13,58.3,179.2,174.3,1.6202,1.2423,0.8817,1.284,28.26,43.0,121.8,21912.0,-22.7,NOMINAL,0.0991,1433.9
CLIMB,5513.6,84.5,33.33,231.8,226.5,229.4,228.6,1477.9,1485.0,1477.9,1494.1,26.43,45.9,18.2,67.6,200.5,202.6,2.8025,2.1479,1.4488,2.2035,28.04,45.8,104.5,11990.8,5.6,NOMINAL,0.0431,1446.0
ISR_LOITER,4509.1,58.4,26.68,191.5,178.4,190.7,194.4,1308.4,1209.5,1304.3,1326.0,15.39,41.6,17.93,56.7,179.5,173.3,3.319,2.3934,1.6501,2.5473,28.15,40.6,122.7,22067.3,-23.3,CYLINDER_MISFIRE,0.3794,826.6
ISR_LOITER,4578.8,57.8,27.12,197.6,193.1,199.7,196.1,1312.0,1307.2,1303.3,1304.9,15.7,43.6,18.17,58.1,182.5,171.8,1.6772,1.1663,0.7773,1.2619,27.01,43.7,128.0,21998.0,-22.3,SENSOR_DRIFT,0.7462,409.6
DESCENT,3834.2,33.0,19.9,167.1,167.9,171.6,170.6,1101.4,1100.2,1086.6,1102.1,11.42,45.0,17.75,54.2,164.7,160.8,1.265,0.8101,0.6761,0.9511,28.01,41.8,117.9,7938.9,11.7,NOMINAL,0.0015,1462.7
ISR_LOITER,4567.0,56.9,26.43,197.0,196.6,197.2,197.6,1323.8,1334.2,1321.8,1324.8,16.11,46.0,18.07,60.5,176.2,174.9,1.6256,1.1631,0.8714,1.2589,27.89,41.4,121.5,21979.4,-22.8,COOLING_DEGRADATION,0.0017,1142.8
ISR_LOITER,4607.6,56.6,26.64,195.0,196.3,196.7,195.5,1329.1,1328.9,1317.4,1334.5,15.98,42.9,18.23,57.6,177.9,175.4,1.4859,1.159,0.7563,1.1723,28.07,40.4,124.5,22042.3,-23.0,NOMINAL,0.1152,1432.7
PREFLIGHT,1383.0,14.0,16.26,138.0,141.8,138.5,141.1,663.8,651.3,647.8,650.2,6.07,46.7,18.2,45.6,128.9,133.3,0.4834,0.4291,0.2713,0.4047,28.39,42.7,-0.1,540.9,29.3,NOMINAL,0.1026,1467.1
ISR_LOITER,4420.9,57.4,26.79,188.0,157.0,189.8,186.2,1319.9,1126.2,1311.9,1309.6,15.31,44.3,17.6,57.7,180.2,174.4,4.7014,3.5488,2.3779,3.6675,28.28,39.8,124.1,21926.4,-22.5,CYLINDER_MISFIRE,0.7001,444.4
DESCENT,3787.9,34.4,20.1,165.9,164.9,164.2,167.2,1081.8,1093.8,1104.4,1094.1,11.1,43.1,17.86,50.6,163.7,160.1,1.2475,0.7558,0.6594,0.9242,28.01,44.8,113.9,8013.1,12.1,NOMINAL,0.0358,1455.2
ISR_LOITER,4588.6,57.7,26.22,188.6,191.5,192.3,189.8,1339.4,1332.3,1330.6,1318.8,15.56,44.1,18.14,58.4,178.3,171.7,1.654,1.2589,0.85,1.2965,28.25,40.5,123.7,21885.7,-21.9,NOMINAL,0.0004,1493.3
DESCENT,3778.7,32.4,20.14,172.0,171.7,172.4,175.0,1094.0,1088.2,1119.1,1086.6,10.76,44.0,18.02,51.5,163.9,159.9,1.1076,0.9179,0.6402,0.909,28.09,42.3,114.5,8024.9,11.9,NOMINAL,0.0847,1454.5
ISR_LOITER,4623.1,57.3,26.54,192.7,190.1,192.5,195.7,1333.6,1338.6,1334.3,1334.5,15.75,47.5,17.59,58.6,179.6,177.2,1.6855,1.2458,0.7557,1.2863,28.4,41.4,127.4,22015.8,-21.8,NOMINAL,0.1003,1460.5
ISR_LOITER,4589.5,58.5,26.38,191.4,191.2,192.7,194.7,1315.6,1310.3,1289.4,1316.5,15.51,45.3,18.09,57.5,178.3,175.7,1.5037,1.3364,0.8024,1.2505,28.28,41.8,123.4,22096.9,-23.2,NOMINAL,0.0825,1476.6
CLIMB,5499.5,85.5,34.07,232.7,228.0,230.7,230.5,1453.1,1453.0,1454.0,1461.7,26.8,44.5,18.24,69.4,200.1,198.3,2.6791,2.0865,1.4312,2.1275,28.29,40.3,102.2,12034.2,6.0,NOMINAL,0.0147,1464.2
ISR_LOITER,4633.5,57.2,26.61,190.3,195.8,191.9,191.2,1324.2,1337.5,1336.4,1326.7,16.45,44.2,17.71,57.8,180.0,174.5,1.6532,1.2099,0.8713,1.2853,28.38,43.1,126.5,21922.8,-21.2,NOMINAL,0.089,1459.2
TRANSIT,4918.7,68.0,28.7,198.1,197.5,199.6,201.1,1370.6,1380.5,1357.6,1382.1,18.4,46.9,18.03,61.9,187.5,182.5,1.9828,1.474,0.9631,1.531,28.17,42.3,144.3,18033.0,-10.9,NOMINAL,0.0149,1459.6
DESCENT,3801.6,35.1,20.09,172.3,172.2,172.9,169.4,1085.2,1064.9,1069.0,1103.7,11.15,43.7,17.63,51.6,168.3,159.9,1.2425,0.8538,0.5589,0.9283,28.21,41.7,114.7,8011.5,12.7,NOMINAL,0.0511,1446.7
CLIMB,5200.8,84.4,34.44,230.9,186.7,230.4,231.0,1440.2,1170.5,1454.9,1455.8,27.08,42.7,18.05,67.3,200.3,196.4,10.5018,7.9128,5.3389,8.1935,27.71,43.0,107.2,11900.5,4.6,CYLINDER_MISFIRE,0.9915,114.8
TRANSIT,4893.3,68.1,28.87,199.7,200.1,199.0,197.4,1356.7,1366.0,1348.1,1363.4,17.69,43.7,18.21,60.4,191.2,181.8,2.0233,1.2866,1.0235,1.5052,28.18,41.7,138.3,17989.5,-11.7,NOMINAL,0.0256,1462.6
TAKEOFF,5775.3,98.0,37.78,239.0,239.7,239.5,244.7,1520.9,1532.5,1539.5,1535.1,32.46,46.1,17.65,52.2,248.0,204.4,9.1631,6.9357,4.6243,7.152,28.15,42.3,83.1,1181.9,27.3,LUBRICATION_FAILURE,0.8567,234.8
PREFLIGHT,1405.3,14.5,15.8,139.5,139.9,139.1,138.9,645.6,655.1,664.8,641.7,6.31,46.2,19.55,45.3,129.4,132.9,1.5103,1.154,0.7913,1.1887,28.22,40.1,2.4,450.5,26.8,COMBUSTION_INSTABILITY,0.6922,394.4
TRANSIT,4912.0,65.3,27.38,205.3,202.5,215.0,204.6,1371.3,1380.7,1348.2,1378.3,17.55,42.7,17.72,62.3,186.9,183.2,1.8818,1.4898,0.8571,1.4714,28.29,43.5,139.8,17992.0,-12.1,INJECTOR_CLOGGING,0.3122,908.8
ISR_LOITER,4586.0,58.1,26.39,194.2,194.6,197.6,194.7,1308.7,1325.5,1327.0,1310.3,15.45,45.3,18.16,49.7,193.3,173.3,2.6161,1.8737,1.2584,1.9949,28.16,41.5,126.5,21999.0,-21.2,LUBRICATION_FAILURE,0.3134,705.7
CLIMB,5520.5,84.2,33.16,237.1,237.5,235.8,233.8,1461.2,1458.3,1466.3,1474.1,27.35,46.6,17.9,68.0,200.1,200.8,2.799,2.099,1.3706,2.1694,28.23,42.5,105.8,12034.8,4.6,NOMINAL,0.009,1453.7
TRANSIT,4945.1,65.7,28.44,206.2,206.5,209.8,208.4,1355.0,1342.1,1370.6,1373.7,18.52,44.7,17.93,60.3,184.6,180.0,1.8415,1.6258,0.9589,1.5225,28.15,42.3,141.6,18001.4,-11.9,NOMINAL,0.0787,1475.6
TAKEOFF,5829.2,96.2,38.19,236.9,241.2,237.2,238.3,1504.1,1511.2,1493.9,1528.2,33.14,44.2,18.13,74.6,212.6,205.6,3.6387,2.6791,1.7349,2.7945,28.43,42.9,85.4,1060.5,25.3,NOMINAL,0.0741,1471.6
ISR_LOITER,4570.9,57.5,27.09,198.0,193.8,194.0,191.6,1331.3,1320.5,1298.2,1302.8,15.93,46.8,17.83,56.4,175.8,172.7,1.6411,1.1772,0.843,1.2636,28.03,43.6,122.4,22043.8,-22.4,NOMINAL,0.0521,1472.9
ISR_LOITER,4572.5,57.3,26.41,192.0,188.4,195.0,198.7,1291.1,1259.7,1290.8,1298.8,16.66,46.1,18.04,56.7,177.7,176.8,2.2459,1.5606,1.1502,1.713,28.0,43.7,121.9,21977.7,-21.3,CYLINDER_MISFIRE,0.1382,793.8
CLIMB,5497.3,84.5,34.4,235.3,231.7,236.7,231.1,1422.7,1427.1,1439.1,1426.5,27.07,45.5,17.89,71.0,199.4,196.4,2.7961,2.1758,1.3855,2.1963,28.25,41.4,106.6,11846.1,5.4,NOMINAL,0.0073,1493.2
PREFLIGHT,1396.3,14.5,16.21,142.4,141.3,140.3,143.9,637.6,650.1,658.5,622.4,5.2,43.6,18.29,46.8,132.1,136.6,0.6215,0.5224,0.29,0.4977,28.11,44.8,-0.2,529.5,29.5,NOMINAL,0.0924,1434.9
ISR_LOITER,4640.1,58.3,26.35,196.7,194.2,194.1,191.3,1328.4,1325.9,1334.7,1315.4,15.59,44.0,18.24,58.8,178.3,174.6,1.6669,1.1991,0.6796,1.2488,28.18,39.2,124.6,22069.1,-21.8,INJECTOR_CLOGGING,0.0646,1043.8
TAKEOFF,5801.7,97.7,38.61,238.9,238.9,239.6,238.5,1535.2,1503.5,1529.3,1537.5,32.33,44.7,17.82,67.3,223.5,202.8,5.2036,3.97,2.6921,4.086,28.29,42.0,85.7,1201.0,26.5,LUBRICATION_FAILURE,0.2647,698.4
RECOVERY,2203.0,21.2,17.82,149.8,152.6,153.7,150.3,855.8,833.9,845.4,853.5,6.78,43.6,18.05,48.9,139.9,148.4,0.7397,0.6055,0.3971,0.5976,28.33,41.0,68.5,838.5,25.6,NOMINAL,0.111,1448.9
RECOVERY,1960.8,19.6,17.38,157.1,115.0,152.5,153.9,824.2,586.8,837.9,812.3,7.71,43.6,18.05,45.7,146.9,149.4,2.8088,2.11,1.3635,2.1757,28.23,41.6,68.8,890.9,25.3,CYLINDER_MISFIRE,0.875,224.4
RECOVERY,2247.4,20.7,17.13,158.4,160.4,160.6,160.1,839.2,816.4,824.4,839.6,7.53,43.9,18.18,47.2,144.7,148.0,0.7945,0.6404,0.4213,0.6374,28.01,41.6,64.2,717.6,26.6,NOMINAL,0.0714,1441.9
PREFLIGHT,1451.9,16.5,16.23,137.4,137.4,135.4,133.8,644.6,649.4,624.6,639.5,5.34,42.5,19.97,45.3,128.1,134.9,1.8341,1.2848,0.84,1.3808,28.03,41.9,2.3,355.9,29.2,COMBUSTION_INSTABILITY,0.9292,186.1
ISR_LOITER,4594.7,58.1,26.48,192.1,195.5,194.0,192.2,1324.0,1302.7,1342.0,1323.2,15.52,43.7,18.24,56.8,180.2,170.8,1.7667,1.1467,0.7049,1.2823,28.27,41.3,125.4,22068.6,-23.0,NOMINAL,0.0338,1451.4
PREFLIGHT,1387.5,15.4,15.61,140.0,139.6,139.5,142.8,666.9,646.7,642.9,649.5,6.05,44.8,17.94,45.2,131.2,135.2,0.6792,0.517,0.2681,0.5165,28.15,42.3,2.3,480.2,29.9,NOMINAL,0.0482,1478.0
CLIMB,5482.2,84.8,33.87,229.7,229.4,228.3,233.4,1471.7,1451.4,1457.9,1477.3,26.73,44.8,17.99,67.1,200.9,197.4,2.8066,2.0481,1.2891,2.1396,28.06,40.9,105.0,12031.7,5.5,NOMINAL,0.0281,1477.4
CLIMB,5513.6,88.0,32.06,224.7,229.0,242.1,222.5,1428.5,1455.2,1406.3,1456.0,25.05,40.1,18.06,69.2,201.0,194.3,2.8174,2.1253,1.433,2.1991,28.18,45.1,105.7,11941.4,4.9,INJECTOR_CLOGGING,0.5013,568.6
ISR_LOITER,4564.8,59.4,26.37,202.9,203.2,202.1,200.1,1331.1,1308.4,1320.7,1332.9,16.16,44.7,17.89,59.8,183.3,173.4,1.6289,1.2473,0.8014,1.2717,28.1,43.4,123.8,22022.5,-22.2,SENSOR_DRIFT,0.0683,1113.6
ISR_LOITER,4588.7,59.4,26.3,193.9,188.7,195.1,194.3,1345.6,1325.0,1343.4,1330.8,16.18,47.6,17.83,57.0,181.9,175.2,1.8003,1.341,1.079,1.438,27.98,40.5,126.2,21952.8,-21.8,CYLINDER_MISFIRE,0.0587,967.5
PREFLIGHT,1393.1,14.3,16.07,136.4,139.2,139.6,139.6,670.3,642.7,645.5,642.2,6.37,43.8,17.91,46.1,131.7,130.4,0.6046,0.4185,0.3124,0.4613,28.21,41.7,3.4,518.1,27.4,NOMINAL,0.021,1473.8
ISR_LOITER,4592.0,59.1,26.19,207.1,205.9,201.7,203.3,1348.7,1346.2,1346.3,1348.9,15.65,44.4,18.82,58.4,182.6,182.8,1.6222,1.1786,0.8062,1.2478,27.99,43.4,131.7,22009.5,-23.8,COOLING_DEGRADATION,0.1221,1086.7
ISR_LOITER,4567.1,58.4,26.86,195.4,198.5,194.6,197.3,1288.7,1305.2,1299.6,1301.8,15.52,43.9,17.54,57.0,179.1,175.9,1.4516,1.2987,0.7637,1.2079,28.01,42.8,124.3,22028.0,-22.7,SENSOR_DRIFT,0.0685,892.2
CLIMB,5482.4,82.7,34.33,231.5,232.1,228.5,233.4,1465.9,1475.4,1496.7,1483.8,26.76,44.8,18.12,56.0,223.4,199.6,5.6608,4.1894,2.8741,4.3915,28.09,40.4,105.2,12010.1,4.8,LUBRICATION_FAILURE,0.5698,590.4
ISR_LOITER,4576.4,57.5,23.24,192.5,198.7,221.9,193.9,1299.8,1313.8,1204.9,1317.0,13.33,40.2,18.28,57.0,179.4,175.7,1.7401,1.304,0.8006,1.3378,28.18,43.0,125.6,22025.6,-21.8,INJECTOR_CLOGGING,0.8089,285.6
TAKEOFF,5741.9,98.0,38.65,234.8,232.7,237.4,237.1,1510.1,1512.7,1515.0,1511.5,32.26,45.8,18.13,71.3,206.6,205.6,3.6453,2.6604,1.7476,2.794,28.2,40.6,80.8,1134.6,26.2,NOMINAL,0.1192,1456.7
TRANSIT,4883.7,68.2,29.06,203.6,201.5,202.1,202.0,1366.5,1387.3,1368.9,1371.0,18.34,46.6,18.37,59.7,188.9,177.2,2.0752,1.4536,1.0258,1.5782,28.29,40.1,141.8,17963.6,-14.0,COMBUSTION_INSTABILITY,0.0258,1259.8
ISR_LOITER,4605.3,57.5,26.41,191.0,187.7,190.2,193.0,1321.3,1295.1,1308.7,1325.5,16.08,45.4,17.75,60.1,178.8,173.6,1.6477,1.1823,0.8187,1.2627,28.31,43.0,124.0,22089.8,-18.4,NOMINAL,0.0544,1446.1
ISR_LOITER,4605.3,57.4,26.28,194.4,193.1,192.7,194.4,1311.7,1314.6,1322.6,1315.8,16.26,43.5,17.88,57.3,180.8,174.1,1.4903,1.2372,0.8015,1.2102,28.12,42.7,127.7,22020.0,-22.3,NOMINAL,0.1114,1450.0
CLIMB,5511.0,86.7,33.86,229.2,229.1,230.6,232.3,1440.9,1445.8,1452.7,1457.4,27.02,44.7,17.89,66.2,200.6,198.4,2.9077,2.1057,1.3924,2.2231,28.04,41.9,103.7,11982.9,5.2,NOMINAL,0.0616,1484.9
RECOVERY,2212.6,20.9,18.19,145.7,148.4,151.1,151.3,839.1,844.2,846.3,842.3,7.3,43.7,17.97,46.7,147.7,148.2,0.7615,0.5252,0.4228,0.5872,28.24,42.4,64.1,713.5,26.6,NOMINAL,0.1013,1437.4
CLIMB,5511.8,85.5,34.01,275.5,271.2,275.3,274.0,1470.4,1464.6,1464.9,1462.0,26.41,45.2,18.08,67.9,201.2,238.5,2.7279,2.0843,1.4468,2.1509,28.11,43.0,105.4,11988.0,5.8,COOLING_DEGRADATION,0.6326,571.7
CLIMB,5333.4,85.7,34.41,233.5,208.8,235.7,232.6,1463.2,1298.1,1460.6,1459.2,26.73,43.4,18.03,68.2,196.8,198.8,7.556,5.6358,3.785,5.8646,28.21,41.6,107.3,12028.9,4.1,CYLINDER_MISFIRE,0.598,502.4
TRANSIT,4873.2,69.8,28.42,207.7,206.7,204.3,205.5,1399.7,1396.7,1406.7,1417.6,18.57,45.8,17.99,61.1,189.1,179.5,1.9411,1.3585,0.9922,1.483,28.02,43.0,143.3,17979.9,-12.6,NOMINAL,0.0106,1452.3
TRANSIT,4859.5,67.6,29.38,204.5,206.9,207.4,206.3,1379.8,1361.4,1370.2,1379.4,18.65,45.1,18.78,62.3,183.9,181.8,3.5894,2.6357,1.8023,2.7736,28.02,41.5,136.8,18074.3,-14.4,COMBUSTION_INSTABILITY,0.4091,749.3
PREFLIGHT,1410.7,13.1,15.98,141.3,139.6,140.4,142.6,643.1,666.2,655.4,673.6,5.73,41.7,17.96,43.3,130.8,135.5,0.6888,0.4758,0.2248,0.5004,28.21,43.4,2.1,499.5,27.8,NOMINAL,0.1187,1426.5
RECOVERY,2222.3,23.3,17.88,157.9,159.7,157.6,160.2,845.4,858.0,851.3,840.8,7.18,42.8,17.89,48.3,147.1,147.1,0.649,0.5848,0.4513,0.5677,27.92,40.8,64.6,715.2,25.2,NOMINAL,0.0866,1469.2
ISR_LOITER,4634.2,58.8,26.58,199.9,199.2,202.3,201.5,1325.5,1313.6,1327.7,1332.9,15.88,46.2,18.06,58.3,179.0,178.8,1.5527,1.2136,0.7518,1.2178,28.33,41.7,126.0,21936.8,-23.0,COOLING_DEGRADATION,0.0218,1162.3
TAKEOFF,5781.9,96.7,38.69,233.9,237.1,239.4,237.8,1525.7,1535.2,1518.7,1517.9,32.64,44.5,17.85,70.0,207.9,206.7,3.6658,2.8533,1.8543,2.8878,28.25,43.4,82.9,1227.0,26.9,NOMINAL,0.0835,1448.0
TRANSIT,4956.4,67.8,28.82,206.0,206.3,208.4,208.4,1356.3,1359.8,1331.9,1360.9,18.55,46.3,17.99,63.0,187.5,186.1,1.9069,1.4288,0.9044,1.4715,28.34,42.6,142.4,17977.4,-11.8,NOMINAL,0.0593,1457.6
ISR_LOITER,4379.2,57.7,25.87,198.1,161.6,195.2,195.8,1333.7,1115.4,1318.0,1333.8,16.23,44.4,17.87,56.6,179.6,176.6,5.0152,3.736,2.6061,3.9116,28.28,41.9,120.7,22040.3,-23.2,CYLINDER_MISFIRE,0.7716,397.4
ISR_LOITER,4604.8,58.1,25.57,195.3,194.8,196.1,193.2,1296.4,1311.2,1249.3,1299.2,15.03,40.4,17.73,57.5,177.5,174.8,1.583,1.2289,0.8288,1.2521,28.12,43.3,122.6,21951.9,-24.5,INJECTOR_CLOGGING,0.3023,927.5
ISR_LOITER,4546.2,56.1,26.36,196.4,194.5,192.6,195.0,1332.0,1337.6,1317.8,1332.0,16.04,44.7,17.73,58.1,178.5,176.8,1.5897,1.2014,0.7814,1.2357,28.16,44.6,126.2,21930.6,-22.0,NOMINAL,0.0605,1456.5
ISR_LOITER,4564.8,59.7,25.97,189.6,189.7,189.9,191.1,1314.1,1315.7,1320.3,1313.2,15.93,46.5,18.16,58.5,176.3,178.1,1.4615,1.1547,0.6825,1.1453,28.48,41.1,125.1,21914.0,-21.8,NOMINAL,0.0148,1481.0
TRANSIT,4870.7,68.8,28.72,207.7,205.8,200.9,205.5,1379.5,1382.6,1372.5,1362.9,17.87,44.7,19.51,61.9,187.7,182.4,3.9584,2.8901,1.9824,3.0524,28.35,43.0,142.2,18094.0,-12.1,COMBUSTION_INSTABILITY,0.4754,671.0
CLIMB,5487.5,84.9,34.23,229.2,225.7,229.1,228.0,1459.7,1460.6,1447.3,1428.3,26.56,45.0,17.82,67.6,203.3,197.1,2.8033,2.1171,1.3517,2.1732,28.1,41.6,105.2,12043.9,3.9,NOMINAL,0.0962,1456.1
ISR_LOITER,4603.8,60.0,26.3,195.0,197.5,196.1,192.9,1301.6,1326.7,1319.4,1324.8,15.26,44.1,18.82,59.1,175.8,172.2,3.0449,2.1508,1.5258,2.3256,28.12,38.0,127.2,21900.7,-21.4,COMBUSTION_INSTABILITY,0.4046,830.8
ISR_LOITER,4624.9,56.5,26.27,202.9,197.6,198.6,200.5,1334.5,1316.4,1345.3,1336.3,15.96,46.0,18.14,58.6,180.5,176.3,1.5167,1.1798,0.763,1.1936,28.17,41.6,121.4,21965.9,-21.0,NOMINAL,0.018,1463.1
PREFLIGHT,1452.5,15.4,16.48,140.1,141.7,141.2,143.3,669.5,655.0,646.9,650.7,6.43,45.3,20.35,44.3,130.7,133.1,1.8774,1.5114,0.8808,1.4815,28.13,41.5,2.2,522.8,28.9,COMBUSTION_INSTABILITY,0.9717,138.3
DESCENT,3828.9,38.0,20.37,177.6,175.3,174.1,177.3,1092.4,1093.8,1088.1,1100.5,11.31,45.2,17.84,50.7,165.2,157.9,1.2277,0.8333,0.6576,0.9371,28.11,44.3,116.2,7960.3,12.4,NOMINAL,0.0643,1467.7
TRANSIT,4927.2,67.9,29.11,214.9,219.4,218.3,214.1,1388.4,1379.4,1377.2,1371.2,18.29,45.4,18.22,60.7,187.9,191.7,1.9884,1.3863,0.9566,1.5045,28.13,42.2,140.4,18009.3,-10.8,COOLING_DEGRADATION,0.1221,964.3
CLIMB,5502.6,85.5,34.42,237.2,235.3,234.0,235.4,1455.9,1476.7,1480.4,1464.5,26.66,43.8,18.26,66.9,196.8,200.0,2.8431,2.0349,1.3972,2.1738,28.34,43.0,104.5,11959.6,4.3,NOMINAL,0.0671,1440.9
ISR_LOITER,4615.7,56.5,26.98,198.9,201.3,199.1,198.2,1301.7,1332.3,1327.5,1313.1,16.0,44.5,17.95,57.4,181.7,174.2,1.5398,1.1442,0.734,1.1859,28.24,39.9,127.5,22018.7,-24.8,NOMINAL,0.0771,1462.6
ISR_LOITER,4586.8,59.0,23.69,200.6,199.9,223.2,199.9,1321.6,1308.8,1234.1,1322.5,12.7,38.3,17.96,58.9,181.8,175.8,1.573,1.0737,0.776,1.1873,28.2,44.7,122.3,21896.4,-21.4,INJECTOR_CLOGGING,0.8215,259.7
ISR_LOITER,4659.1,59.0,26.78,194.9,196.6,196.4,198.4,1323.6,1326.7,1312.7,1333.5,15.85,45.5,18.14,58.7,179.0,177.4,1.6342,1.1952,0.8351,1.2644,28.28,41.4,127.1,22053.4,-24.3,NOMINAL,0.0783,1463.7
ISR_LOITER,4571.5,59.1,26.24,198.4,196.8,196.3,196.3,1331.2,1328.3,1296.1,1338.7,15.7,45.1,18.15,56.2,177.0,173.3,1.6956,1.2009,0.8548,1.2972,26.36,41.7,122.6,22051.7,-22.4,SENSOR_DRIFT,0.8158,303.4
TAKEOFF,5770.5,96.9,38.49,232.3,236.1,234.9,231.9,1506.7,1519.4,1515.3,1528.8,32.59,45.3,18.14,74.4,210.2,206.6,3.5964,2.6551,1.8337,2.7896,28.1,40.2,84.2,1228.8,26.9,NOMINAL,0.0313,1463.4
ISR_LOITER,4632.7,59.5,26.05,202.2,200.1,199.0,197.2,1288.0,1297.8,1296.3,1293.8,15.62,46.0,19.37,57.4,180.2,172.9,3.0449,2.2638,1.575,2.3718,28.06,42.6,123.1,22090.0,-21.2,COMBUSTION_INSTABILITY,0.418,818.3
ISR_LOITER,4573.1,59.2,24.02,189.5,190.1,216.1,195.6,1331.7,1327.4,1232.7,1329.0,12.95,39.5,18.13,60.7,181.4,179.7,1.5631,1.2718,0.891,1.2721,28.0,40.3,125.4,22028.5,-20.0,INJECTOR_CLOGGING,0.8046,278.7
RECOVERY,2187.5,22.1,17.64,156.0,153.7,156.0,149.9,830.1,836.8,839.0,843.0,7.13,44.9,18.15,48.3,140.7,149.3,0.836,0.5717,0.41,0.6308,27.89,44.6,65.1,763.3,27.8,NOMINAL,0.0401,1469.7
CLIMB,5484.5,85.1,34.18,230.3,230.0,229.8,229.8,1461.4,1443.8,1482.2,1451.5,26.77,46.4,18.38,69.7,201.2,198.7,2.7746,2.1382,1.4553,2.19,28.35,43.7,104.0,12001.6,3.1,NOMINAL,0.0854,1467.2
ISR_LOITER,4633.2,57.9,26.64,194.3,191.8,193.6,191.0,1307.8,1316.8,1296.0,1304.8,15.47,46.3,18.0,44.0,205.7,173.8,3.1372,2.4307,1.6793,2.488,28.12,42.8,122.1,22070.9,-20.3,LUBRICATION_FAILURE,0.5784,573.3
RECOVERY,2177.6,20.0,17.65,159.5,157.1,159.8,161.1,853.6,839.2,842.7,854.8,7.27,47.1,18.46,47.6,150.4,148.6,0.8903,0.6173,0.4029,0.6674,28.0,41.7,68.5,827.1,26.0,COOLING_DEGRADATION,0.0088,1123.2
RECOVERY,2199.1,21.8,17.2,161.0,159.5,159.3,159.5,831.6,841.0,845.9,844.5,6.78,46.2,18.14,47.1,146.4,150.1,0.7754,0.5588,0.4805,0.6176,28.47,43.3,67.5,807.7,27.1,NOMINAL,0.1147,1447.0
ISR_LOITER,4617.2,58.7,26.64,200.5,199.7,201.1,195.3,1321.3,1322.1,1293.3,1313.5,15.94,45.4,17.84,59.6,180.7,174.1,1.6518,1.1449,0.8195,1.2531,26.69,42.1,123.7,21946.2,-23.1,SENSOR_DRIFT,0.8306,274.2
RECOVERY,2169.2,22.4,17.29,152.2,153.6,149.1,151.1,859.9,840.4,853.8,838.3,7.29,46.7,19.96,48.2,145.7,148.1,1.9659,1.4701,0.8709,1.5038,28.29,40.2,67.3,856.7,24.4,COMBUSTION_INSTABILITY,0.6203,467.8
ISR_LOITER,4595.8,56.7,26.65,198.6,199.6,202.6,201.7,1331.6,1317.4,1296.2,1299.8,15.72,43.3,18.14,34.0,220.7,175.7,4.3785,3.3163,2.2711,3.4316,28.39,43.9,126.4,22089.4,-22.3,LUBRICATION_FAILURE,0.9855,120.3
CLIMB,5495.6,84.3,34.02,229.9,231.9,230.1,229.8,1466.1,1449.6,1450.1,1459.8,27.25,45.1,17.94,68.2,202.3,195.8,2.8097,2.0322,1.3569,2.1498,28.21,43.3,105.4,12032.9,5.2,NOMINAL,0.0046,1468.3
TRANSIT,4901.6,68.6,29.29,213.6,211.7,209.6,210.4,1394.9,1397.0,1403.1,1408.0,18.24,45.5,17.71,61.6,189.6,181.8,2.0116,1.4664,0.8578,1.5202,27.42,42.0,142.6,17935.3,-11.0,SENSOR_DRIFT,0.4633,660.8
TRANSIT,4936.9,68.9,29.12,273.4,273.5,270.9,271.9,1390.3,1398.2,1376.3,1394.9,18.22,43.4,17.82,62.2,188.8,245.2,1.8817,1.4073,0.9585,1.4651,27.95,42.2,140.9,17941.8,-11.0,COOLING_DEGRADATION,0.959,184.3
CLIMB,5500.4,84.7,33.45,226.8,225.7,232.9,222.4,1467.9,1467.8,1457.5,1461.7,25.51,43.3,17.99,67.3,197.2,196.2,2.7577,2.0939,1.3046,2.1363,28.4,44.3,102.9,11932.3,4.0,INJECTOR_CLOGGING,0.2349,790.5
TAKEOFF,5816.4,99.1,38.76,241.0,239.8,241.7,242.9,1494.8,1505.5,1516.3,1522.3,31.88,44.7,18.06,72.0,208.8,201.5,3.5886,2.6225,1.7928,2.767,28.34,43.6,86.0,1302.9,28.7,NOMINAL,0.0872,1454.2
TAKEOFF,5649.8,98.2,37.76,242.1,210.6,244.5,241.0,1541.3,1319.4,1515.0,1543.2,32.03,44.2,18.03,72.1,209.8,205.5,10.8676,8.1165,5.5704,8.4658,28.5,41.3,83.4,1230.9,27.2,CYLINDER_MISFIRE,0.7232,388.3
ISR_LOITER,4535.5,58.3,25.89,211.1,209.1,209.6,207.8,1318.7,1319.6,1324.9,1308.7,15.3,45.5,17.98,56.5,180.1,188.5,1.6285,1.2088,0.7896,1.2565,28.03,40.8,123.6,21942.1,-21.9,COOLING_DEGRADATION,0.2292,724.0
CLIMB,5506.3,86.1,33.96,229.6,230.9,229.9,234.5,1441.8,1433.7,1442.2,1466.1,27.57,44.6,18.02,69.6,202.4,193.5,2.8261,2.1901,1.4219,2.2215,27.92,45.3,106.4,11928.0,4.5,NOMINAL,0.0013,1460.3
ISR_LOITER,4618.6,58.9,26.64,196.8,193.8,194.0,189.8,1320.5,1324.7,1325.0,1334.4,15.35,45.3,18.03,60.1,180.5,173.9,1.4322,1.1916,0.8022,1.1711,28.18,43.9,126.4,21974.7,-22.6,NOMINAL,0.1093,1468.7
ISR_LOITER,4581.8,57.8,26.25,202.0,200.6,196.7,199.8,1349.9,1339.0,1343.0,1346.0,15.62,46.4,18.1,57.7,179.8,177.2,1.6643,1.1116,0.8625,1.2582,28.24,41.4,123.2,21988.2,-22.0,NOMINAL,0.0007,1460.2
PREFLIGHT,1377.1,12.6,16.02,144.0,138.3,142.1,143.4,661.2,660.0,665.5,671.7,6.21,45.3,17.86,43.8,127.0,131.3,0.6444,0.4412,0.2925,0.4815,28.31,44.8,0.2,439.9,28.1,NOMINAL,0.0706,1439.0
RECOVERY,2229.7,21.1,17.93,155.7,153.2,149.9,154.0,855.2,830.8,821.5,828.0,7.26,46.8,17.65,47.5,142.4,148.9,0.8851,0.6249,0.4085,0.6685,28.02,41.3,65.1,869.7,24.8,NOMINAL,0.0703,1443.1
ISR_LOITER,4465.6,57.4,26.16,194.2,174.8,195.4,195.5,1306.2,1181.3,1294.4,1299.4,16.19,44.8,17.99,58.6,175.7,175.6,3.6346,2.8007,1.83,2.8521,28.05,41.6,122.5,22065.5,-21.6,CYLINDER_MISFIRE,0.4623,718.6
TRANSIT,4888.7,68.7,29.21,204.3,198.2,202.4,204.9,1386.6,1363.7,1380.6,1398.0,19.03,44.3,18.16,63.0,187.0,180.9,2.3889,1.6464,1.06,1.7833,28.39,42.1,140.9,18123.0,-11.8,CYLINDER_MISFIRE,0.0814,866.6
CLIMB,5458.6,85.1,33.72,233.1,224.7,233.4,232.6,1440.7,1397.9,1464.0,1442.6,26.47,46.8,17.81,67.2,199.4,199.7,4.3265,3.3132,2.1624,3.3849,28.51,41.1,103.1,11964.4,4.8,CYLINDER_MISFIRE,0.2091,753.4
RECOVERY,2180.1,21.2,16.88,154.8,151.9,151.1,154.8,840.0,834.2,834.5,831.5,7.18,45.1,17.96,49.6,145.7,150.0,0.9108,0.646,0.3573,0.6769,27.11,43.7,67.9,810.5,28.0,SENSOR_DRIFT,0.5932,476.4
ISR_LOITER,4589.5,58.2,26.72,196.2,198.1,194.5,199.4,1304.7,1284.2,1295.9,1287.5,15.47,43.6,18.14,59.0,180.1,175.4,1.749,1.2928,0.7355,1.3255,27.97,43.0,121.9,22020.4,-21.0,NOMINAL,0.0251,1470.7
PREFLIGHT,1422.9,14.8,16.13,136.5,134.2,134.1,137.5,657.7,652.3,656.5,634.4,6.23,44.0,17.99,42.7,131.2,132.8,0.8093,0.4451,0.275,0.5564,28.17,39.4,-0.2,545.0,28.5,NOMINAL,0.1014,1457.7
TRANSIT,4887.2,66.7,29.29,201.7,205.1,204.7,199.9,1384.8,1382.4,1391.5,1384.5,18.92,45.9,18.1,63.4,187.1,181.4,2.0177,1.4895,0.9892,1.5565,28.27,39.4,140.9,17989.6,-10.9,NOMINAL,0.0405,1469.2
ISR_LOITER,4613.3,57.7,26.44,199.5,195.1,193.2,190.3,1354.4,1357.9,1322.4,1338.3,15.83,43.0,18.07,35.6,223.1,175.3,4.4356,3.2948,2.1829,3.43,28.15,42.9,126.0,22049.0,-21.7,LUBRICATION_FAILURE,0.9708,155.7
ISR_LOITER,4620.1,58.4,26.6,192.2,192.2,189.1,192.6,1330.1,1339.3,1339.6,1327.5,16.05,46.2,17.9,56.9,178.6,175.4,1.5594,1.1678,0.741,1.2034,28.4,42.2,123.2,22067.4,-21.3,NOMINAL,0.0003,1475.1
CLIMB,5470.7,84.7,34.23,231.8,233.4,231.2,234.2,1451.4,1443.0,1463.9,1450.3,26.47,45.4,17.73,66.1,197.9,200.4,2.7743,2.1276,1.4473,2.1847,28.16,42.1,106.2,12004.2,4.8,NOMINAL,0.0781,1433.7
CLIMB,5504.9,84.6,33.85,233.8,237.0,232.7,232.2,1432.1,1423.9,1436.3,1439.3,26.25,44.0,17.8,69.5,200.9,197.5,2.8207,2.0871,1.4755,2.1977,28.23,41.8,103.3,12044.3,2.1,NOMINAL,0.0347,1460.8
ISR_LOITER,4613.9,58.3,26.4,193.7,191.9,188.3,190.6,1312.7,1321.5,1307.3,1299.9,15.92,44.7,18.13,60.6,178.6,179.7,1.5172,1.0839,0.7888,1.1689,27.92,41.1,122.2,21987.9,-21.8,NOMINAL,0.0444,1483.7
TRANSIT,4891.3,66.9,28.91,201.7,204.2,202.6,204.4,1380.9,1392.0,1381.4,1355.7,18.61,43.2,18.14,61.2,187.8,184.6,1.9177,1.4259,0.9674,1.4885,28.02,43.8,139.0,17998.3,-12.3,NOMINAL,0.0299,1472.9
ISR_LOITER,4613.4,59.2,27.08,193.8,194.4,195.4,192.5,1304.7,1311.5,1322.5,1312.7,16.18,45.3,17.97,58.4,179.9,174.6,1.6936,1.2619,0.7935,1.3026,27.43,43.8,124.6,22034.7,-21.2,SENSOR_DRIFT,0.406,715.5
DESCENT,3642.0,34.5,20.17,173.7,142.1,171.8,174.5,1078.5,869.1,1092.8,1085.8,11.91,43.5,17.97,51.4,164.4,164.3,3.628,2.7192,1.8961,2.8373,27.9,42.2,111.7,7902.9,11.8,CYLINDER_MISFIRE,0.7398,382.2
ISR_LOITER,4581.1,59.1,26.58,188.1,190.8,191.3,196.5,1340.4,1333.8,1347.3,1342.5,16.09,43.8,18.29,59.4,182.7,175.5,1.7838,1.368,0.971,1.4138,28.24,40.5,125.5,21921.5,-21.9,COMBUSTION_INSTABILITY,0.0689,975.9
DESCENT,3851.9,38.0,19.69,164.7,169.0,166.0,164.1,1079.8,1100.2,1085.5,1080.6,10.83,45.1,17.85,51.8,164.1,159.6,1.243,0.8331,0.63,0.9374,27.95,43.4,114.6,8040.4,12.5,NOMINAL,0.0051,1472.9
TRANSIT,4685.4,69.1,29.07,202.7,176.2,203.8,202.4,1361.8,1183.1,1385.4,1382.7,18.75,45.9,18.17,61.6,184.8,180.4,5.8885,4.379,2.9756,4.5718,28.36,41.8,138.5,17976.8,-12.0,CYLINDER_MISFIRE,0.7439,398.5
TRANSIT,4907.0,68.8,28.96,199.0,201.2,197.3,199.7,1338.5,1348.3,1346.0,1346.4,18.81,44.7,18.12,62.5,188.8,181.3,1.9265,1.4221,0.9328,1.4837,28.58,41.7,141.4,17991.1,-10.3,NOMINAL,0.0627,1449.2
CLIMB,5519.2,85.6,33.71,231.6,229.6,228.3,231.0,1467.5,1468.5,1465.6,1458.7,27.25,45.1,18.12,68.7,203.3,200.4,2.7719,2.0966,1.3816,2.1593,28.18,42.7,106.4,12067.7,6.4,NOMINAL,0.0414,1458.1
TAKEOFF,5799.2,99.3,38.68,240.3,239.1,241.5,243.3,1522.3,1523.7,1535.7,1526.3,32.48,44.2,18.1,65.2,219.5,206.2,5.4385,4.0195,2.7355,4.2117,28.02,40.7,84.1,1203.4,27.4,LUBRICATION_FAILURE,0.2744,969.3
CLIMB,5467.0,86.6,33.78,229.4,227.4,228.0,228.0,1425.6,1437.3,1454.7,1444.0,26.25,44.8,17.91,67.4,198.8,196.8,2.7882,2.0608,1.4432,2.1682,28.1,40.2,107.3,11975.8,4.7,NOMINAL,0.0572,1462.2
ISR_LOITER,4555.3,57.9,26.52,234.4,232.5,233.0,231.2,1322.4,1331.3,1331.9,1319.9,15.21,44.7,18.47,58.5,177.6,214.9,1.5322,1.2198,0.7359,1.2079,28.33,42.0,124.9,21947.4,-22.7,COOLING_DEGRADATION,0.624,506.9
ISR_LOITER,4595.4,57.2,26.25,191.9,189.9,193.2,189.8,1331.9,1327.6,1339.1,1330.9,15.96,44.5,18.08,57.5,180.7,176.0,1.7527,1.0414,0.7603,1.2562,27.97,40.6,125.4,22002.2,-20.8,NOMINAL,0.0915,1446.7
ISR_LOITER,4619.3,57.3,26.06,213.3,214.7,213.0,214.3,1342.8,1326.6,1342.6,1317.0,14.77,43.5,18.06,57.6,178.9,192.6,1.4982,1.1503,0.8066,1.1858,28.32,40.9,123.4,21950.8,-20.9,COOLING_DEGRADATION,0.3232,904.3
TAKEOFF,5790.9,98.6,38.4,242.1,238.9,241.3,238.0,1508.3,1503.8,1508.0,1526.6,32.55,44.7,18.13,70.8,208.4,205.0,3.6023,2.8177,1.7429,2.8257,28.21,42.2,82.8,1225.8,27.7,NOMINAL,0.0527,1487.9
RECOVERY,2204.8,23.0,17.22,145.4,149.9,150.9,146.9,841.8,855.0,842.4,838.6,7.34,46.2,18.29,46.5,146.9,150.1,0.9478,0.5833,0.4499,0.693,28.23,40.9,65.9,706.0,27.0,NOMINAL,0.0729,1454.3
TRANSIT,4933.6,66.6,29.3,211.2,202.8,211.7,210.3,1387.6,1385.4,1397.5,1399.5,18.65,43.3,18.08,62.0,190.0,182.1,1.9278,1.3473,0.9245,1.459,28.02,41.0,140.4,18036.8,-12.5,NOMINAL,0.0184,1492.8
ISR_LOITER,4614.0,58.5,26.27,202.0,200.5,195.0,196.6,1303.6,1304.2,1317.5,1314.3,15.54,44.4,18.14,56.5,180.7,173.4,1.6521,1.1704,0.8,1.2569,27.93,43.8,126.6,22012.6,-21.2,SENSOR_DRIFT,0.1131,862.6
TRANSIT,4905.5,67.8,28.65,208.4,205.3,203.2,205.8,1386.2,1378.6,1379.5,1393.8,18.39,44.8,17.79,62.1,186.5,180.4,1.7863,1.4536,0.9167,1.4311,28.07,41.6,141.4,18019.9,-11.9,NOMINAL,0.012,1469.5
DESCENT,3824.1,35.6,20.22,168.9,168.4,170.5,170.9,1104.0,1074.8,1103.5,1094.8,10.84,44.3,17.76,36.3,198.3,156.3,2.7569,1.9865,1.4178,2.1258,28.03,38.5,115.7,8033.5,12.8,LUBRICATION_FAILURE,0.7164,410.1
PREFLIGHT,1395.1,14.6,15.3,184.9,185.5,184.4,184.1,656.7,659.9,653.7,672.9,6.67,46.4,17.79,44.5,126.9,176.0,0.5081,0.5338,0.2829,0.4557,28.0,40.8,2.1,507.3,27.0,COOLING_DEGRADATION,0.6656,554.1
ISR_LOITER,4632.0,57.9,26.77,193.4,191.2,191.0,188.3,1321.3,1306.8,1307.7,1304.3,15.65,46.0,17.76,59.6,182.2,173.0,1.4384,1.2592,0.8609,1.2105,28.19,42.1,125.1,22017.9,-21.2,NOMINAL,0.0833,1471.7
ISR_LOITER,4613.2,58.9,26.7,192.2,197.6,199.6,195.1,1324.0,1298.6,1308.7,1301.1,16.44,44.2,18.02,58.4,183.7,173.3,1.667,1.147,0.7931,1.2548,28.53,42.2,126.7,22010.8,-21.8,NOMINAL,0.0041,1467.0
TAKEOFF,5817.8,99.3,38.24,241.1,241.4,241.2,242.2,1478.4,1470.9,1478.8,1474.3,32.99,46.8,18.08,73.6,210.1,207.2,3.6122,2.6894,1.6994,2.779,28.25,42.5,82.7,1170.5,25.4,NOMINAL,0.0396,1479.1
TRANSIT,4877.6,69.0,28.81,207.7,210.6,208.6,209.9,1392.2,1369.7,1380.3,1370.9,18.56,44.5,18.03,60.4,190.3,187.2,1.9193,1.3964,1.04,1.4961,28.15,41.4,140.5,17980.3,-10.8,NOMINAL,0.1011,1439.0
ISR_LOITER,4558.9,58.3,27.07,204.4,198.0,201.0,195.2,1310.7,1308.5,1320.3,1310.1,15.32,45.9,17.9,61.1,180.9,174.4,1.69,1.2056,0.8918,1.3044,28.03,41.2,127.0,21980.6,-21.1,NOMINAL,0.054,1477.7
TRANSIT,4884.9,68.7,28.77,205.8,204.2,202.3,202.2,1392.8,1400.7,1379.0,1401.7,17.94,44.9,17.99,62.6,188.0,180.5,1.8222,1.3429,1.0164,1.4326,28.35,41.4,140.1,17996.4,-10.7,NOMINAL,0.1144,1447.5
ISR_LOITER,4509.0,57.0,26.61,195.4,179.9,193.4,193.6,1304.1,1227.9,1320.7,1348.7,15.86,44.9,17.78,57.4,180.1,173.0,3.1091,2.2775,1.5598,2.4005,28.07,42.4,124.6,22064.1,-22.0,CYLINDER_MISFIRE,0.3247,783.4
CLIMB,5534.7,85.2,34.08,229.6,232.2,230.7,235.4,1463.8,1441.8,1442.1,1435.8,26.7,44.7,18.06,67.8,204.1,199.9,2.8395,2.1315,1.2977,2.1825,27.85,42.0,106.8,11974.3,5.4,NOMINAL,0.0327,1475.6
TRANSIT,4918.6,67.3,29.05,201.4,201.2,198.3,199.1,1406.4,1433.9,1403.7,1393.3,18.24,43.6,17.68,62.5,188.2,180.5,1.8948,1.438,0.8632,1.4609,28.35,44.2,140.0,18098.4,-11.4,NOMINAL,0.0318,1469.2
TRANSIT,4663.7,68.8,29.32,207.5,164.2,203.9,204.4,1375.8,1125.3,1368.9,1386.5,18.35,42.9,18.02,63.0,189.5,185.9,6.4798,4.857,3.2865,5.0458,28.21,41.7,140.1,18024.8,-11.3,CYLINDER_MISFIRE,0.8658,275.6
CLIMB,5504.4,84.5,33.84,235.4,230.6,234.5,236.9,1438.2,1446.3,1450.2,1454.6,26.97,45.1,18.06,66.8,200.8,199.8,2.8518,2.1871,1.3608,2.2187,28.39,44.0,104.0,12002.2,3.6,NOMINAL,0.042,1480.5
CLIMB,5505.1,83.9,33.73,226.7,231.9,227.0,230.8,1447.8,1449.9,1441.9,1432.3,27.69,43.8,18.05,68.6,196.2,195.6,2.8481,2.1239,1.4034,2.2055,28.3,42.0,103.4,12035.1,3.5,NOMINAL,0.092,1443.2
TRANSIT,4884.8,68.2,27.08,209.3,210.5,225.9,208.5,1376.1,1385.0,1346.1,1408.2,16.54,40.2,18.05,61.6,191.5,182.0,1.8785,1.3558,1.0454,1.4674,28.19,42.6,141.5,18004.1,-12.3,INJECTOR_CLOGGING,0.5456,685.8
ISR_LOITER,4620.9,55.5,26.52,198.3,197.8,197.6,199.9,1357.9,1329.2,1343.0,1321.2,16.24,44.5,18.3,57.7,178.8,173.6,1.672,1.2055,0.8231,1.2815,28.07,42.3,126.2,22117.9,-23.4,NOMINAL,0.1186,1446.2
PREFLIGHT,1404.6,15.4,16.38,141.9,137.3,135.8,136.6,650.2,659.4,664.8,647.5,6.78,47.1,17.94,43.0,131.8,135.3,0.5306,0.5539,0.2638,0.4683,28.35,41.4,1.8,466.8,28.9,NOMINAL,0.0256,1448.4
CLIMB,5506.5,83.6,32.5,231.7,231.0,237.9,230.7,1431.3,1439.9,1387.3,1439.0,25.43,43.0,18.15,68.7,198.7,199.0,2.8,2.0987,1.4231,2.181,28.24,44.0,106.5,12062.1,4.4,INJECTOR_CLOGGING,0.4087,816.4
ISR_LOITER,4645.0,58.1,24.1,201.0,199.1,223.0,199.9,1322.9,1331.8,1239.0,1302.3,12.53,38.6,17.7,59.9,181.9,176.5,1.4921,1.1392,0.8564,1.1913,27.92,42.5,123.7,21939.8,-22.2,INJECTOR_CLOGGING,0.8702,264.4
ISR_LOITER,4626.0,59.3,26.5,194.8,194.0,192.2,194.4,1323.0,1340.1,1325.8,1310.0,16.13,45.4,17.95,58.0,177.4,173.2,1.5513,1.2437,0.8304,1.244,28.01,41.7,125.3,22042.7,-24.5,NOMINAL,0.108,1455.5
ISR_LOITER,4564.7,58.7,26.32,195.1,197.9,196.8,196.3,1320.6,1316.0,1323.6,1327.5,15.77,46.7,17.92,59.1,177.6,173.8,1.4867,1.1691,0.8639,1.2005,28.04,44.2,124.2,21943.1,-22.1,NOMINAL,0.098,1440.8
PREFLIGHT,1365.2,14.9,15.55,136.9,140.1,141.4,139.2,631.0,639.5,653.0,647.8,7.13,43.4,19.91,46.2,130.5,133.0,1.6524,1.2939,0.8689,1.3114,28.28,44.7,3.8,448.8,28.6,COMBUSTION_INSTABILITY,0.841,282.6
TRANSIT,4886.6,66.8,29.32,215.9,211.8,212.6,210.1,1379.5,1374.0,1365.9,1367.0,18.57,45.2,18.09,60.4,189.3,187.0,1.7804,1.5396,0.9008,1.455,28.05,40.8,138.6,17956.2,-12.5,COOLING_DEGRADATION,0.0753,1094.2
RECOVERY,2230.4,21.7,16.79,149.4,153.2,165.0,153.2,827.2,845.2,814.0,844.9,7.05,43.2,18.02,50.3,144.7,150.9,0.8413,0.6548,0.4353,0.6649,28.16,44.0,65.9,774.3,24.7,INJECTOR_CLOGGING,0.1918,894.9
CLIMB,5519.4,83.8,34.26,231.9,231.7,234.7,228.7,1476.4,1462.6,1481.0,1468.8,27.38,45.4,17.8,68.1,200.2,199.3,2.8542,2.1642,1.4299,2.2267,26.74,40.7,106.5,11940.9,5.4,SENSOR_DRIFT,0.8037,392.3
TAKEOFF,5569.9,97.8,38.51,241.5,201.6,241.2,241.0,1533.2,1285.7,1526.1,1519.7,32.44,44.4,17.86,74.2,211.0,203.0,12.0276,8.9706,6.0233,9.3348,28.16,42.2,81.3,1117.7,26.9,CYLINDER_MISFIRE,0.8371,245.4
ISR_LOITER,4619.7,57.1,25.4,193.1,188.7,199.2,193.6,1330.2,1327.9,1280.2,1299.1,14.41,42.8,17.78,56.4,182.4,173.1,1.7278,1.2411,0.8305,1.3185,28.2,45.7,126.0,21984.2,-22.1,INJECTOR_CLOGGING,0.3374,890.8
DESCENT,3813.1,33.4,20.14,174.0,173.6,173.5,174.5,1101.5,1101.4,1098.3,1093.4,10.58,44.7,17.92,35.3,202.1,159.7,2.9504,2.2116,1.5104,2.3005,28.13,43.0,113.4,7987.7,11.0,LUBRICATION_FAILURE,0.8017,335.4
ISR_LOITER,4566.4,59.1,26.6,196.9,194.3,193.1,194.0,1322.4,1316.2,1302.5,1332.4,15.88,43.2,18.01,57.2,181.3,175.0,1.5481,1.2305,0.7268,1.2164,28.23,45.5,127.3,21941.8,-20.5,NOMINAL,0.0689,1481.4
ISR_LOITER,4586.9,56.5,26.24,195.6,194.5,192.9,196.3,1313.4,1311.7,1290.8,1296.8,16.06,44.7,18.15,44.0,201.5,174.0,3.112,2.3619,1.5642,2.4297,28.27,42.7,123.7,22061.4,-22.6,LUBRICATION_FAILURE,0.5254,525.6
DESCENT,3775.5,34.2,19.87,168.8,171.1,169.9,170.5,1101.7,1107.9,1111.1,1104.5,11.78,46.7,18.1,53.3,162.9,159.9,1.0924,0.8992,0.5789,0.8826,28.2,41.3,114.7,8022.2,11.2,NOMINAL,0.0974,1429.3
ISR_LOITER,4602.2,58.9,26.64,192.0,190.3,196.9,193.5,1323.2,1313.3,1300.9,1321.1,16.41,43.8,17.69,58.4,184.2,175.2,1.5378,1.2799,0.7904,1.242,28.12,42.9,126.9,21920.9,-21.5,NOMINAL,0.0452,1454.5
CLIMB,5473.0,85.9,34.18,229.1,227.0,233.6,230.5,1443.0,1474.2,1451.2,1460.5,26.77,44.9,17.98,68.7,202.3,197.2,2.79,2.1874,1.4241,2.2058,28.19,43.6,104.5,11976.8,5.3,NOMINAL,0.0482,1481.2
PREFLIGHT,1408.2,13.4,15.84,132.6,135.6,134.7,136.6,640.3,648.8,628.6,638.1,6.09,45.4,18.05,44.5,129.9,132.2,0.6413,0.3344,0.3232,0.4574,27.99,43.1,0.9,469.1,26.1,NOMINAL,0.0725,1452.3
CLIMB,5510.3,84.7,33.55,229.7,227.6,233.3,229.5,1441.2,1439.2,1420.7,1440.8,26.11,47.6,17.62,65.9,201.2,199.5,2.9075,2.18,1.3505,2.2383,27.9,42.4,102.7,11973.5,4.9,NOMINAL,0.0451,1489.8
ISR_LOITER,4395.0,57.1,26.14,202.9,169.5,202.1,203.7,1311.5,1111.2,1327.5,1306.0,15.73,45.6,18.07,58.0,181.6,178.1,4.9094,3.7387,2.4474,3.8328,28.39,42.2,124.5,21986.1,-23.3,CYLINDER_MISFIRE,0.7703,378.8
TRANSIT,4910.6,67.3,28.69,205.7,204.7,207.2,203.8,1392.2,1359.7,1354.7,1390.3,18.19,45.1,18.3,39.9,224.4,180.5,4.7901,3.8085,2.4621,3.8084,28.21,42.5,137.9,18003.8,-12.2,LUBRICATION_FAILURE,0.8673,234.1
TRANSIT,4960.7,68.3,28.75,207.6,203.7,202.2,205.8,1339.0,1368.9,1359.8,1363.7,18.66,43.6,18.09,60.5,185.2,180.5,1.9581,1.4614,0.9306,1.5095,28.21,44.5,142.1,17967.5,-13.9,NOMINAL,0.0481,1473.4
ISR_LOITER,4617.5,57.0,26.97,192.4,194.9,193.8,199.1,1318.6,1321.9,1311.1,1338.4,15.58,43.2,19.73,59.0,178.6,172.4,3.8516,2.8637,1.9096,2.9823,28.26,42.9,125.0,21937.0,-24.2,COMBUSTION_INSTABILITY,0.6433,457.2
ISR_LOITER,4581.8,57.7,26.5,193.9,192.9,196.6,195.2,1311.0,1290.4,1294.4,1311.0,15.62,42.8,18.02,59.4,178.6,177.3,1.9801,1.5405,1.0348,1.5668,28.2,45.1,127.7,21908.1,-24.2,CYLINDER_MISFIRE,0.09,1033.1
ISR_LOITER,4401.0,57.4,26.84,193.4,157.6,191.8,193.7,1325.0,1105.7,1325.8,1298.2,16.0,44.3,18.14,55.8,178.0,174.4,5.3211,4.0491,2.7034,4.1641,28.04,44.0,125.4,21946.3,-24.3,CYLINDER_MISFIRE,0.835,282.7
TRANSIT,4868.0,67.5,28.79,220.5,220.0,221.5,217.4,1388.9,1380.6,1384.2,1384.1,17.92,45.2,18.01,62.0,187.3,192.0,1.909,1.4583,1.0342,1.51,28.25,46.0,140.0,18011.3,-12.2,COOLING_DEGRADATION,0.2204,1008.6
ISR_LOITER,4587.2,57.6,23.26,195.2,193.1,223.6,198.9,1322.6,1324.0,1218.4,1315.5,13.06,37.1,17.93,56.1,179.2,175.4,1.739,1.185,0.7743,1.2946,28.27,43.8,127.8,21928.5,-21.9,INJECTOR_CLOGGING,0.9218,205.4
ISR_LOITER,4565.9,58.5,26.68,196.1,191.1,196.3,194.1,1304.0,1319.5,1303.1,1305.5,16.09,44.2,18.05,56.3,181.2,173.6,1.6237,1.4075,0.7606,1.316,27.01,41.8,126.6,22050.5,-21.2,SENSOR_DRIFT,0.7979,345.3
ISR_LOITER,4606.2,57.4,26.1,194.8,196.9,194.8,195.9,1310.5,1316.5,1306.8,1301.2,15.66,44.5,17.88,58.4,182.6,172.1,1.6544,1.2947,0.8366,1.3055,28.23,42.5,126.4,21843.4,-24.0,NOMINAL,0.0643,1447.0
DESCENT,3803.6,35.0,20.41,166.8,168.9,168.3,170.4,1098.1,1080.1,1099.7,1066.3,11.71,43.9,18.21,50.9,165.4,158.9,1.2535,0.8409,0.5247,0.9226,28.29,41.2,118.4,8023.9,13.2,NOMINAL,0.1052,1451.4
PREFLIGHT,1430.7,14.4,16.01,144.2,144.9,145.9,145.0,648.1,647.6,621.7,642.3,6.42,43.8,17.82,46.4,127.8,133.3,0.5324,0.3671,0.2624,0.4029,27.78,45.6,-0.6,502.4,25.8,NOMINAL,0.0791,1456.9
TAKEOFF,5733.9,97.6,38.48,238.5,222.8,238.1,240.3,1494.3,1419.0,1484.8,1480.9,32.89,46.0,18.24,75.2,208.9,205.7,6.4938,4.9209,3.2576,5.0661,28.06,44.5,86.7,1213.8,26.5,CYLINDER_MISFIRE,0.2782,848.3
ISR_LOITER,4639.0,56.9,26.51,196.6,197.9,195.6,198.7,1342.0,1352.7,1336.4,1327.6,15.49,46.9,17.97,57.8,180.6,175.2,1.6402,1.2091,0.9597,1.3004,27.24,43.4,126.6,22021.4,-22.3,SENSOR_DRIFT,0.6481,421.4
RECOVERY,2217.6,20.7,17.15,152.6,155.0,151.2,153.5,839.0,856.6,871.5,855.4,7.93,46.2,19.7,49.0,142.5,147.6,2.0293,1.4646,1.0191,1.5601,28.1,43.4,62.5,761.0,26.0,COMBUSTION_INSTABILITY,0.6968,426.1
ISR_LOITER,4552.4,59.7,26.02,195.0,189.5,190.4,194.3,1316.1,1289.5,1317.1,1303.8,15.94,44.7,18.55,60.5,179.6,175.9,1.9158,1.5183,0.9407,1.5122,28.12,42.9,122.8,21950.7,-22.8,CYLINDER_MISFIRE,0.0886,1165.0
ISR_LOITER,4633.9,58.0,26.55,193.1,193.9,197.0,194.0,1321.6,1313.1,1333.5,1317.5,16.45,45.7,17.73,58.3,178.7,176.4,1.5768,1.3363,0.9114,1.3042,28.12,41.8,126.6,21971.2,-22.6,NOMINAL,0.0978,1446.3
CLIMB,5461.5,85.1,33.8,290.1,290.6,288.2,291.8,1445.3,1437.3,1429.8,1427.7,26.99,44.1,18.03,69.6,201.4,255.9,2.8363,2.1019,1.4166,2.1961,28.23,45.3,105.8,12061.7,3.8,COOLING_DEGRADATION,0.8987,222.1
DESCENT,3811.2,35.1,18.92,173.5,175.0,174.2,174.3,1085.3,1086.5,1080.5,1081.4,11.08,44.8,18.17,54.8,166.3,165.0,0.9754,0.8749,0.5558,0.8217,28.43,43.1,115.3,8048.1,13.6,NOMINAL,0.1082,1456.1
TAKEOFF,5778.0,98.3,38.7,241.9,241.5,240.1,242.0,1518.8,1522.0,1544.5,1511.7,32.64,45.2,18.24,75.7,212.5,205.6,3.6414,2.6619,1.8254,2.8094,28.38,44.5,84.1,1235.3,25.8,NOMINAL,0.085,1474.0
CLIMB,5545.2,83.6,33.95,233.4,237.7,232.4,240.5,1429.7,1434.1,1434.3,1427.9,27.51,43.5,17.9,68.0,199.0,194.3,2.8343,2.0785,1.3713,2.1782,28.54,42.9,103.4,11986.3,4.1,NOMINAL,0.0636,1458.9
TAKEOFF,5778.3,96.1,38.58,242.3,237.0,237.6,241.0,1521.2,1509.5,1521.6,1520.0,33.17,44.0,17.93,72.3,210.9,201.0,3.5983,2.7127,1.7715,2.7955,28.5,42.0,83.4,1264.0,26.8,NOMINAL,0.0412,1473.1
RECOVERY,2180.6,20.8,17.45,154.4,153.8,158.3,153.1,827.3,846.6,865.2,853.5,7.69,46.1,17.87,46.8,145.0,149.9,0.75,0.5522,0.3891,0.5827,28.35,42.6,65.3,745.4,25.4,NOMINAL,0.094,1458.2
PREFLIGHT,1372.3,15.8,16.1,139.1,140.4,138.2,139.3,637.7,653.2,647.9,657.1,5.96,45.7,18.06,46.6,133.3,132.9,0.5537,0.3534,0.3386,0.4267,28.07,40.8,1.0,426.9,26.7,NOMINAL,0.0371,1465.5
PREFLIGHT,1427.9,15.6,15.57,137.7,140.3,140.0,135.4,657.9,655.4,650.3,643.4,5.44,46.3,17.84,44.5,126.1,135.1,0.4617,0.4446,0.3096,0.411,28.12,42.9,0.1,517.3,27.8,INJECTOR_CLOGGING,0.0684,1050.6
ISR_LOITER,4600.2,58.9,26.2,188.7,187.5,190.6,188.2,1303.9,1273.9,1290.6,1296.6,15.82,45.6,18.06,56.0,177.8,175.2,1.7599,1.1587,0.827,1.3069,28.19,42.7,125.2,21960.8,-21.4,NOMINAL,0.0155,1458.7
ISR_LOITER,4617.4,58.8,26.62,202.0,199.6,201.0,197.4,1279.6,1296.0,1298.7,1284.1,16.04,45.4,18.31,58.1,182.6,175.1,1.6139,1.2426,0.8098,1.2655,28.09,40.0,123.2,22020.3,-21.6,NOMINAL,0.0736,1445.7
RECOVERY,2231.7,22.9,17.08,150.1,150.6,153.3,149.2,852.1,861.6,855.5,846.4,7.46,45.6,18.9,47.7,147.4,148.9,1.5072,1.2584,0.8167,1.2278,28.15,42.9,63.5,797.0,25.6,COMBUSTION_INSTABILITY,0.4476,814.1
ISR_LOITER,4613.2,57.8,26.28,193.0,188.3,192.9,188.8,1335.8,1307.4,1308.5,1336.0,16.44,46.7,17.96,59.3,179.9,175.6,1.5728,1.2483,0.8392,1.2565,28.26,39.9,126.4,22014.0,-21.7,NOMINAL,0.084,1478.4
RECOVERY,2103.8,20.0,17.73,160.4,155.3,159.9,160.2,832.8,852.9,841.9,833.4,7.7,46.3,17.94,46.6,141.7,147.5,0.9465,0.6409,0.5258,0.7264,28.33,40.6,62.9,727.4,25.5,COMBUSTION_INSTABILITY,0.072,1002.0
ISR_LOITER,4555.3,58.8,26.34,192.5,195.1,191.9,193.6,1324.5,1308.3,1319.9,1310.2,15.98,42.0,18.26,57.2,180.3,175.5,1.5581,1.1609,0.8092,1.2152,28.39,42.7,124.2,22064.2,-20.3,NOMINAL,0.116,1430.2
TRANSIT,4711.6,68.9,29.55,206.3,172.9,203.0,203.5,1372.2,1188.6,1393.7,1377.0,18.24,44.9,18.31,61.5,191.1,175.9,5.8356,4.2365,2.872,4.4814,28.06,41.6,139.5,17963.2,-12.1,CYLINDER_MISFIRE,0.7249,350.3
ISR_LOITER,4598.4,58.1,24.99,196.5,194.4,204.9,199.5,1318.3,1311.1,1270.4,1324.8,14.21,42.1,18.0,58.2,178.9,174.5,1.4474,1.2357,0.7586,1.1828,28.48,42.0,122.9,21924.8,-22.3,INJECTOR_CLOGGING,0.3594,893.2
PREFLIGHT,1411.2,18.2,16.29,142.1,144.4,143.8,145.7,650.3,651.3,636.3,656.1,5.84,44.8,17.94,42.9,128.9,133.8,0.6262,0.4018,0.3296,0.4698,28.28,41.2,-0.3,511.2,27.5,NOMINAL,0.0796,1435.9
CLIMB,5529.7,86.1,34.04,228.0,228.8,222.6,231.6,1491.4,1463.5,1471.6,1469.7,26.4,44.0,18.44,52.9,232.1,197.9,5.919,4.5522,3.0415,4.655,28.14,39.4,106.7,11951.8,4.6,LUBRICATION_FAILURE,0.653,387.5
DESCENT,3818.8,34.1,20.0,170.8,172.7,170.4,174.3,1106.3,1109.6,1125.3,1118.4,11.46,45.9,17.64,53.6,165.6,163.8,1.1601,0.9449,0.6304,0.9374,28.42,38.0,111.8,8052.2,13.4,NOMINAL,0.0007,1487.9
ISR_LOITER,4592.8,57.9,26.93,197.5,198.2,196.6,197.9,1312.4,1329.6,1317.0,1313.0,16.28,45.4,18.05,49.3,194.5,176.5,2.717,2.1405,1.4883,2.174,28.25,42.7,125.4,21908.4,-23.5,LUBRICATION_FAILURE,0.3918,805.3
ISR_LOITER,4568.7,55.9,26.36,195.9,194.1,191.4,193.9,1309.7,1326.6,1341.1,1327.9,16.32,44.5,18.1,55.9,180.8,174.9,1.5665,1.2727,0.8247,1.2588,28.14,44.0,129.2,21944.1,-22.3,NOMINAL,0.0745,1454.5
ISR_LOITER,4631.4,59.4,26.18,191.7,193.8,197.0,194.3,1326.7,1321.4,1318.4,1313.0,15.87,46.4,17.63,56.2,182.6,171.1,1.5108,1.2318,0.8127,1.2194,28.09,43.3,122.0,22135.8,-21.3,NOMINAL,0.0092,1464.7
TRANSIT,4898.7,66.4,29.32,206.2,209.6,206.8,210.2,1389.1,1377.7,1380.7,1384.2,19.02,44.9,17.92,66.0,187.5,179.9,2.0844,1.3812,0.8927,1.5329,28.38,40.8,139.5,18009.3,-12.3,NOMINAL,0.103,1430.5
CLIMB,5496.6,84.1,33.95,235.5,233.9,232.7,232.2,1454.8,1469.1,1452.4,1444.2,26.7,45.9,17.87,70.2,202.1,196.4,2.7922,2.1712,1.3803,2.1921,27.58,43.4,108.0,12032.8,5.1,SENSOR_DRIFT,0.3437,642.7
TAKEOFF,5790.6,97.7,38.71,242.2,239.6,238.4,237.1,1515.8,1510.8,1514.5,1548.6,32.39,45.4,18.39,70.5,210.8,207.2,3.6271,2.6738,1.8272,2.8074,28.07,41.7,81.8,1229.3,28.2,NOMINAL,0.0219,1458.1
TRANSIT,4865.0,67.1,28.78,206.7,206.0,209.9,207.3,1380.1,1393.3,1389.6,1376.5,18.95,45.2,18.36,63.7,186.8,183.0,1.9365,1.4207,0.8586,1.4726,28.33,39.4,137.3,18015.9,-13.0,NOMINAL,0.0577,1445.7
PREFLIGHT,1381.3,14.7,16.49,135.4,140.8,139.9,137.8,673.6,675.2,662.2,666.6,5.66,43.5,18.23,45.1,132.2,136.4,0.6186,0.5351,0.3614,0.5162,27.04,40.0,-1.9,566.6,28.9,SENSOR_DRIFT,0.5875,538.7
CLIMB,5500.5,86.0,34.24,226.9,228.1,225.3,228.3,1473.4,1484.0,1467.4,1461.3,26.51,46.6,17.56,65.6,200.1,196.8,2.689,2.1351,1.4315,2.1478,28.23,43.5,105.6,11895.3,4.7,NOMINAL,0.0897,1444.7
DESCENT,3805.8,35.0,20.18,178.1,174.6,175.7,178.8,1092.1,1086.9,1111.1,1083.2,11.38,45.9,17.67,51.7,162.6,155.4,1.2297,0.9306,0.5697,0.9492,28.05,44.3,118.9,8030.7,12.1,NOMINAL,0.0973,1443.5
TAKEOFF,5831.3,98.3,38.52,236.8,237.6,232.0,236.2,1518.3,1532.4,1527.2,1518.7,33.17,44.5,19.03,71.4,206.3,201.8,7.3645,5.4542,3.6595,5.6973,28.24,42.4,84.9,1168.6,27.6,COMBUSTION_INSTABILITY,0.4632,710.0
CLIMB,5504.7,84.4,34.07,231.3,232.4,231.7,232.7,1461.2,1432.3,1433.4,1443.0,27.1,43.5,18.36,69.3,197.4,198.1,2.8325,2.0485,1.3156,2.1564,28.08,43.5,102.5,12066.0,4.0,NOMINAL,0.0907,1453.2
ISR_LOITER,4607.2,56.7,26.17,194.4,194.3,195.8,195.4,1323.8,1324.4,1337.4,1330.7,15.75,42.6,18.0,59.2,179.3,174.6,1.7227,1.1607,0.8891,1.3045,27.96,42.7,121.6,22030.1,-22.9,NOMINAL,0.0097,1487.8
CLIMB,5470.0,86.2,34.58,229.8,228.5,224.9,230.0,1445.1,1457.0,1452.3,1445.6,26.73,43.8,18.02,67.3,200.3,195.4,2.8305,2.1959,1.4136,2.2235,27.54,41.6,104.4,12032.8,4.8,SENSOR_DRIFT,0.4545,664.3
DESCENT,3767.8,34.9,19.93,170.5,170.8,168.1,167.2,1097.5,1127.2,1118.7,1106.2,10.39,44.8,18.18,50.9,162.7,161.3,1.2021,0.9026,0.6011,0.9347,28.0,41.0,114.9,7935.7,11.1,NOMINAL,0.0824,1479.3
TRANSIT,4937.5,68.2,29.07,207.5,205.7,205.2,207.9,1402.4,1363.7,1395.4,1374.8,18.66,44.7,19.94,62.1,189.1,184.3,5.2323,3.9958,2.6595,4.0995,28.26,41.8,141.0,18094.7,-11.8,COMBUSTION_INSTABILITY,0.8105,271.6
CLIMB,5541.2,83.8,34.41,229.9,227.6,227.5,227.0,1451.9,1460.9,1479.2,1465.0,27.33,43.7,17.78,69.2,196.2,197.9,2.8912,2.0882,1.3898,2.2099,28.31,41.7,107.0,11968.4,6.2,NOMINAL,0.1134,1446.4
CLIMB,5499.6,83.6,34.01,223.5,229.1,225.2,228.5,1443.8,1452.3,1443.8,1417.8,27.39,44.7,18.29,68.3,201.3,200.0,2.7358,2.1438,1.4197,2.1677,28.31,42.2,104.1,11942.3,4.9,COOLING_DEGRADATION,0.0056,1107.4
DESCENT,3811.5,32.1,20.32,174.6,172.6,174.3,172.2,1100.0,1106.7,1092.3,1115.7,11.66,47.2,17.98,50.2,169.2,159.2,1.4057,1.0584,0.5668,1.0673,28.05,43.6,115.6,7908.4,11.0,LUBRICATION_FAILURE,0.0864,1127.9
CLIMB,5501.7,85.1,33.98,229.5,231.7,233.5,239.1,1458.3,1437.2,1440.1,1453.3,26.92,43.5,17.75,48.1,232.6,196.3,6.7086,5.0332,3.2475,5.1924,28.19,41.0,105.7,12046.1,5.6,LUBRICATION_FAILURE,0.7732,364.8
CLIMB,5426.7,85.8,33.63,236.1,232.0,233.4,235.0,1467.6,1459.9,1458.6,1459.0,26.52,46.1,17.53,68.7,196.2,198.1,2.7692,2.0749,1.4177,2.159,28.19,42.7,106.3,11860.3,6.6,NOMINAL,0.0988,1468.9
DESCENT,3771.5,35.7,20.28,167.9,165.7,168.1,167.1,1099.7,1109.4,1079.7,1081.7,11.46,44.9,17.97,36.3,196.5,159.1,2.6149,1.9625,1.3506,2.0423,28.24,42.6,112.5,7940.1,11.1,LUBRICATION_FAILURE,0.6448,408.7
ISR_LOITER,4545.1,57.6,26.27,200.0,200.2,202.5,196.3,1331.9,1321.7,1322.6,1313.1,15.44,47.1,17.96,55.6,178.5,174.5,1.5093,1.2394,0.7898,1.2163,28.25,39.4,122.6,21944.5,-21.0,NOMINAL,0.0423,1457.3
ISR_LOITER,4593.3,57.8,26.1,193.1,188.3,196.2,196.3,1315.6,1323.4,1307.8,1308.2,15.09,47.4,17.38,57.7,183.1,173.9,1.4885,1.2358,0.892,1.23,28.56,40.5,126.0,22060.8,-21.4,NOMINAL,0.0084,1489.3
TRANSIT,4864.8,67.0,28.73,207.2,206.6,203.1,207.0,1388.8,1408.5,1397.2,1387.5,18.48,43.6,18.05,62.3,188.5,180.1,2.0358,1.5387,0.9473,1.5716,28.32,39.6,137.4,18028.4,-11.5,NOMINAL,0.0315,1446.4
TAKEOFF,5813.9,97.0,38.41,248.2,245.5,246.5,248.2,1505.5,1531.1,1514.7,1522.8,32.2,44.3,17.71,70.6,210.0,205.1,3.6581,2.685,1.8516,2.8296,27.45,41.1,77.5,1217.1,27.0,SENSOR_DRIFT,0.5019,666.8
ISR_LOITER,4657.0,57.6,26.5,194.6,195.7,199.2,194.2,1314.0,1308.6,1302.8,1296.6,15.36,48.9,18.22,57.6,179.7,173.8,1.482,1.1653,0.7775,1.1774,28.42,42.1,123.8,22085.6,-22.7,NOMINAL,0.043,1473.5
ISR_LOITER,4592.6,58.4,26.0,193.8,195.3,192.0,191.8,1301.5,1301.0,1313.9,1287.5,15.72,43.8,17.73,56.3,178.3,172.5,1.5223,1.1831,0.744,1.1931,28.19,42.6,125.4,21977.6,-21.9,NOMINAL,0.022,1475.5
ISR_LOITER,4592.0,57.4,26.73,199.3,200.7,200.4,197.5,1293.8,1330.4,1300.8,1328.8,16.59,45.7,18.16,57.6,180.2,173.2,1.6995,1.3377,0.8624,1.3443,28.15,40.3,128.8,21938.6,-21.7,NOMINAL,0.0895,1445.7
ISR_LOITER,4621.8,56.8,25.86,193.9,196.0,196.3,194.3,1341.6,1362.3,1333.8,1337.8,15.84,42.8,17.57,58.2,179.9,173.5,1.6077,1.2445,0.7374,1.2486,28.1,37.8,126.4,22052.9,-21.7,NOMINAL,0.036,1461.5
ISR_LOITER,4620.2,58.5,26.25,191.3,193.0,189.9,190.1,1302.8,1321.6,1319.9,1307.7,15.26,45.1,17.68,56.1,181.7,179.1,1.4252,1.2273,0.6676,1.1523,28.17,41.0,125.9,22019.4,-21.2,NOMINAL,0.0887,1443.8
DESCENT,3766.5,36.4,20.06,164.5,166.0,164.8,161.7,1106.9,1122.6,1102.9,1111.0,11.62,46.1,18.35,52.0,166.2,160.4,1.0567,0.965,0.5964,0.8951,27.42,42.8,114.9,7922.8,10.5,SENSOR_DRIFT,0.4351,571.9
ISR_LOITER,4579.9,57.1,26.32,196.3,196.8,193.9,193.0,1316.8,1333.8,1329.3,1331.5,15.89,46.3,18.09,58.5,178.3,178.0,1.5961,1.1922,0.8218,1.2442,28.08,43.0,128.3,21971.3,-21.9,NOMINAL,0.0475,1445.2
TRANSIT,4887.8,66.6,29.19,205.0,209.1,207.8,207.5,1404.9,1419.9,1394.9,1411.0,19.27,44.6,18.11,43.8,223.3,181.4,4.2813,3.181,2.1247,3.3147,28.16,42.7,139.6,17888.4,-11.5,LUBRICATION_FAILURE,0.6984,419.3
ISR_LOITER,4591.6,58.0,26.32,196.9,199.1,197.1,197.2,1323.6,1326.5,1324.5,1331.8,16.45,44.2,17.84,58.7,179.0,173.3,1.6177,1.1971,0.7801,1.2461,28.34,41.4,127.2,22015.8,-23.5,NOMINAL,0.061,1476.3
ISR_LOITER,4609.5,60.2,26.38,195.4,196.8,200.7,196.2,1294.6,1325.3,1319.2,1282.2,15.19,44.5,17.81,57.9,178.9,176.9,1.6854,1.1277,0.9015,1.2813,28.42,37.7,123.2,21942.8,-23.0,NOMINAL,0.0597,1436.9
ISR_LOITER,4580.3,58.5,27.21,199.9,201.4,203.7,200.1,1300.8,1319.0,1299.7,1300.0,16.21,46.5,18.33,60.3,181.4,174.0,1.4873,1.193,0.7852,1.1905,28.17,41.9,124.1,22015.0,-23.0,NOMINAL,0.0477,1460.4
CLIMB,5511.4,86.6,33.37,228.5,229.4,229.5,232.2,1449.3,1446.7,1467.3,1477.7,27.48,44.4,17.76,64.2,209.6,195.2,3.6845,2.8272,1.872,2.891,28.39,42.4,102.3,12016.5,3.5,LUBRICATION_FAILURE,0.1871,752.5
CLIMB,5556.4,85.4,34.36,230.6,228.3,230.0,227.8,1472.0,1454.6,1446.5,1449.3,27.39,45.2,17.83,69.9,200.2,198.6,2.7385,2.0816,1.3942,2.1429,28.06,38.4,107.8,11929.3,4.2,NOMINAL,0.1061,1453.5
TRANSIT,4885.5,69.4,28.79,203.3,206.5,205.3,210.2,1386.5,1382.4,1372.6,1370.9,18.63,45.0,17.87,61.2,189.5,186.3,1.913,1.4258,0.9171,1.4758,26.74,43.0,138.1,17910.1,-10.4,SENSOR_DRIFT,0.6637,438.4
ISR_LOITER,4561.5,56.1,26.36,197.4,199.5,197.7,198.8,1309.5,1294.0,1290.3,1304.1,15.81,45.9,18.18,55.1,178.4,173.9,1.5666,1.3033,0.6607,1.2369,28.13,40.4,127.0,21956.2,-20.5,NOMINAL,0.066,1480.6
ISR_LOITER,4598.4,56.5,26.32,193.7,199.1,197.7,198.5,1330.8,1341.8,1324.5,1330.5,15.36,43.1,17.33,56.8,180.0,176.7,1.7002,1.3431,0.7766,1.3289,28.11,47.3,125.1,21947.5,-22.8,NOMINAL,0.055,1448.5
CLIMB,5494.1,84.7,34.29,227.4,231.2,231.0,229.7,1454.9,1468.0,1440.1,1468.3,27.19,43.7,17.65,67.0,199.8,199.8,2.8612,2.134,1.4424,2.2227,26.73,45.0,103.9,11996.9,3.8,SENSOR_DRIFT,0.9305,163.8
TRANSIT,4899.0,68.0,27.29,200.2,203.2,216.4,199.8,1379.3,1351.3,1336.3,1364.9,17.83,43.1,18.1,61.7,186.1,182.6,1.9046,1.449,0.9031,1.4768,28.42,44.5,139.2,18000.8,-11.9,INJECTOR_CLOGGING,0.3867,619.7
ISR_LOITER,4607.0,55.9,26.7,196.7,199.1,199.2,197.1,1317.8,1324.2,1322.0,1303.1,15.97,44.6,18.39,59.1,179.5,174.6,1.4759,1.2104,0.7705,1.1884,28.23,46.4,124.9,21927.0,-22.4,NOMINAL,0.0778,1474.4
DESCENT,3799.1,35.0,20.14,180.1,181.0,177.1,180.0,1126.7,1108.9,1114.3,1122.1,11.3,45.5,17.99,52.4,164.5,167.8,1.2708,0.8786,0.6444,0.9665,28.27,44.2,115.6,8037.4,8.3,COOLING_DEGRADATION,0.1199,1045.7
TAKEOFF,5576.4,96.9,38.43,243.3,202.8,241.8,238.5,1516.7,1297.0,1530.7,1533.9,32.32,46.9,18.07,71.0,210.8,206.5,12.269,9.1268,6.1143,9.5081,28.36,41.4,85.2,1148.8,27.9,CYLINDER_MISFIRE,0.8557,287.0
ISR_LOITER,4585.7,58.0,25.8,193.2,192.3,192.7,194.4,1343.6,1363.5,1347.1,1344.5,15.76,44.9,18.33,59.1,177.4,176.5,1.6807,1.3227,0.8033,1.319,28.16,43.7,124.7,22030.6,-20.0,NOMINAL,0.059,1441.9
ISR_LOITER,4624.8,58.5,26.8,193.0,192.2,189.7,190.1,1307.3,1304.8,1298.2,1301.4,15.77,45.1,17.77,59.2,181.0,175.3,1.689,1.2372,0.7169,1.2777,27.98,43.3,123.0,22025.5,-21.6,NOMINAL,0.0561,1461.9
TAKEOFF,5737.8,99.5,38.4,240.1,229.1,241.9,237.8,1516.8,1452.3,1531.1,1534.1,32.25,43.6,18.06,70.8,211.1,207.6,6.0182,4.4612,2.9686,4.6524,28.14,42.4,86.6,1253.6,28.4,CYLINDER_MISFIRE,0.2297,1013.8
ISR_LOITER,4597.5,57.1,27.02,199.2,198.0,199.5,199.7,1311.6,1293.3,1284.7,1311.2,15.37,44.6,17.99,51.2,193.7,171.9,2.2941,1.7499,1.1751,1.7987,27.98,42.9,122.4,21938.9,-21.2,LUBRICATION_FAILURE,0.2701,847.6
ISR_LOITER,4591.4,57.3,26.67,212.1,216.6,213.0,211.4,1315.4,1331.7,1336.4,1316.4,16.32,45.9,18.01,57.9,183.0,195.8,1.6138,1.1591,0.7973,1.2361,28.5,41.8,128.1,21887.9,-22.5,COOLING_DEGRADATION,0.3079,671.2
CLIMB,5475.3,86.5,32.22,233.8,237.2,258.7,237.2,1463.2,1480.9,1375.0,1472.3,24.42,36.7,18.24,68.9,200.0,195.3,2.7015,2.1583,1.3679,2.1469,28.06,39.8,105.1,11956.8,4.4,INJECTOR_CLOGGING,0.8074,261.1
PREFLIGHT,1424.1,14.5,16.08,142.5,141.6,143.3,142.8,641.9,664.5,670.2,655.8,5.84,46.0,17.92,45.7,130.5,137.2,0.577,0.5202,0.3588,0.4941,28.04,42.7,-0.3,476.6,29.6,NOMINAL,0.0598,1477.9
ISR_LOITER,4336.3,58.9,26.66,188.9,147.0,188.7,191.2,1330.8,1048.4,1318.4,1322.5,15.94,44.5,17.98,55.7,180.3,173.7,5.9606,4.482,3.0113,4.6434,28.18,41.1,127.9,22052.2,-22.1,CYLINDER_MISFIRE,0.9687,179.7
ISR_LOITER,4626.1,57.6,23.5,191.1,193.8,217.0,194.0,1339.8,1337.2,1225.3,1337.8,12.52,39.7,18.2,56.3,182.9,171.2,1.6509,1.1464,0.802,1.2494,28.27,43.8,125.1,21983.6,-23.1,INJECTOR_CLOGGING,0.8824,218.6
ISR_LOITER,4383.0,59.0,26.68,199.0,155.9,196.2,197.7,1312.3,1063.1,1312.3,1319.6,16.63,43.8,18.11,56.7,181.9,176.4,5.569,4.237,2.9672,4.3882,27.99,40.0,126.2,21999.2,-23.3,CYLINDER_MISFIRE,0.9139,262.7
TRANSIT,4918.3,70.1,29.3,204.7,203.9,203.1,206.5,1367.8,1378.9,1375.5,1374.7,18.53,44.0,18.14,62.4,187.7,181.2,1.8851,1.3654,1.0139,1.4658,27.94,42.2,140.1,18021.4,-12.5,NOMINAL,0.0719,1441.5
ISR_LOITER,4597.3,58.5,26.11,218.9,220.4,223.0,218.7,1353.5,1334.2,1338.5,1351.5,16.31,46.0,18.07,56.8,180.1,197.3,1.6428,1.202,0.7758,1.2577,28.31,41.6,123.7,22000.8,-22.8,COOLING_DEGRADATION,0.3496,861.1
PREFLIGHT,1382.1,16.6,16.36,136.9,136.5,136.0,135.4,645.1,648.2,665.2,668.6,5.4,45.0,18.01,45.4,129.3,136.4,0.6917,0.499,0.1842,0.5038,28.2,41.4,-0.7,508.9,26.6,NOMINAL,0.0805,1455.1
ISR_LOITER,4613.8,57.7,26.8,197.5,193.3,194.9,195.7,1333.1,1333.9,1333.6,1343.4,15.73,44.6,18.4,58.0,179.3,177.7,1.5729,1.2289,0.8049,1.2426,28.22,38.4,125.9,22042.2,-21.2,LUBRICATION_FAILURE,0.0015,1012.5
CLIMB,5550.0,86.4,34.21,231.7,233.4,233.6,233.1,1461.8,1445.8,1459.0,1460.6,27.26,47.1,17.73,67.3,198.8,196.3,2.8411,2.14,1.3973,2.2063,28.31,46.1,106.2,11905.0,5.5,NOMINAL,0.0942,1470.7
TRANSIT,4902.1,69.3,29.1,202.1,202.8,206.4,204.2,1352.6,1361.9,1362.3,1355.2,18.61,47.0,17.8,62.6,185.6,184.8,1.8082,1.3139,0.9677,1.4062,26.86,45.2,137.5,17922.8,-11.8,SENSOR_DRIFT,0.6664,443.0
ISR_LOITER,4544.0,57.3,26.22,197.6,197.5,197.4,197.8,1323.7,1329.6,1328.6,1344.0,15.48,44.2,18.16,56.7,180.1,179.6,1.7422,1.1461,0.7343,1.2765,27.89,42.0,124.2,21995.2,-22.3,NOMINAL,0.0263,1487.3
CLIMB,5501.4,86.2,33.28,230.0,228.1,231.3,231.0,1438.6,1450.0,1458.6,1444.0,26.99,44.2,17.95,68.5,201.2,199.5,2.7936,2.0503,1.3807,2.1537,26.63,44.1,104.7,12013.5,5.1,SENSOR_DRIFT,0.9693,162.5
ISR_LOITER,4601.4,58.7,26.56,195.6,197.8,200.0,198.6,1301.9,1308.7,1311.8,1303.8,15.63,46.1,17.8,59.2,181.0,174.0,1.6267,1.1727,0.8289,1.2528,28.53,45.0,120.5,21982.3,-22.5,NOMINAL,0.1181,1472.5
ISR_LOITER,4618.2,58.4,26.2,240.9,240.3,243.3,245.9,1303.8,1320.5,1306.9,1308.2,15.2,46.0,17.89,58.4,179.9,219.4,1.6037,1.2343,0.8475,1.2667,28.07,40.6,129.2,21995.1,-21.5,COOLING_DEGRADATION,0.6896,410.1
CLIMB,5478.2,87.2,33.93,225.5,223.4,228.8,224.7,1463.6,1453.6,1451.1,1451.7,27.1,46.3,17.8,68.1,202.5,202.0,2.8655,2.1077,1.4228,2.2119,28.08,40.4,104.7,12002.3,4.8,INJECTOR_CLOGGING,0.0605,982.0
RECOVERY,1968.1,21.5,17.44,161.2,122.3,158.8,161.1,852.0,645.9,850.5,853.0,7.37,45.3,18.12,49.6,144.2,148.1,2.5363,1.9388,1.2765,1.985,28.04,42.9,68.8,735.4,28.0,CYLINDER_MISFIRE,0.7637,336.7
TAKEOFF,5790.1,97.9,38.49,241.4,243.4,237.1,240.7,1487.7,1487.1,1508.0,1518.7,32.49,46.0,17.51,70.5,207.4,207.3,3.6985,2.7611,1.8221,2.8648,28.0,40.5,90.0,1134.2,25.7,NOMINAL,0.0047,1450.4
PREFLIGHT,1440.3,15.4,16.09,140.8,139.3,144.0,137.2,633.1,644.5,633.8,659.1,6.37,46.2,17.85,31.7,151.1,135.9,1.1957,0.8204,0.5667,0.8989,28.36,41.8,-0.3,439.3,28.3,LUBRICATION_FAILURE,0.4535,552.3
RECOVERY,2176.3,23.1,17.64,151.4,148.6,152.3,150.5,835.4,862.1,836.8,855.6,8.03,46.7,17.83,47.6,147.1,147.6,0.7579,0.6728,0.3911,0.6272,28.36,42.5,64.4,658.6,25.7,NOMINAL,0.1119,1463.1
TRANSIT,4882.7,66.6,29.42,203.8,205.1,207.0,204.7,1365.5,1384.5,1387.2,1394.9,18.51,44.4,17.86,63.6,190.2,179.1,1.9433,1.3417,0.9974,1.48,28.26,43.6,141.1,17916.8,-11.7,NOMINAL,0.0249,1476.2
ISR_LOITER,4630.5,58.1,26.74,219.8,221.7,218.0,219.0,1283.8,1299.6,1306.6,1303.1,15.6,43.7,17.69,61.0,181.6,199.3,1.5575,1.1524,0.7998,1.2102,28.0,42.3,124.4,22035.1,-23.6,COOLING_DEGRADATION,0.3587,679.8
DESCENT,3778.2,33.6,19.34,174.9,176.5,172.6,173.7,1123.4,1119.2,1131.5,1128.2,11.45,47.1,17.78,50.3,164.7,160.3,1.2849,0.9127,0.5567,0.9651,27.91,41.5,116.3,7954.6,12.4,NOMINAL,0.0826,1439.9
DESCENT,3831.5,33.2,20.4,177.4,174.7,175.4,170.6,1079.0,1081.0,1094.0,1080.0,10.89,43.6,18.42,52.1,166.6,158.0,1.5876,1.316,0.8744,1.2932,28.35,39.3,113.1,8011.3,12.1,COMBUSTION_INSTABILITY,0.1702,1068.5
CLIMB,5491.9,84.2,34.2,231.4,230.5,229.6,231.0,1441.6,1444.4,1461.6,1451.3,27.4,44.3,19.4,68.8,195.8,196.1,6.5974,4.9353,3.2543,5.1145,28.22,41.1,107.4,12052.7,3.8,COMBUSTION_INSTABILITY,0.6097,514.2
TRANSIT,4872.0,67.5,28.9,203.4,204.9,205.2,206.3,1387.7,1381.8,1368.4,1386.1,18.34,46.5,17.96,61.2,186.9,183.2,1.805,1.3709,0.9348,1.4155,28.29,42.0,140.0,18028.8,-13.0,NOMINAL,0.0933,1439.5
TRANSIT,4913.7,68.9,28.82,204.0,209.2,207.9,208.5,1407.0,1388.3,1383.7,1402.9,17.95,47.0,17.8,63.6,188.6,183.4,1.8269,1.539,0.9492,1.484,28.51,42.7,138.5,18030.5,-11.1,NOMINAL,0.0618,1444.3
ISR_LOITER,4590.7,56.9,27.04,193.8,189.3,195.2,194.8,1339.8,1341.7,1355.9,1342.5,15.66,42.4,18.16,58.2,180.4,176.3,1.6343,1.1224,0.7744,1.2289,28.24,42.1,121.3,21965.9,-20.8,NOMINAL,0.0248,1469.6
ISR_LOITER,4594.9,58.2,26.43,199.2,193.7,195.8,197.7,1330.0,1351.3,1352.6,1325.0,15.85,45.4,17.75,57.6,181.1,173.7,1.6862,1.1343,0.7855,1.2579,26.63,41.7,125.6,21958.0,-22.7,SENSOR_DRIFT,0.8452,338.6
ISR_LOITER,4573.0,57.2,26.67,186.8,186.8,190.1,188.3,1308.7,1320.4,1321.5,1328.2,15.85,44.4,18.32,60.2,184.9,177.3,1.6527,1.0559,0.8811,1.2413,28.2,41.7,125.9,21967.7,-21.0,NOMINAL,0.0444,1489.8
CLIMB,5460.7,86.0,34.17,231.4,236.5,228.8,230.1,1477.7,1486.3,1476.9,1462.1,25.95,44.0,18.1,68.5,198.1,197.5,2.6964,2.0634,1.4488,2.1313,28.07,43.8,101.3,11966.8,6.9,NOMINAL,0.0987,1430.7
ISR_LOITER,4535.8,58.1,26.8,199.2,197.2,198.4,196.4,1336.0,1307.4,1301.7,1321.7,15.75,46.2,17.94,35.6,220.6,173.0,3.9726,3.0274,1.9928,3.1047,28.06,39.8,126.7,22070.7,-22.7,LUBRICATION_FAILURE,0.8507,293.4
TRANSIT,4886.1,67.3,28.95,257.1,256.7,257.6,254.4,1396.6,1393.3,1428.0,1379.2,18.68,44.2,18.03,64.0,191.8,232.5,1.8802,1.2983,1.0347,1.4481,28.1,39.3,140.3,17943.2,-13.0,COOLING_DEGRADATION,0.7993,351.1
ISR_LOITER,4580.5,56.8,26.38,197.3,196.9,196.9,196.8,1333.4,1314.4,1315.8,1337.8,15.86,46.3,18.19,57.1,182.5,178.1,1.5882,1.2855,0.7804,1.2628,28.29,43.5,123.9,21994.0,-22.6,NOMINAL,0.1125,1435.9
ISR_LOITER,4616.9,57.2,26.02,192.5,195.4,190.9,196.8,1326.7,1293.2,1312.4,1301.6,15.73,43.5,17.88,57.6,180.6,174.8,1.6035,1.2711,0.8356,1.2761,28.23,41.5,128.4,22039.6,-22.8,INJECTOR_CLOGGING,0.0364,1218.8
TRANSIT,4786.6,68.4,28.39,199.5,177.8,201.4,198.2,1361.2,1227.4,1361.5,1367.7,18.22,45.3,17.95,64.3,189.4,186.0,4.6266,3.4086,2.2631,3.5659,28.12,43.4,140.6,17991.0,-10.9,CYLINDER_MISFIRE,0.5047,671.7
TRANSIT,4926.1,68.4,29.34,197.7,200.7,200.1,202.1,1392.6,1380.9,1383.9,1379.9,17.73,45.0,17.55,60.6,188.5,182.3,1.9695,1.42,1.0079,1.5178,28.28,42.4,136.9,18084.7,-13.2,NOMINAL,0.0474,1454.2
PREFLIGHT,1406.8,14.6,15.25,141.0,140.5,141.5,143.3,640.5,646.5,650.2,645.1,6.28,43.6,17.83,44.8,126.9,134.1,0.5657,0.4889,0.3533,0.4774,28.37,42.4,-2.7,443.0,28.4,NOMINAL,0.0655,1473.2
ISR_LOITER,4470.7,58.2,26.15,196.8,169.5,195.7,197.4,1314.8,1126.8,1312.1,1310.9,15.35,47.4,18.0,58.7,178.8,173.1,4.5185,3.3864,2.2956,3.5192,28.17,44.7,123.4,22024.6,-24.1,CYLINDER_MISFIRE,0.6646,461.7
ISR_LOITER,4588.1,57.6,23.02,192.0,189.9,218.0,192.6,1300.0,1296.8,1199.3,1317.1,13.13,38.3,17.85,60.5,178.8,175.7,1.6812,1.186,0.6978,1.2543,28.27,42.3,121.9,22015.9,-22.1,INJECTOR_CLOGGING,0.8668,214.9
RECOVERY,2219.4,21.4,17.19,157.6,158.6,156.2,156.3,872.9,836.4,839.2,857.2,7.27,46.4,17.91,48.3,146.7,149.9,0.7095,0.6225,0.3124,0.574,28.33,41.4,66.1,783.0,25.6,NOMINAL,0.0689,1479.8
ISR_LOITER,4608.8,58.2,26.87,191.5,194.4,193.3,192.8,1324.0,1312.5,1313.1,1303.3,15.75,45.1,17.88,59.1,178.7,177.1,1.6529,1.2292,0.8004,1.2759,28.17,43.4,124.1,21881.4,-22.3,NOMINAL,0.0279,1486.3
CLIMB,5523.2,83.5,33.91,231.5,232.9,229.9,230.3,1459.0,1454.4,1470.4,1448.2,27.17,44.6,20.4,66.7,198.3,198.1,8.1956,6.1495,3.9538,6.3408,28.35,42.2,104.0,12070.9,5.8,COMBUSTION_INSTABILITY,0.8567,240.3
TRANSIT,4917.6,66.9,29.2,207.3,208.5,210.6,208.8,1390.9,1409.1,1395.3,1383.2,18.81,46.3,17.93,63.1,184.6,181.9,1.8663,1.5114,1.0145,1.5052,26.8,41.7,143.5,18074.7,-13.0,SENSOR_DRIFT,0.7513,448.7
ISR_LOITER,4612.2,59.0,26.36,199.3,195.9,195.6,198.0,1326.6,1320.5,1324.5,1322.2,16.17,45.0,18.04,57.2,181.8,175.0,1.7681,1.1737,0.8077,1.311,28.22,41.8,128.1,21902.2,-21.1,NOMINAL,0.1055,1466.3
TRANSIT,4897.7,68.1,29.04,207.4,203.3,203.3,205.9,1383.1,1376.7,1374.7,1372.9,19.3,43.9,17.81,61.2,185.9,182.5,1.9685,1.4009,0.9158,1.4918,28.34,42.4,134.6,17911.8,-11.4,NOMINAL,0.1029,1450.1
TRANSIT,4919.1,66.9,25.76,204.0,205.4,230.2,204.3,1383.8,1379.4,1249.5,1388.5,15.27,37.9,17.95,62.0,190.3,180.4,1.9074,1.3755,0.9654,1.4677,27.91,40.6,143.3,17910.3,-12.4,INJECTOR_CLOGGING,0.9509,154.6
ISR_LOITER,4587.7,56.9,26.3,193.1,194.1,195.8,193.4,1321.2,1321.6,1332.5,1324.0,16.36,45.5,17.85,58.6,181.3,173.1,1.6455,1.1702,0.789,1.2516,28.35,40.6,124.4,21998.9,-21.3,NOMINAL,0.079,1446.8
TAKEOFF,5758.1,99.4,38.51,248.3,250.3,242.5,245.0,1516.8,1533.1,1511.3,1530.6,32.48,44.4,17.88,73.6,211.0,204.0,3.7459,2.7206,1.8376,2.8758,28.57,43.2,87.1,1189.9,27.1,NOMINAL,0.0933,1431.8
ISR_LOITER,4590.7,58.6,25.46,193.3,193.1,203.6,198.8,1308.5,1313.1,1302.7,1315.2,13.88,42.0,17.85,57.8,180.3,179.1,1.6144,1.1636,0.7786,1.2338,28.15,43.4,127.2,21956.9,-22.0,INJECTOR_CLOGGING,0.3115,748.7
CLIMB,5513.0,85.4,33.83,237.4,235.2,235.6,236.5,1469.5,1474.7,1476.3,1454.4,27.03,43.9,18.05,69.3,200.8,199.9,3.4124,2.556,1.7333,2.6572,28.32,40.9,105.8,11980.2,4.6,COMBUSTION_INSTABILITY,0.0991,896.9
TAKEOFF,5573.8,96.3,38.39,241.3,196.9,239.1,240.5,1528.7,1256.7,1536.6,1538.1,31.89,45.1,17.95,72.4,210.6,202.6,13.6672,10.1484,6.7073,10.5636,28.14,40.4,84.7,1200.3,27.6,CYLINDER_MISFIRE,0.9819,159.1
ISR_LOITER,4600.2,57.3,26.74,191.6,195.7,190.6,194.7,1329.9,1333.3,1313.0,1326.8,15.73,46.0,17.93,60.5,179.6,171.1,1.5758,1.2098,0.8289,1.2428,28.18,45.4,125.9,21980.1,-22.7,NOMINAL,0.0204,1448.6
ISR_LOITER,4635.6,59.1,26.36,192.0,195.5,196.5,193.2,1350.6,1337.4,1331.8,1330.1,16.22,44.6,18.03,58.5,176.7,174.8,1.6756,1.1253,0.7778,1.2489,28.19,42.1,125.4,22029.4,-20.8,NOMINAL,0.0313,1457.3
PREFLIGHT,1402.9,16.1,16.11,141.6,139.5,141.2,142.7,651.7,650.6,649.5,656.8,6.4,44.2,18.01,46.2,132.9,137.0,0.6491,0.4237,0.3162,0.4833,28.34,40.8,-2.0,511.2,26.5,NOMINAL,0.1122,1437.4
TAKEOFF,5782.0,97.4,38.58,240.3,239.2,241.5,241.2,1516.1,1496.1,1511.6,1494.5,31.79,43.9,17.62,72.5,210.4,202.0,3.9927,2.9196,1.8753,3.0541,28.38,40.9,85.7,1216.9,25.8,CYLINDER_MISFIRE,0.0281,1122.2
ISR_LOITER,4569.0,58.2,27.09,197.8,192.4,194.4,195.3,1329.6,1275.1,1336.7,1327.2,15.38,44.9,17.8,57.5,175.8,176.7,2.2536,1.6624,1.1381,1.7452,28.38,42.9,128.8,21932.6,-23.4,CYLINDER_MISFIRE,0.1543,1010.0
TRANSIT,4893.7,67.6,28.89,206.1,204.0,204.7,207.4,1403.2,1394.1,1384.9,1383.2,18.38,46.8,17.89,60.7,187.1,182.2,1.8704,1.3988,0.9728,1.4607,28.0,41.3,139.7,18020.0,-12.6,NOMINAL,0.0852,1450.2
CLIMB,5509.9,84.9,33.87,229.9,231.9,229.3,233.6,1464.6,1467.2,1445.3,1456.4,27.89,43.4,17.91,68.0,199.0,197.1,2.7703,2.0188,1.3458,2.1261,28.12,37.3,102.8,12000.7,4.5,NOMINAL,0.0733,1479.5
TRANSIT,4876.2,68.6,29.06,204.1,200.7,208.4,201.3,1367.8,1362.3,1365.8,1368.1,18.08,45.8,18.16,61.6,189.2,185.5,1.9323,1.448,0.8668,1.4812,28.32,41.5,141.7,18011.4,-13.3,NOMINAL,0.0274,1489.6
CLIMB,5576.1,84.1,33.55,231.0,231.9,230.8,228.4,1466.6,1451.3,1448.1,1475.1,27.41,42.5,18.24,58.2,220.9,194.6,4.8536,3.6352,2.4409,3.7741,28.21,38.7,103.9,11975.1,4.3,LUBRICATION_FAILURE,0.4173,709.9
ISR_LOITER,4522.4,58.9,26.71,193.9,181.7,193.7,194.7,1334.5,1258.7,1329.5,1329.3,16.47,44.4,17.94,57.4,180.6,172.1,2.7915,2.1284,1.4313,2.1887,28.02,42.6,123.7,22004.7,-20.9,CYLINDER_MISFIRE,0.2802,1013.4
TAKEOFF,5804.6,98.6,38.17,238.4,238.1,233.2,234.1,1510.4,1522.0,1529.2,1534.5,32.52,46.1,18.18,72.0,211.4,205.1,3.685,2.7758,1.8125,2.8618,28.26,42.6,84.5,1261.4,25.3,NOMINAL,0.0091,1474.8
RECOVERY,2205.1,20.7,17.72,177.8,174.9,175.3,177.0,844.4,843.4,837.0,839.8,7.76,43.6,18.36,47.1,142.0,168.1,0.6226,0.5452,0.3819,0.5262,28.12,41.4,63.2,819.5,26.7,COOLING_DEGRADATION,0.3627,725.7
ISR_LOITER,4586.1,59.3,26.66,188.3,189.4,190.0,187.1,1330.7,1322.1,1330.9,1340.8,16.55,47.0,17.8,61.3,178.3,172.3,1.5835,1.1703,0.762,1.219,28.09,43.6,124.8,21958.9,-23.5,NOMINAL,0.0935,1456.6
PREFLIGHT,1374.6,15.5,15.94,142.0,141.4,142.9,143.1,663.6,654.1,641.9,652.5,6.89,44.3,17.8,42.6,129.9,132.8,0.7475,0.325,0.2733,0.4963,28.37,42.2,1.6,448.0,26.5,NOMINAL,0.1184,1427.8
DESCENT,3815.8,35.5,20.18,170.0,171.1,170.8,165.6,1125.6,1127.6,1129.2,1113.8,11.56,43.4,18.07,51.1,162.5,158.0,1.2873,0.9635,0.5697,0.9849,28.17,40.0,117.1,8050.4,10.6,INJECTOR_CLOGGING,0.0102,1149.4
ISR_LOITER,4554.1,57.4,26.5,200.9,197.2,195.8,198.8,1319.0,1320.8,1300.6,1326.6,15.39,45.5,17.76,58.5,179.6,174.5,1.6686,1.2427,0.8332,1.2939,27.88,41.9,127.7,21974.3,-20.4,NOMINAL,0.0774,1465.3
TRANSIT,4900.6,67.0,28.53,213.5,206.0,206.1,210.4,1377.2,1391.7,1363.8,1368.7,19.02,44.6,18.07,59.4,190.3,188.1,1.8375,1.5963,1.0086,1.5212,28.35,42.4,140.3,18026.6,-11.7,NOMINAL,0.0571,1452.0
ISR_LOITER,4541.5,57.6,26.89,197.5,198.9,197.7,197.0,1342.8,1310.9,1328.3,1344.2,15.13,46.4,18.03,56.5,180.2,172.9,1.662,1.2824,0.7971,1.2964,28.45,43.2,126.3,22030.6,-22.4,NOMINAL,0.0728,1436.8
TRANSIT,4902.0,67.6,28.9,199.0,197.2,200.7,202.7,1360.7,1377.4,1378.9,1351.8,18.5,43.3,17.66,62.7,185.4,177.9,2.183,1.6018,1.0675,1.6804,28.25,43.8,139.9,18027.7,-12.1,COMBUSTION_INSTABILITY,0.0647,924.7
ISR_LOITER,4588.5,56.2,26.58,198.4,200.8,198.7,199.4,1315.3,1315.7,1299.7,1337.2,16.1,43.0,17.99,60.5,179.2,177.8,1.8489,1.1951,0.7475,1.3423,27.99,43.5,125.1,21951.7,-21.9,NOMINAL,0.0563,1450.8
ISR_LOITER,4611.8,57.5,26.24,197.6,194.6,199.7,196.4,1299.1,1323.6,1330.5,1316.3,16.04,44.3,17.65,58.7,180.0,176.6,1.5424,1.1812,0.7955,1.212,28.26,40.4,126.1,21978.9,-23.3,NOMINAL,0.083,1442.4
TAKEOFF,5784.7,98.1,38.91,236.9,237.0,237.3,236.9,1529.9,1531.7,1515.1,1510.7,32.81,45.7,18.91,71.3,210.3,205.0,5.5712,4.1653,2.7346,4.3153,28.22,41.8,80.4,1180.1,26.0,COMBUSTION_INSTABILITY,0.2378,955.6
CLIMB,5492.7,84.1,34.06,238.7,234.3,240.5,234.6,1443.9,1419.3,1458.8,1440.4,26.72,46.2,18.47,69.4,197.3,197.0,2.6427,2.1456,1.389,2.1226,28.17,42.9,106.7,11955.7,4.8,NOMINAL,0.0164,1469.1
RECOVERY,2150.5,22.2,17.34,157.8,156.5,155.1,156.3,829.9,824.2,823.2,856.1,8.3,44.2,17.96,50.7,145.2,150.9,0.9751,0.6131,0.4217,0.7082,28.4,41.7,68.1,807.2,28.4,NOMINAL,0.0492,1488.6
ISR_LOITER,4596.1,56.7,26.86,196.5,199.8,198.5,200.7,1275.3,1316.3,1290.6,1296.5,15.92,47.0,17.7,58.2,177.5,177.1,1.5716,1.2279,0.7805,1.2365,27.59,40.9,126.2,21888.9,-21.4,SENSOR_DRIFT,0.5189,594.9
ISR_LOITER,4527.7,56.7,26.25,197.6,192.2,197.0,193.1,1305.4,1265.0,1310.4,1317.6,15.96,47.2,18.37,58.8,181.3,172.5,2.2784,1.681,1.1225,1.7585,28.23,44.4,128.8,22007.3,-21.4,CYLINDER_MISFIRE,0.1337,1190.2
TRANSIT,4917.2,66.3,28.37,207.3,207.2,212.0,208.8,1378.6,1396.3,1371.4,1366.8,18.38,42.5,18.13,61.0,183.5,182.5,2.0269,1.3938,0.9707,1.5268,28.24,38.7,140.5,18029.1,-12.4,INJECTOR_CLOGGING,0.0977,1188.0
CLIMB,5491.3,85.7,33.73,231.5,230.6,226.2,231.6,1462.7,1464.8,1446.1,1455.5,27.54,47.7,18.14,68.0,196.9,198.0,2.7548,2.1969,1.3808,2.1849,28.34,41.6,107.5,11996.1,5.4,NOMINAL,0.0475,1442.0
ISR_LOITER,4551.5,58.5,25.14,194.3,195.0,203.4,200.1,1321.4,1328.6,1281.9,1340.6,15.04,40.0,18.29,58.8,177.9,171.6,1.7479,1.2297,0.8062,1.3188,28.38,42.4,123.1,21886.2,-20.4,INJECTOR_CLOGGING,0.2932,744.0
RECOVERY,2231.3,23.0,17.38,153.3,155.2,150.6,152.1,820.6,865.4,843.1,858.1,7.02,46.6,18.23,43.0,150.6,145.6,1.0153,0.8379,0.5222,0.8176,28.22,44.0,64.6,858.9,24.5,LUBRICATION_FAILURE,0.1303,1102.9
TRANSIT,4865.7,67.3,29.41,203.3,207.4,207.6,207.0,1364.5,1377.4,1380.0,1378.2,17.68,45.5,17.59,64.7,185.7,185.0,1.8852,1.4231,0.9555,1.4711,28.18,38.7,139.3,17975.5,-13.8,NOMINAL,0.0306,1485.9
ISR_LOITER,4580.6,57.9,26.46,193.9,193.9,191.3,194.4,1323.2,1302.7,1316.6,1301.4,15.77,44.0,17.73,57.5,180.3,175.2,1.5308,1.1499,0.8304,1.2049,26.26,42.3,122.4,21966.2,-24.4,SENSOR_DRIFT,0.9933,117.0
TRANSIT,4877.4,68.8,29.06,229.5,232.3,235.6,231.9,1394.5,1382.0,1377.8,1382.5,19.44,44.9,18.04,61.0,189.0,203.4,1.8041,1.3127,0.8399,1.3764,28.11,41.3,141.1,18069.2,-13.0,COOLING_DEGRADATION,0.3342,914.1
TAKEOFF,5632.4,96.1,38.98,238.5,208.7,235.9,236.0,1525.8,1335.9,1510.5,1513.9,31.78,45.1,18.2,71.8,208.8,202.8,9.7079,7.2947,4.8041,7.5396,28.03,40.7,82.2,1201.9,27.5,CYLINDER_MISFIRE,0.6102,606.1
TAKEOFF,5817.8,97.8,38.72,236.9,240.3,237.9,234.0,1503.7,1516.9,1531.0,1510.4,32.42,44.0,17.99,72.4,211.6,203.1,3.6631,2.7098,1.7432,2.8166,28.24,42.1,86.6,1161.8,26.2,NOMINAL,0.0195,1471.8
ISR_LOITER,4566.0,58.6,26.69,190.4,190.1,187.7,191.9,1295.9,1307.1,1323.2,1314.4,15.61,47.4,17.9,55.5,177.4,178.1,1.4725,1.2717,0.7808,1.2104,28.49,42.9,125.1,21908.6,-22.6,NOMINAL,0.0565,1455.6
ISR_LOITER,4568.7,58.1,26.71,195.2,194.5,190.9,191.3,1325.7,1319.1,1323.3,1299.6,16.18,44.3,18.1,57.9,182.0,175.8,1.5654,1.1565,0.8003,1.215,28.12,44.6,122.8,22004.0,-22.9,NOMINAL,0.0363,1475.1
ISR_LOITER,4634.2,58.1,26.54,196.4,196.0,191.7,190.8,1287.5,1317.8,1313.2,1321.9,15.52,44.5,17.98,54.6,181.5,176.1,1.486,1.1788,0.734,1.1743,28.27,42.6,124.7,21991.1,-20.9,COOLING_DEGRADATION,0.0242,1022.1
ISR_LOITER,4624.6,60.2,26.7,203.5,198.3,202.5,200.6,1320.6,1323.7,1304.8,1332.6,15.01,45.7,18.24,58.3,178.4,187.2,1.4944,1.1548,0.7903,1.182,28.22,41.7,125.8,22003.2,-22.4,COOLING_DEGRADATION,0.1942,810.4
ISR_LOITER,4621.7,56.7,26.8,202.9,201.9,198.8,203.9,1328.8,1320.0,1344.5,1349.9,14.95,46.0,18.02,58.7,183.1,175.9,1.5932,1.141,0.7997,1.222,28.27,38.9,123.7,22001.1,-22.5,NOMINAL,0.061,1466.3
ISR_LOITER,4596.7,57.1,26.83,193.9,196.0,194.1,196.1,1326.6,1307.4,1321.4,1310.7,16.1,44.7,17.98,55.6,179.1,171.8,1.5115,1.1746,0.8388,1.2066,27.94,39.6,126.7,22010.3,-21.1,NOMINAL,0.0544,1478.4
TRANSIT,4912.0,68.3,28.19,211.6,211.3,220.1,212.2,1362.7,1376.4,1334.4,1368.8,17.93,43.6,17.85,61.8,190.7,181.9,1.926,1.4746,0.9844,1.5114,28.08,45.7,141.7,18028.2,-11.0,INJECTOR_CLOGGING,0.2949,806.3
RECOVERY,2171.3,22.7,17.95,151.8,155.2,152.8,153.6,858.5,837.5,850.8,848.5,7.61,44.4,18.21,48.0,145.9,150.5,0.6534,0.5453,0.3723,0.5363,28.15,41.5,65.8,786.3,26.0,NOMINAL,0.0408,1484.5
ISR_LOITER,4413.6,61.0,26.35,198.6,154.7,200.0,195.9,1349.2,1055.1,1312.3,1303.5,16.76,45.7,18.22,57.4,179.2,178.5,5.7698,4.4354,2.9819,4.5407,28.25,43.7,121.2,22022.4,-22.5,CYLINDER_MISFIRE,0.9188,219.9
RECOVERY,2199.7,23.7,17.56,215.9,218.8,215.5,218.0,856.0,857.5,841.4,848.7,7.7,44.2,18.19,48.1,147.7,210.4,0.9169,0.5945,0.4039,0.6726,28.19,43.0,61.2,789.2,24.4,COOLING_DEGRADATION,0.9948,165.4
CLIMB,5495.5,86.4,33.92,221.2,220.9,223.4,221.4,1448.1,1464.7,1452.7,1468.0,27.31,45.2,17.91,68.5,203.6,198.8,2.7926,2.0959,1.4054,2.1731,27.34,42.5,101.9,12063.3,5.0,SENSOR_DRIFT,0.4881,621.7
ISR_LOITER,4507.0,57.5,26.32,189.3,176.0,192.9,197.5,1361.4,1241.8,1355.6,1342.0,16.31,45.5,17.94,54.4,179.3,174.3,3.2606,2.4532,1.6122,2.5331,28.13,43.4,121.8,21953.4,-22.4,CYLINDER_MISFIRE,0.3714,880.8
RECOVERY,2176.9,21.5,17.75,157.2,156.0,159.2,157.4,854.3,849.0,847.3,827.9,7.04,44.6,17.65,46.8,145.4,145.1,0.867,0.7077,0.4056,0.6873,28.13,43.1,66.2,770.2,25.4,NOMINAL,0.0794,1440.2
ISR_LOITER,4562.8,58.5,26.33,191.0,185.1,188.5,196.7,1326.6,1283.7,1335.2,1324.2,15.49,44.9,18.18,57.9,180.2,173.8,2.266,1.7758,1.0888,1.7771,28.12,44.5,125.3,21925.0,-19.9,CYLINDER_MISFIRE,0.1508,969.2
ISR_LOITER,4574.7,59.4,25.69,198.9,195.7,199.5,196.0,1293.0,1313.9,1286.3,1308.4,15.48,42.8,18.1,57.7,180.4,173.0,1.5953,1.2918,0.7372,1.2593,28.48,44.0,124.4,22031.6,-21.7,INJECTOR_CLOGGING,0.2271,927.9
CLIMB,5520.1,84.3,33.82,229.2,224.5,227.8,225.6,1455.8,1437.1,1463.8,1449.4,27.05,45.4,18.13,67.4,195.8,200.8,2.9206,2.0396,1.4204,2.2142,28.17,44.2,104.4,11961.3,3.9,NOMINAL,0.053,1475.1
PREFLIGHT,1402.4,13.3,13.96,134.2,138.1,144.6,136.1,647.1,630.1,564.6,628.4,4.47,41.9,17.9,43.8,128.8,140.0,0.6187,0.557,0.3926,0.5314,28.22,42.5,0.1,547.1,28.6,INJECTOR_CLOGGING,0.4964,613.9
RECOVERY,2195.9,22.6,17.76,150.7,148.2,149.5,148.5,832.0,843.6,827.5,857.8,7.41,45.5,17.65,47.3,143.8,147.2,0.7453,0.647,0.4022,0.6153,28.21,42.0,68.0,714.1,26.1,NOMINAL,0.0415,1471.3
ISR_LOITER,4610.9,58.7,25.76,195.1,194.7,193.7,194.8,1339.2,1340.2,1345.4,1330.7,16.32,44.8,17.99,60.5,184.5,175.4,1.652,1.0838,0.785,1.2275,28.29,41.8,125.1,22007.5,-21.1,NOMINAL,0.0126,1467.3
ISR_LOITER,4381.1,56.8,26.52,192.4,152.1,188.2,188.1,1326.9,1090.7,1352.0,1345.3,16.03,44.7,17.97,58.8,180.1,175.4,5.4105,4.2478,2.6975,4.2659,28.24,42.0,126.4,22035.5,-20.7,CYLINDER_MISFIRE,0.8757,260.3
DESCENT,3783.8,35.4,19.55,214.6,216.9,214.9,216.6,1109.1,1121.9,1105.6,1111.7,10.76,44.8,18.05,49.7,167.8,203.9,1.2545,0.8977,0.575,0.9505,27.9,43.0,117.4,8003.6,10.7,COOLING_DEGRADATION,0.6701,383.2
TAKEOFF,5827.8,99.2,38.59,243.2,243.5,245.1,242.7,1526.4,1564.6,1550.1,1548.9,32.34,45.3,17.72,71.5,209.4,204.2,3.4828,2.6192,1.8337,2.7296,28.26,43.9,83.3,1223.2,26.9,NOMINAL,0.0114,1481.4
ISR_LOITER,4600.8,57.1,26.39,196.5,193.8,198.7,200.0,1307.8,1310.7,1327.2,1278.6,15.89,44.9,18.08,57.2,180.6,176.3,1.6414,1.1093,0.8445,1.2434,28.1,41.3,123.9,22030.7,-23.5,NOMINAL,0.0671,1455.5
ISR_LOITER,4557.1,57.9,26.35,194.7,197.0,195.8,198.0,1308.2,1318.2,1327.7,1339.3,15.53,46.2,17.76,57.7,178.5,177.2,1.7202,1.2518,0.8684,1.3267,28.18,40.6,124.1,21941.0,-21.6,NOMINAL,0.0556,1461.8
TAKEOFF,5788.5,96.3,38.5,239.9,240.9,238.5,241.9,1523.4,1506.4,1517.1,1509.6,32.4,45.0,17.96,72.4,210.5,207.2,3.5558,2.6673,1.849,2.7795,28.21,41.8,80.2,1278.5,26.5,NOMINAL,0.0395,1486.2
TRANSIT,4875.4,69.6,28.56,252.6,254.4,252.0,250.1,1359.9,1387.7,1359.8,1358.2,18.29,44.4,17.86,60.8,187.6,228.8,1.912,1.3131,0.9094,1.4384,28.15,41.9,140.3,17939.3,-12.1,COOLING_DEGRADATION,0.7152,378.2
ISR_LOITER,4645.8,59.2,26.48,186.9,192.2,189.8,196.4,1331.5,1323.1,1320.9,1349.1,16.6,44.7,20.15,57.1,181.9,173.6,4.5416,3.4326,2.3417,3.554,28.31,40.0,124.7,21870.1,-23.2,COMBUSTION_INSTABILITY,0.8572,237.3
ISR_LOITER,4607.3,59.7,26.36,229.7,228.0,228.8,226.6,1317.0,1336.8,1324.8,1328.5,15.09,47.6,18.17,60.1,182.6,207.9,1.422,1.2026,0.7651,1.1624,28.41,43.0,125.7,21948.6,-22.9,COOLING_DEGRADATION,0.503,620.7
TAKEOFF,5757.9,97.1,38.59,246.1,241.6,244.7,244.8,1510.3,1529.0,1541.4,1520.0,32.1,45.5,18.04,75.8,212.3,206.3,3.5268,2.5969,1.8683,2.7491,28.27,41.9,85.0,1233.5,26.3,NOMINAL,0.0076,1474.5
ISR_LOITER,4599.2,60.3,26.48,190.8,190.3,187.6,191.8,1345.8,1335.0,1333.3,1307.7,15.58,43.9,17.97,59.2,181.5,175.3,1.515,1.2514,0.8268,1.2308,27.72,42.5,122.5,21984.9,-23.0,NOMINAL,0.0552,1445.4
PREFLIGHT,1404.0,15.2,16.07,140.0,138.5,138.5,136.5,657.6,662.7,660.7,649.5,6.64,45.1,17.69,26.9,164.5,133.6,1.4739,1.1313,0.7766,1.1626,27.94,42.7,-3.1,507.0,28.0,LUBRICATION_FAILURE,0.8108,326.7
ISR_LOITER,4549.9,58.2,26.41,195.3,199.0,194.0,194.8,1297.6,1307.6,1308.1,1284.9,15.4,44.0,18.02,59.5,175.1,175.9,1.7243,1.1794,0.796,1.2907,28.35,43.1,124.3,22020.4,-25.2,NOMINAL,0.0102,1459.7
ISR_LOITER,4609.7,59.6,26.45,204.4,207.0,204.9,205.8,1311.1,1304.6,1309.0,1305.8,15.6,46.6,17.84,56.1,183.8,180.2,1.6968,1.2881,0.8098,1.3158,28.34,41.3,122.8,22014.9,-20.0,COOLING_DEGRADATION,0.0829,1075.8
CLIMB,5498.3,84.5,33.79,225.4,233.5,233.0,233.2,1459.9,1461.1,1471.9,1477.2,27.55,45.1,18.05,69.6,199.3,198.8,2.7056,2.0033,1.3769,2.1,28.14,41.4,105.0,12028.1,4.9,NOMINAL,0.054,1440.7
ISR_LOITER,4612.5,58.5,25.28,198.2,191.9,201.9,197.0,1316.0,1321.8,1264.3,1300.9,15.33,43.9,17.83,61.1,180.1,174.3,1.4892,1.2359,0.8193,1.2133,28.15,41.2,123.9,21924.8,-21.0,INJECTOR_CLOGGING,0.279,828.8
ISR_LOITER,4618.5,57.5,26.45,197.3,193.4,193.2,194.9,1306.6,1347.4,1312.1,1331.3,16.41,45.3,17.84,58.2,177.2,172.1,1.76,1.1011,0.7092,1.2666,27.84,41.1,127.5,21824.2,-22.1,SENSOR_DRIFT,0.2605,845.3
ISR_LOITER,4566.3,57.4,26.67,191.0,191.3,190.5,189.8,1318.5,1336.3,1335.2,1322.3,15.31,43.8,17.7,56.7,181.4,177.0,1.5582,1.1705,0.7655,1.2089,28.04,40.4,127.9,21973.1,-22.1,NOMINAL,0.0295,1469.4
ISR_LOITER,4624.1,59.0,25.34,196.8,199.5,207.2,199.5,1298.0,1319.3,1302.2,1300.1,15.18,43.1,18.03,56.1,177.8,176.1,1.6579,1.2322,0.8495,1.2896,28.11,44.6,122.6,22035.4,-21.5,INJECTOR_CLOGGING,0.2016,993.8
ISR_LOITER,4600.8,60.0,26.33,194.3,195.1,191.4,196.5,1346.4,1337.0,1330.6,1337.4,16.41,45.3,18.31,58.5,179.8,176.6,1.6416,1.185,0.8408,1.2657,28.22,42.7,122.8,22030.9,-21.2,NOMINAL,0.1009,1439.9
TRANSIT,4911.9,68.5,29.08,200.3,200.4,199.1,203.8,1382.1,1386.3,1378.9,1379.6,18.13,44.8,18.06,60.9,189.7,183.7,1.9282,1.3263,0.9847,1.4659,28.33,39.4,141.8,18003.1,-11.2,NOMINAL,0.0667,1462.6
TAKEOFF,5875.8,100.2,37.92,243.3,245.4,245.6,246.2,1519.4,1516.5,1501.6,1518.2,32.02,46.5,17.98,72.4,209.7,203.6,3.7064,2.6784,1.7361,2.824,28.01,40.8,81.3,1213.7,27.1,NOMINAL,0.0801,1455.6
ISR_LOITER,4587.2,57.5,25.98,199.5,197.0,199.9,201.5,1330.0,1315.4,1336.0,1325.0,16.3,42.4,17.57,57.2,179.3,176.8,1.6678,1.2979,0.7982,1.3043,28.21,41.3,126.3,22018.9,-22.4,NOMINAL,0.0192,1479.7
ISR_LOITER,4363.6,57.2,26.75,192.5,150.5,192.3,192.5,1349.8,1062.3,1316.2,1323.3,16.17,44.3,18.14,55.3,180.8,174.8,5.879,4.3609,2.9984,4.5669,28.3,41.7,124.5,22000.0,-23.1,CYLINDER_MISFIRE,0.9628,174.1
TRANSIT,4856.1,70.7,29.02,208.3,206.4,212.8,206.8,1376.8,1379.2,1380.7,1381.3,18.52,44.2,18.07,60.2,192.0,186.4,2.2017,1.7707,1.1629,1.764,28.27,41.9,138.1,18022.1,-11.3,LUBRICATION_FAILURE,0.1375,1069.1
ISR_LOITER,4602.1,60.5,26.18,201.7,196.2,199.9,203.0,1321.6,1339.2,1327.1,1349.9,16.53,46.1,18.0,57.8,179.7,174.6,1.5943,1.2621,0.7668,1.2547,28.12,46.8,125.7,22038.0,-23.7,SENSOR_DRIFT,0.126,1137.6
RECOVERY,2232.9,23.7,17.61,149.5,152.2,151.9,155.9,857.2,863.6,835.1,835.4,7.12,47.2,18.17,50.7,146.0,150.8,0.7798,0.6111,0.3669,0.61,28.22,41.0,66.6,804.8,26.5,NOMINAL,0.111,1469.9
TRANSIT,4932.9,67.1,29.4,205.8,207.4,205.9,205.3,1406.2,1393.0,1396.7,1406.5,17.74,45.0,18.4,64.4,189.4,180.8,1.9958,1.379,0.9805,1.5107,28.34,44.7,141.5,18028.3,-12.1,NOMINAL,0.0184,1483.3
CLIMB,5453.4,85.7,34.44,228.9,229.2,229.3,227.0,1418.0,1434.5,1401.3,1419.7,26.92,45.4,18.2,55.7,226.3,196.7,5.5091,4.0129,2.6297,4.2178,27.99,43.0,103.5,12020.4,5.8,LUBRICATION_FAILURE,0.5089,555.3
ISR_LOITER,4577.2,58.7,25.76,194.6,192.6,198.0,193.5,1334.8,1312.1,1301.1,1336.4,14.94,45.1,17.48,56.7,181.9,172.3,1.6694,1.2233,0.8543,1.2927,27.99,43.0,124.5,22053.5,-22.7,INJECTOR_CLOGGING,0.2123,1036.7
ISR_LOITER,4606.4,58.7,26.63,196.8,196.9,194.7,198.8,1310.2,1312.6,1296.6,1315.7,15.66,46.1,18.02,57.6,181.1,174.4,1.6465,1.2396,0.7868,1.2736,28.16,44.1,124.8,21949.9,-21.7,NOMINAL,0.0088,1495.6
ISR_LOITER,4628.1,57.7,23.54,195.3,196.8,218.7,196.9,1347.3,1353.5,1250.4,1350.4,12.79,37.3,17.82,54.5,181.9,174.5,1.6699,1.1469,0.8002,1.2576,28.2,41.4,127.1,22046.7,-22.2,INJECTOR_CLOGGING,0.8814,273.2
TRANSIT,4920.3,69.0,26.74,204.2,205.3,222.3,204.3,1399.2,1395.2,1319.4,1372.9,16.54,40.5,18.07,60.0,188.5,180.9,1.9485,1.4119,0.8761,1.4785,28.27,40.7,142.9,17961.3,-13.3,INJECTOR_CLOGGING,0.633,580.5
PREFLIGHT,1399.7,15.6,15.21,146.4,141.1,141.5,142.6,655.0,658.2,629.8,624.3,6.93,42.7,17.83,45.5,129.3,133.0,0.4585,0.3969,0.3159,0.3948,28.22,40.2,0.8,525.8,26.0,NOMINAL,0.0318,1477.2
ISR_LOITER,4595.6,56.4,26.25,195.4,194.9,194.5,195.5,1351.0,1317.5,1340.5,1338.3,15.9,45.8,18.14,58.4,179.6,175.7,1.5759,1.2194,0.8299,1.2462,28.05,43.3,126.4,21910.9,-23.9,NOMINAL,0.0847,1436.1
TAKEOFF,5821.0,97.4,38.49,241.0,243.6,243.1,242.1,1537.8,1531.4,1532.3,1539.1,32.01,43.9,18.09,73.3,210.9,204.3,3.5963,2.6167,1.8157,2.7735,28.08,40.2,87.8,1205.5,26.1,NOMINAL,0.031,1447.0
TRANSIT,4868.0,69.3,28.34,203.5,205.7,204.9,203.4,1372.7,1373.3,1385.2,1372.6,19.47,45.5,18.02,61.8,185.9,183.6,1.8053,1.5243,0.9989,1.481,28.3,43.2,140.6,18006.7,-12.3,NOMINAL,0.009,1466.4
PREFLIGHT,1394.9,13.8,16.38,137.1,137.0,138.8,139.5,662.0,646.8,672.5,655.0,5.89,45.4,17.91,44.0,129.2,137.4,0.5601,0.4516,0.3608,0.4647,28.16,40.5,-0.6,399.1,28.1,NOMINAL,0.0839,1439.8
TAKEOFF,5857.4,97.0,38.81,243.0,241.2,241.1,241.3,1522.7,1517.9,1517.8,1497.9,32.65,43.7,17.78,71.9,213.3,206.0,3.4977,2.834,1.7498,2.7885,28.36,44.1,85.4,1136.3,27.1,NOMINAL,0.0467,1466.2
ISR_LOITER,4598.0,56.7,26.49,199.5,198.1,195.3,195.8,1330.3,1315.6,1345.2,1306.4,16.26,42.9,17.88,58.7,175.6,177.7,2.4257,1.6991,1.1369,1.8315,27.87,39.6,122.7,21938.6,-21.8,COMBUSTION_INSTABILITY,0.2057,897.7
TRANSIT,4898.7,68.3,28.66,208.7,204.4,206.0,205.0,1368.2,1376.3,1367.6,1370.4,18.37,47.6,17.97,63.1,186.6,181.4,1.9855,1.4418,1.043,1.5394,28.12,44.9,139.9,17994.2,-11.6,NOMINAL,0.0723,1461.8
DESCENT,3794.7,34.4,19.98,164.1,165.7,164.8,163.5,1092.6,1089.4,1091.7,1098.4,10.89,44.9,18.2,53.2,165.7,158.1,1.2818,0.7802,0.5661,0.9259,28.24,43.3,114.0,8023.4,11.0,NOMINAL,0.0759,1441.1
ISR_LOITER,4608.7,58.7,26.58,221.6,220.7,218.1,220.3,1330.8,1314.9,1355.3,1346.9,15.49,44.2,18.05,59.2,179.7,207.5,1.5463,1.1527,0.7748,1.2,28.12,39.8,125.1,22070.0,-23.1,COOLING_DEGRADATION,0.489,577.8
RECOVERY,2187.8,19.0,17.28,153.0,154.8,153.0,152.4,880.6,858.1,862.6,857.0,7.3,46.3,18.01,46.5,145.5,150.1,0.7463,0.5598,0.3682,0.5791,28.16,42.7,65.1,810.6,27.4,NOMINAL,0.0391,1445.2
ISR_LOITER,4607.9,57.7,26.59,199.8,205.1,202.1,201.0,1333.4,1329.8,1326.0,1299.2,16.2,45.1,17.89,56.6,182.5,187.7,1.7322,1.278,0.811,1.3281,28.27,39.8,126.4,22008.5,-22.0,COOLING_DEGRADATION,0.1846,853.0
TRANSIT,4889.0,66.8,29.29,206.5,201.8,201.5,204.1,1373.7,1389.1,1377.4,1371.5,18.23,46.0,17.94,62.6,186.4,180.0,1.829,1.3818,0.9786,1.439,27.98,40.3,141.2,18022.1,-11.4,NOMINAL,0.0336,1468.0
TAKEOFF,5790.6,98.3,38.81,236.9,241.5,240.2,237.3,1521.7,1528.2,1520.7,1515.3,32.62,45.0,17.89,72.3,207.0,205.8,3.6154,2.6462,1.7083,2.7684,28.28,40.8,86.1,1243.8,28.9,NOMINAL,0.0461,1478.6
TRANSIT,4622.6,69.6,29.13,207.0,171.9,209.5,208.0,1374.1,1130.9,1359.0,1366.4,18.47,42.5,17.84,62.0,189.9,184.0,6.8715,5.0152,3.3523,5.2791,28.16,43.7,141.4,18007.4,-14.1,CYLINDER_MISFIRE,0.9249,182.7
PREFLIGHT,1381.5,15.8,15.77,144.4,139.7,142.2,138.3,653.7,648.3,653.6,654.5,6.68,45.2,17.82,42.6,128.8,137.0,0.6457,0.4291,0.2705,0.4741,28.18,40.2,0.6,517.6,29.5,NOMINAL,0.0983,1450.1
ISR_LOITER,4620.2,58.2,26.57,198.9,202.6,195.0,195.8,1313.8,1300.0,1312.6,1323.8,15.78,43.4,18.18,58.5,181.2,176.3,1.6719,1.199,0.8164,1.2779,28.27,42.6,124.7,22015.5,-23.5,NOMINAL,0.109,1446.7
RECOVERY,2203.6,20.9,17.18,145.8,151.5,151.4,147.9,863.2,866.8,858.3,863.6,7.17,43.9,18.38,48.6,146.2,147.3,0.7473,0.5354,0.4225,0.5841,28.11,43.1,63.9,837.8,26.6,NOMINAL,0.0506,1486.2
CLIMB,5553.8,84.4,33.88,230.0,227.4,232.5,227.5,1473.7,1466.2,1466.3,1463.7,27.34,44.9,17.92,69.7,202.1,197.9,2.7575,2.0523,1.4133,2.1458,27.98,41.6,101.9,11973.3,6.7,NOMINAL,0.0191,1454.5
ISR_LOITER,4566.9,57.2,26.88,195.6,194.4,196.1,192.0,1307.7,1310.1,1323.2,1316.1,15.39,45.7,17.44,46.8,199.1,176.2,2.6754,1.9821,1.407,2.0869,28.31,42.5,125.0,21961.9,-21.5,LUBRICATION_FAILURE,0.3945,660.8
CLIMB,5477.0,83.9,30.8,233.9,237.6,254.3,234.8,1460.5,1468.3,1380.5,1482.6,24.05,39.7,17.98,69.6,198.0,193.8,2.858,2.0126,1.568,2.2119,27.89,44.0,108.3,12040.1,5.5,INJECTOR_CLOGGING,0.8248,251.2
TRANSIT,4885.5,68.6,29.0,199.1,201.0,204.8,199.4,1356.2,1365.7,1368.3,1363.4,18.75,46.3,17.74,61.8,190.4,179.4,1.8769,1.3722,1.0124,1.4641,28.0,43.0,141.8,18053.5,-12.2,NOMINAL,0.0953,1440.3
ISR_LOITER,4589.2,57.7,26.25,200.1,198.9,199.9,195.0,1299.8,1301.7,1305.9,1307.4,15.69,44.6,17.64,58.9,177.8,176.3,1.4598,1.218,0.803,1.1915,28.2,40.4,127.6,21999.7,-23.3,NOMINAL,0.0062,1484.0
TRANSIT,4892.7,69.1,29.03,199.0,201.0,201.0,204.3,1349.0,1373.0,1373.7,1375.4,18.0,44.6,18.02,61.4,188.5,181.9,1.9992,1.4756,0.8753,1.521,28.22,40.1,136.8,17996.9,-13.2,NOMINAL,0.0329,1450.1
TAKEOFF,5833.4,98.4,38.45,263.7,266.8,268.0,269.1,1514.7,1489.2,1507.9,1499.7,33.24,47.7,18.23,71.1,206.3,231.4,3.5964,2.7337,1.7789,2.8031,28.25,43.3,87.4,1143.4,27.0,COOLING_DEGRADATION,0.4378,586.6
ISR_LOITER,4635.5,55.2,26.59,197.4,195.3,195.5,196.7,1319.3,1327.6,1329.2,1323.9,15.31,45.2,18.12,45.6,206.2,174.7,3.2478,2.3745,1.6505,2.5107,27.85,41.2,125.6,21964.9,-22.2,LUBRICATION_FAILURE,0.5672,504.0
CLIMB,5498.2,84.6,33.77,276.7,277.3,281.4,277.5,1451.4,1433.1,1442.1,1452.8,27.06,44.4,17.96,70.7,203.1,246.0,2.7757,2.1287,1.4536,2.187,28.52,39.5,105.2,11956.5,5.8,COOLING_DEGRADATION,0.7521,447.2
ISR_LOITER,4600.9,58.5,26.1,239.2,239.0,238.4,238.6,1330.0,1321.7,1334.9,1329.8,15.89,45.5,17.61,59.5,178.1,221.3,1.8058,1.226,0.8342,1.3491,28.12,41.2,123.4,22007.2,-24.1,COOLING_DEGRADATION,0.7445,442.3
ISR_LOITER,4512.1,58.2,26.06,197.3,180.5,197.0,194.1,1332.3,1237.0,1320.3,1323.5,16.47,44.4,18.13,58.2,180.6,177.6,3.1476,2.2719,1.5855,2.4209,28.19,44.4,126.5,22024.2,-20.5,CYLINDER_MISFIRE,0.3268,811.8
ISR_LOITER,4630.8,56.8,26.25,195.6,198.7,198.9,197.7,1298.5,1312.1,1307.1,1303.2,15.48,45.5,17.97,58.8,182.3,177.8,1.6944,1.1721,0.7476,1.2654,28.16,42.1,127.5,21998.1,-20.9,NOMINAL,0.0438,1452.8
ISR_LOITER,4603.4,58.2,26.5,190.7,192.7,188.8,192.0,1313.8,1330.4,1321.4,1322.8,16.13,41.5,18.14,55.8,180.3,171.5,1.5684,1.21,0.7814,1.2295,28.34,37.8,126.8,22055.2,-21.6,NOMINAL,0.0787,1460.9
ISR_LOITER,4583.1,59.0,26.42,194.5,196.2,195.3,197.0,1307.4,1323.7,1298.7,1293.1,16.14,45.8,17.93,59.1,177.8,175.5,1.5915,1.1761,0.772,1.2264,28.42,41.2,124.8,21992.0,-22.8,NOMINAL,0.0865,1462.9
ISR_LOITER,4598.9,56.0,26.32,226.3,227.7,228.2,228.8,1297.1,1283.3,1284.4,1295.3,16.23,44.7,18.3,57.8,180.0,206.3,1.6299,1.2712,0.8293,1.2858,28.07,42.1,123.4,21993.2,-21.1,COOLING_DEGRADATION,0.5009,718.2
CLIMB,5486.9,86.9,33.45,231.3,232.8,231.3,234.8,1461.9,1449.4,1469.7,1451.2,26.85,44.0,18.1,68.4,200.6,197.4,2.828,2.2392,1.415,2.2371,28.38,43.7,102.4,12017.0,4.6,NOMINAL,0.0994,1449.5
ISR_LOITER,4571.5,57.7,26.6,195.0,198.6,193.5,193.9,1321.1,1318.7,1312.4,1299.5,16.03,43.6,17.9,59.2,179.5,172.1,1.5322,1.3006,0.785,1.2457,28.15,43.2,124.0,22131.0,-21.7,NOMINAL,0.0884,1470.0
ISR_LOITER,4604.3,57.5,26.67,196.1,202.9,201.4,201.8,1339.4,1347.5,1350.2,1336.5,15.29,44.2,18.12,52.7,193.4,176.0,2.2246,1.5937,1.1058,1.704,28.18,40.6,125.1,22090.2,-22.9,LUBRICATION_FAILURE,0.2001,750.0
TRANSIT,4871.4,66.1,28.22,212.6,209.1,207.7,208.0,1389.9,1398.0,1405.7,1408.9,18.65,44.4,18.1,60.7,186.7,183.5,1.8282,1.3954,0.8758,1.4209,28.16,44.3,141.4,18025.9,-12.7,NOMINAL,0.0042,1481.7
ISR_LOITER,4618.6,58.7,26.71,196.5,199.4,201.6,199.9,1326.2,1322.6,1336.4,1314.6,15.35,46.0,18.13,60.0,177.0,176.3,1.6376,1.2556,0.8179,1.2816,26.65,40.4,126.4,21992.0,-21.3,SENSOR_DRIFT,0.9442,223.1
ISR_LOITER,4583.7,57.3,26.39,247.0,246.6,244.5,248.4,1321.9,1318.8,1311.7,1309.6,16.08,46.0,17.88,55.4,180.7,236.9,1.5258,1.1939,0.8084,1.212,28.2,43.9,122.9,22072.7,-22.0,COOLING_DEGRADATION,0.8862,272.3
RECOVERY,1960.5,21.5,17.43,161.0,119.9,162.4,157.0,859.2,584.2,864.2,875.9,7.74,45.2,17.86,45.6,146.0,148.0,2.9384,2.1859,1.4681,2.278,28.16,42.2,64.4,864.9,25.6,CYLINDER_MISFIRE,0.9478,167.8
ISR_LOITER,4654.7,55.8,26.5,187.6,190.4,189.2,190.7,1317.3,1289.7,1311.0,1312.8,15.13,47.3,18.11,58.0,179.3,179.3,1.5184,1.3595,0.6674,1.2382,28.07,41.8,126.9,21965.3,-22.7,NOMINAL,0.0645,1478.9
ISR_LOITER,4574.5,57.3,26.49,195.1,194.3,194.0,195.8,1333.7,1334.8,1323.2,1340.7,16.5,44.4,17.7,58.4,182.5,176.0,1.6465,1.2818,0.7871,1.2876,28.01,42.9,125.0,21954.1,-23.8,NOMINAL,0.0693,1452.9
TAKEOFF,5824.9,98.7,38.64,267.1,265.8,267.1,266.4,1486.5,1500.6,1484.7,1511.4,32.69,44.2,17.88,68.6,210.1,230.0,3.7334,2.7055,1.8609,2.8706,28.19,43.9,83.5,1227.6,26.6,COOLING_DEGRADATION,0.4008,685.1
TRANSIT,4884.1,68.9,29.17,224.0,222.1,224.5,222.7,1415.0,1395.8,1384.5,1396.8,18.62,45.2,18.18,60.3,188.2,190.6,1.6672,1.4009,0.906,1.3617,28.43,42.2,140.1,18010.6,-11.7,COOLING_DEGRADATION,0.1641,915.5
ISR_LOITER,4643.2,57.6,26.44,196.7,196.0,197.3,194.4,1323.1,1331.7,1341.7,1363.6,15.78,46.0,20.55,59.5,181.6,176.1,4.6529,3.5949,2.408,3.6684,27.83,42.4,124.5,21957.3,-21.8,COMBUSTION_INSTABILITY,0.8874,269.4
ISR_LOITER,4639.0,56.8,27.23,197.3,196.2,193.7,194.8,1326.9,1316.6,1299.9,1322.0,16.06,42.8,18.23,60.1,179.0,176.1,1.7624,1.1539,0.8753,1.317,28.4,40.5,122.0,21971.1,-23.0,NOMINAL,0.0674,1484.3
ISR_LOITER,4582.3,58.7,23.64,204.0,204.7,226.1,203.9,1349.1,1339.8,1239.4,1343.3,13.1,38.3,17.72,58.6,180.7,175.5,1.5736,1.2209,0.8135,1.2421,28.12,43.8,122.0,22048.5,-21.6,INJECTOR_CLOGGING,0.7918,295.0
DESCENT,3787.9,34.6,20.24,170.6,170.7,172.9,167.7,1090.1,1094.4,1077.3,1078.5,11.11,43.4,17.9,51.1,166.5,160.3,1.3069,0.9275,0.6614,1.0009,28.16,44.4,112.4,7887.1,11.6,NOMINAL,0.1069,1461.4
TRANSIT,4940.5,67.8,28.79,206.4,204.4,207.1,209.1,1394.3,1391.3,1382.5,1403.5,18.6,44.7,17.91,62.1,184.8,177.9,1.8422,1.4706,0.9092,1.4587,28.19,42.4,139.3,17881.8,-11.5,NOMINAL,0.0536,1474.6
RECOVERY,2224.0,19.9,17.83,148.7,150.4,150.7,148.0,845.2,846.3,848.7,853.8,7.6,44.3,18.1,49.0,149.8,150.6,0.8406,0.5855,0.3104,0.618,27.95,43.1,65.0,750.2,25.8,NOMINAL,0.0676,1482.6
CLIMB,5486.4,85.6,33.9,233.1,232.5,231.6,228.9,1469.0,1464.1,1449.3,1464.5,26.13,45.1,18.0,69.7,201.2,195.6,2.8483,2.145,1.4441,2.221,28.14,45.4,104.9,12008.1,4.1,NOMINAL,0.0536,1445.6
DESCENT,3783.3,36.5,19.85,171.0,170.2,170.5,172.6,1102.4,1100.2,1100.6,1105.3,10.78,45.1,18.28,47.6,165.1,161.0,1.1634,0.8328,0.6003,0.8958,28.41,41.4,113.3,8012.7,9.6,NOMINAL,0.0704,1483.1
CLIMB,5482.8,85.4,33.08,230.5,230.2,235.2,227.1,1468.2,1460.1,1429.4,1463.9,25.96,43.5,17.73,67.8,197.6,197.6,2.7899,2.1018,1.4141,2.1757,28.19,40.6,103.7,11995.7,4.5,INJECTOR_CLOGGING,0.3042,810.8
TAKEOFF,5825.4,97.7,38.83,239.0,238.5,238.2,237.1,1565.0,1557.6,1558.9,1557.1,32.89,46.8,17.93,55.3,240.4,206.1,7.8493,5.8625,3.8795,6.0836,28.24,41.0,83.3,1216.5,26.2,LUBRICATION_FAILURE,0.6504,518.2
CLIMB,5522.6,86.6,34.41,223.9,227.8,227.0,226.4,1456.1,1468.2,1464.3,1446.5,26.98,44.0,18.04,68.0,200.4,199.1,2.7083,2.1078,1.4562,2.1524,28.33,41.2,105.5,11966.5,5.7,NOMINAL,0.0396,1478.0
ISR_LOITER,4483.6,59.3,26.18,199.4,170.0,200.3,199.9,1331.8,1170.1,1342.1,1319.2,15.6,47.2,17.82,60.6,179.3,173.8,4.2137,3.1333,2.1683,3.28,28.15,41.1,125.4,21986.2,-21.1,CYLINDER_MISFIRE,0.5654,597.2
ISR_LOITER,4615.6,57.9,26.82,194.8,195.7,196.6,199.9,1316.5,1299.8,1306.5,1322.6,15.74,46.3,18.07,59.0,183.8,174.9,1.5211,1.1631,0.8014,1.1985,28.2,41.1,127.7,22006.6,-21.3,NOMINAL,0.0403,1444.2
CLIMB,5483.7,85.8,33.53,222.5,227.7,229.8,228.1,1440.9,1434.7,1441.0,1436.2,27.24,44.5,18.1,65.2,195.8,200.5,2.7352,2.1778,1.4275,2.1804,28.1,42.1,104.7,12052.3,4.1,NOMINAL,0.045,1477.0
ISR_LOITER,4621.2,57.2,26.38,193.6,197.2,193.4,193.6,1307.5,1320.7,1290.7,1308.7,15.75,43.3,17.89,57.0,179.9,173.8,1.4576,1.251,0.8053,1.2025,28.22,44.2,123.9,22067.8,-21.9,NOMINAL,0.0335,1468.0
TAKEOFF,5804.2,99.2,38.87,235.9,238.7,236.6,239.7,1495.6,1512.2,1510.0,1508.6,32.73,44.5,18.26,70.5,212.0,202.5,3.5942,2.6389,1.757,2.767,28.13,41.6,87.8,1203.4,27.8,NOMINAL,0.0749,1438.6
ISR_LOITER,4572.0,57.7,26.12,196.5,192.9,201.5,193.9,1311.7,1315.3,1294.2,1323.4,15.52,44.8,17.97,58.2,177.9,179.4,1.6084,1.177,0.7721,1.234,28.21,41.0,123.1,22027.4,-23.1,INJECTOR_CLOGGING,0.1003,1038.7
ISR_LOITER,4598.3,57.9,26.62,196.2,194.4,195.5,195.8,1310.8,1327.6,1322.8,1335.1,15.34,45.2,17.96,55.1,182.2,175.8,1.5313,1.2146,0.8119,1.2219,28.03,40.8,122.8,21904.3,-20.7,NOMINAL,0.1159,1465.5
CLIMB,5555.0,86.1,33.49,231.4,229.3,239.8,232.4,1475.0,1468.6,1448.2,1475.3,26.3,45.7,17.99,66.4,200.0,197.1,2.6992,2.2018,1.419,2.1716,28.09,42.6,107.0,11914.9,6.8,INJECTOR_CLOGGING,0.2142,975.8
ISR_LOITER,4583.8,60.3,26.27,193.4,194.4,190.4,193.4,1309.4,1301.7,1312.2,1334.5,15.9,43.7,18.15,59.1,179.1,175.8,1.4261,1.1221,0.789,1.1424,28.12,41.8,125.5,21986.3,-21.5,NOMINAL,0.04,1455.0
PREFLIGHT,1395.3,15.8,16.11,135.5,133.0,137.6,134.1,642.2,639.9,659.7,655.3,5.63,45.6,18.14,44.7,131.2,132.1,0.5552,0.4711,0.4393,0.4909,28.3,41.8,-2.0,480.1,29.3,NOMINAL,0.0885,1445.4
ISR_LOITER,4570.1,58.7,26.89,191.8,196.5,192.6,192.3,1294.0,1315.2,1338.3,1316.7,15.2,44.3,17.58,59.9,178.9,175.6,1.6019,1.2596,0.7992,1.2638,28.34,42.3,123.4,22017.3,-21.8,NOMINAL,0.0203,1461.2
ISR_LOITER,4592.6,56.6,26.58,195.5,200.4,199.5,199.4,1316.1,1306.8,1318.2,1333.7,16.09,44.5,18.06,60.0,182.7,172.2,1.5797,1.1254,0.6405,1.1793,28.24,39.2,122.6,21907.1,-21.0,NOMINAL,0.0793,1452.7
ISR_LOITER,4621.9,58.0,26.54,192.0,191.8,192.6,194.1,1316.2,1331.8,1314.5,1323.0,15.57,46.0,18.08,59.4,181.9,179.3,1.4694,1.163,0.7287,1.1608,28.27,42.5,123.6,22018.4,-20.8,NOMINAL,0.0942,1429.5
ISR_LOITER,4559.9,57.8,26.58,199.3,199.9,201.1,198.1,1306.4,1340.1,1346.5,1324.0,16.57,45.8,18.13,58.2,177.0,175.3,1.7327,1.2433,0.7971,1.3145,27.97,43.4,125.1,22013.2,-22.3,NOMINAL,0.0336,1453.9
ISR_LOITER,4607.7,59.4,26.8,195.3,192.4,194.1,195.8,1319.5,1317.1,1325.7,1319.2,15.54,44.2,18.1,56.3,179.5,176.1,1.5253,1.1692,0.7997,1.2018,28.23,42.6,125.1,21994.9,-22.3,NOMINAL,0.0062,1460.9
CLIMB,5528.7,85.0,33.95,232.4,231.8,229.5,231.6,1444.2,1440.1,1452.7,1448.3,26.95,46.2,18.13,69.2,198.2,197.9,2.8569,2.1657,1.3976,2.2215,28.02,43.0,106.4,11998.2,5.5,NOMINAL,0.1165,1432.5
PREFLIGHT,1342.3,14.3,16.41,137.9,126.9,133.3,135.8,650.5,573.8,652.9,656.1,7.1,46.4,17.7,43.8,131.5,132.8,0.9811,0.7766,0.5758,0.7953,28.34,40.7,-3.7,551.9,28.8,CYLINDER_MISFIRE,0.2789,832.1
PREFLIGHT,1403.6,15.1,12.34,146.0,142.2,167.9,144.7,631.7,623.4,511.6,607.0,3.51,35.7,18.17,45.1,130.2,131.7,0.75,0.5213,0.2619,0.5486,28.42,41.5,-0.8,436.8,27.8,INJECTOR_CLOGGING,0.9982,113.2
ISR_LOITER,4618.2,56.4,23.95,195.2,195.9,212.7,195.1,1336.3,1335.0,1269.6,1321.1,13.2,40.2,17.91,57.0,178.2,177.0,1.5906,1.3406,0.7871,1.2841,28.1,43.4,129.0,21975.1,-21.1,INJECTOR_CLOGGING,0.6021,454.0
ISR_LOITER,4568.4,58.5,26.44,190.6,197.2,194.2,195.0,1345.3,1341.2,1314.6,1316.2,15.4,44.5,18.27,55.9,178.0,173.8,1.6076,1.232,0.7496,1.2469,28.44,42.8,125.5,22007.4,-23.5,NOMINAL,0.1012,1438.6
TAKEOFF,5836.3,98.3,38.14,294.4,296.5,293.7,292.3,1534.8,1526.6,1538.3,1528.0,33.48,43.9,18.22,69.8,209.1,254.2,3.5748,2.6976,1.8475,2.797,28.45,42.4,84.6,1149.2,26.9,COOLING_DEGRADATION,0.7639,385.7
ISR_LOITER,4564.6,59.8,26.53,196.4,196.5,198.2,200.2,1301.9,1319.2,1319.6,1315.4,15.47,45.4,18.04,59.1,182.4,172.6,1.6353,1.2366,0.824,1.2757,28.28,41.5,122.9,21922.9,-20.9,INJECTOR_CLOGGING,0.0192,1319.6
ISR_LOITER,4627.0,57.7,26.72,193.5,197.0,192.9,196.1,1297.0,1294.5,1295.4,1299.9,15.92,43.8,18.22,60.8,177.3,174.0,1.7299,1.1666,0.8254,1.2955,28.18,44.1,124.5,21915.6,-21.4,NOMINAL,0.1016,1470.3
ISR_LOITER,4628.4,58.6,26.74,193.1,197.8,190.7,198.2,1311.2,1321.2,1310.5,1331.5,15.97,44.3,17.73,55.8,186.3,175.1,1.9566,1.5689,1.002,1.5592,28.24,40.9,125.9,21990.8,-23.7,LUBRICATION_FAILURE,0.1507,1126.2
TRANSIT,4874.3,68.5,28.25,212.5,210.0,219.1,211.4,1377.0,1365.9,1308.8,1354.0,17.65,42.7,18.1,60.1,186.7,180.8,1.8014,1.4323,0.9134,1.4295,28.17,40.8,137.7,17938.9,-12.9,INJECTOR_CLOGGING,0.36,789.5
TAKEOFF,5807.8,96.7,38.34,241.8,242.2,246.1,245.3,1519.0,1518.2,1523.7,1513.5,32.88,45.1,17.77,73.4,208.2,201.4,3.6856,2.7567,1.7651,2.846,28.49,43.3,80.7,1160.3,28.3,NOMINAL,0.1029,1452.2
ISR_LOITER,4611.0,57.7,26.01,193.7,194.7,195.3,194.2,1347.4,1358.5,1360.0,1355.8,15.56,44.6,17.85,59.0,180.6,175.2,1.5211,1.1252,0.7933,1.1845,27.89,42.7,124.5,21958.8,-23.5,NOMINAL,0.1,1438.5
ISR_LOITER,4602.0,58.1,26.56,227.3,225.4,224.0,227.4,1330.6,1324.4,1323.7,1313.1,15.61,46.1,18.0,56.1,180.2,205.2,1.7634,1.1358,0.7397,1.2841,28.11,41.3,124.4,21921.6,-21.7,COOLING_DEGRADATION,0.3978,732.9
PREFLIGHT,1363.4,14.5,15.65,136.7,132.6,138.6,138.4,654.9,624.7,633.9,630.6,5.81,44.0,18.24,46.3,128.7,135.8,0.6513,0.3635,0.2869,0.4614,28.33,38.0,-0.7,502.4,27.5,NOMINAL,0.0267,1468.0
RECOVERY,2184.3,20.4,17.53,147.5,151.7,152.2,148.9,861.0,863.3,857.5,846.7,6.75,44.1,18.05,50.3,145.8,144.1,0.7914,0.6118,0.311,0.6048,28.14,43.3,65.3,744.8,26.6,NOMINAL,0.0462,1483.1
PREFLIGHT,1360.2,14.5,15.43,139.3,141.3,135.9,140.8,671.6,657.3,662.4,655.1,6.52,43.2,17.85,33.9,151.5,135.1,1.0179,0.7619,0.533,0.796,27.89,43.3,1.6,525.6,28.0,LUBRICATION_FAILURE,0.4716,679.4
ISR_LOITER,4592.5,58.2,26.97,252.3,255.0,255.1,256.7,1326.7,1313.2,1303.9,1327.6,15.62,44.5,17.94,60.9,180.9,235.7,1.7173,1.218,0.7737,1.295,28.0,41.3,125.6,22025.9,-22.3,COOLING_DEGRADATION,0.9096,183.3
PREFLIGHT,1389.5,16.2,16.34,141.7,143.4,141.5,141.8,647.8,643.5,648.3,629.8,6.01,46.4,17.97,46.2,129.0,135.8,0.5289,0.4587,0.2294,0.4254,28.41,43.2,1.6,475.8,28.1,NOMINAL,0.0122,1473.1
ISR_LOITER,4596.6,57.6,26.46,194.0,193.7,192.9,194.8,1342.6,1342.6,1323.2,1334.5,15.65,42.1,18.15,57.5,180.1,173.1,1.4656,1.2357,0.8403,1.2085,28.17,42.5,122.6,21998.3,-21.7,INJECTOR_CLOGGING,0.0606,1074.5
TRANSIT,4867.1,69.8,25.66,203.7,206.5,233.5,208.1,1372.1,1368.4,1259.9,1374.0,15.15,36.6,18.18,60.2,187.8,180.6,1.8426,1.3708,1.0233,1.4516,28.11,42.2,143.0,18013.8,-13.9,INJECTOR_CLOGGING,0.996,131.2
ISR_LOITER,4618.0,58.4,26.47,193.4,195.1,196.1,194.0,1317.9,1313.5,1326.7,1333.3,15.7,45.6,17.9,56.9,184.0,173.8,1.7497,1.2363,0.7505,1.3106,28.35,44.2,124.1,22057.3,-23.0,LUBRICATION_FAILURE,0.0317,1057.3
TRANSIT,4941.8,68.0,29.38,202.2,207.6,203.5,205.3,1366.0,1377.2,1382.5,1377.0,18.27,42.3,18.03,61.9,185.8,182.5,1.998,1.3523,0.8648,1.4797,27.97,41.6,138.1,18054.9,-13.1,NOMINAL,0.037,1490.3
TAKEOFF,5805.5,97.0,38.64,241.0,238.0,240.1,245.1,1524.7,1522.9,1540.2,1527.3,32.42,45.6,18.3,70.3,207.4,203.7,3.6018,2.7304,1.8659,2.8231,28.1,41.3,87.3,1216.3,26.7,NOMINAL,0.0167,1448.4
PREFLIGHT,1395.3,16.4,16.81,145.7,146.7,142.0,144.4,644.8,655.1,639.6,668.9,6.3,44.6,18.94,46.1,127.2,133.4,1.1732,0.7926,0.6117,0.8905,28.17,41.7,-1.1,533.7,28.4,COMBUSTION_INSTABILITY,0.3863,702.3
RECOVERY,2193.2,21.5,17.34,149.7,150.3,152.0,149.8,858.9,866.8,857.9,850.7,7.08,44.3,17.82,49.8,145.7,147.7,0.8544,0.4947,0.3898,0.6128,28.52,42.6,61.2,778.0,25.9,NOMINAL,0.0792,1466.7
ISR_LOITER,4601.6,57.5,26.56,198.0,192.5,195.1,195.1,1349.9,1331.1,1323.2,1333.2,15.5,45.1,18.2,59.0,184.0,175.5,1.6088,1.317,0.7726,1.2806,28.6,41.7,125.1,22014.5,-23.5,NOMINAL,0.078,1446.7
CLIMB,5494.1,84.8,33.76,230.1,232.1,232.6,228.8,1475.7,1479.0,1476.7,1471.2,27.23,45.4,17.69,69.4,200.5,200.3,2.7777,2.2121,1.4246,2.209,28.38,41.5,106.6,12020.4,5.5,NOMINAL,0.0029,1480.8
DESCENT,3696.0,34.8,20.03,164.9,153.8,171.6,169.7,1112.7,998.5,1097.9,1109.8,10.96,44.2,17.99,50.4,166.2,160.1,2.5721,1.7649,1.2395,1.9379,28.19,43.6,117.7,7980.2,12.0,CYLINDER_MISFIRE,0.3719,823.5
TRANSIT,4887.1,67.5,29.48,201.8,204.3,201.6,204.9,1376.4,1375.5,1382.1,1371.8,19.05,44.8,17.77,61.8,185.6,184.4,1.9174,1.3885,0.986,1.4806,28.22,41.8,138.3,17995.4,-13.6,NOMINAL,0.0469,1447.3
RECOVERY,2219.1,21.2,17.48,161.8,160.3,156.7,156.5,869.1,865.5,861.8,852.4,7.6,44.6,18.22,50.2,142.5,147.8,0.78,0.6109,0.3837,0.6134,28.31,41.2,66.9,789.9,26.6,NOMINAL,0.0743,1436.0
ISR_LOITER,4570.5,58.3,25.66,187.5,189.9,186.8,193.8,1310.4,1330.4,1318.9,1318.3,15.69,46.1,18.13,57.9,180.3,177.7,1.602,1.1972,0.7482,1.2328,28.22,42.1,127.3,22023.3,-21.4,NOMINAL,0.0664,1468.4
TRANSIT,4915.0,66.5,28.47,199.7,201.6,202.3,201.6,1386.1,1383.9,1373.6,1381.6,18.58,43.0,20.1,62.9,187.0,186.1,4.972,3.7183,2.5545,3.8761,28.11,42.7,135.4,18013.5,-11.9,COMBUSTION_INSTABILITY,0.748,410.9
CLIMB,5523.0,84.8,33.93,225.7,229.5,228.0,229.6,1476.6,1470.9,1463.3,1443.1,26.66,44.4,19.07,68.7,202.8,199.0,5.043,3.7615,2.5054,3.9097,27.95,41.3,106.6,12076.3,4.6,COMBUSTION_INSTABILITY,0.3551,719.5
TRANSIT,4931.8,68.3,28.8,213.1,207.6,212.7,212.2,1378.0,1374.9,1370.9,1390.0,18.23,42.3,18.24,62.5,187.5,181.4,2.0944,1.4089,0.9323,1.5536,28.15,41.0,139.3,18016.0,-12.5,NOMINAL,0.0572,1456.4
CLIMB,5408.5,86.2,34.16,230.6,222.0,228.0,230.1,1469.6,1420.0,1458.4,1465.6,27.16,45.1,18.03,68.3,199.9,198.0,4.3003,3.1321,2.055,3.2927,28.09,41.7,105.1,12010.7,4.4,CYLINDER_MISFIRE,0.1838,1056.1
PREFLIGHT,1391.0,14.6,15.95,145.3,143.5,140.4,144.9,665.1,666.5,667.6,660.4,6.17,44.1,18.22,43.2,133.1,136.1,0.6149,0.4096,0.3893,0.4822,28.46,42.3,-1.9,469.8,28.0,NOMINAL,0.0839,1476.5
ISR_LOITER,4581.0,57.7,26.35,203.1,209.0,203.0,205.0,1302.4,1293.8,1304.2,1311.0,15.5,43.0,17.91,58.1,181.4,184.8,1.5355,1.2679,0.8948,1.2604,28.24,44.1,126.4,22096.5,-21.9,COOLING_DEGRADATION,0.153,1058.8
ISR_LOITER,4602.4,57.3,26.08,198.4,197.0,199.8,199.5,1323.5,1352.9,1332.4,1335.7,15.53,43.8,17.61,58.2,177.7,176.3,1.5985,1.1924,0.7862,1.2376,27.31,42.2,127.6,21959.1,-20.0,SENSOR_DRIFT,0.536,577.8
TRANSIT,4939.3,68.9,29.17,202.5,199.5,201.4,202.0,1373.8,1373.5,1352.9,1384.9,17.97,43.0,18.13,63.7,188.2,183.0,1.9576,1.427,0.9681,1.5062,28.13,41.7,141.5,18061.9,-12.2,NOMINAL,0.0275,1465.5
ISR_LOITER,4586.8,55.7,26.55,194.8,195.4,196.8,197.5,1318.1,1323.5,1327.9,1332.7,15.58,47.1,18.18,58.0,179.9,175.4,1.5174,1.1531,0.7396,1.1803,28.28,41.7,125.8,22045.9,-21.1,NOMINAL,0.0643,1449.3
PREFLIGHT,1352.2,14.4,15.36,140.6,140.8,144.6,142.9,622.9,617.7,632.7,611.9,5.85,47.1,18.2,42.8,132.6,135.0,0.6614,0.4742,0.2905,0.4989,28.23,43.8,3.3,513.9,27.2,NOMINAL,0.0526,1458.3
PREFLIGHT,1294.1,15.8,16.08,143.2,118.2,139.8,140.5,658.8,494.6,666.9,655.5,6.6,43.4,17.9,45.5,130.1,137.7,1.4026,1.1334,0.7702,1.1321,28.23,41.9,-3.0,513.4,28.9,CYLINDER_MISFIRE,0.4972,597.8
CLIMB,5483.1,85.1,33.76,220.5,222.9,223.2,219.7,1461.3,1454.0,1485.6,1473.7,26.93,45.0,17.64,65.2,200.5,197.4,2.6519,2.1081,1.4107,2.1187,27.68,42.6,105.7,11991.2,5.9,SENSOR_DRIFT,0.341,698.9
PREFLIGHT,1341.4,14.3,15.65,150.0,144.9,145.0,150.2,630.1,659.4,651.8,631.9,5.6,45.8,17.95,46.6,133.3,133.8,0.6406,0.4104,0.352,0.484,28.05,43.3,0.7,426.6,26.6,NOMINAL,0.1036,1476.4
ISR_LOITER,4595.4,56.3,26.1,194.8,195.7,198.6,199.7,1303.2,1311.4,1322.2,1314.5,16.28,43.6,17.9,58.3,179.9,174.2,1.6165,1.2378,0.7713,1.257,28.18,40.1,123.1,21953.5,-22.0,NOMINAL,0.057,1443.9
ISR_LOITER,4577.3,57.4,26.3,201.5,201.4,200.7,204.5,1348.8,1335.6,1329.2,1321.6,16.23,44.5,18.16,60.5,178.0,177.7,1.612,1.2207,0.8481,1.266,27.91,43.0,125.4,22042.0,-21.8,NOMINAL,0.118,1462.8
TAKEOFF,5787.3,98.6,38.97,234.2,231.4,233.0,234.0,1510.1,1511.1,1500.2,1528.6,32.32,45.5,20.27,72.7,212.0,204.8,10.769,8.0712,5.3816,8.3682,28.23,40.3,83.2,1111.4,28.0,COMBUSTION_INSTABILITY,0.8965,195.3
RECOVERY,2201.3,23.1,17.12,153.3,153.3,160.7,156.8,836.2,831.2,836.9,859.0,7.22,43.6,17.77,49.6,143.1,150.6,0.8121,0.6521,0.4688,0.6594,28.09,43.1,64.9,815.3,28.4,SENSOR_DRIFT,0.0104,1183.7
ISR_LOITER,4598.8,57.8,26.22,193.2,191.7,194.1,192.7,1311.7,1321.1,1317.7,1326.2,16.3,44.5,18.03,58.5,178.8,173.1,1.6612,1.2694,0.7595,1.2842,28.24,41.0,123.9,21981.2,-21.2,NOMINAL,0.035,1449.8
ISR_LOITER,4631.4,58.9,25.84,195.4,195.9,195.2,194.0,1305.9,1339.9,1334.5,1329.9,16.41,43.8,18.14,59.2,176.3,176.0,1.5376,1.2306,0.8404,1.2363,28.2,43.5,127.1,21951.4,-23.7,NOMINAL,0.0623,1464.7
ISR_LOITER,4567.4,57.7,26.53,187.8,194.3,193.2,195.0,1313.3,1313.6,1319.7,1312.6,15.53,42.7,18.37,56.7,179.7,174.2,1.5881,1.1527,0.782,1.2196,26.77,43.1,122.5,21974.9,-23.2,SENSOR_DRIFT,0.952,215.5
TRANSIT,4862.3,69.0,28.94,211.2,209.0,208.9,211.0,1372.2,1371.9,1376.1,1345.1,18.75,44.4,17.77,61.1,186.5,185.1,1.8313,1.4566,0.9783,1.4643,27.85,41.0,139.9,17957.2,-12.8,SENSOR_DRIFT,0.1582,969.1
TRANSIT,4841.9,68.5,29.32,203.2,187.0,201.5,203.8,1411.6,1305.9,1384.6,1390.0,19.14,45.6,18.09,61.7,186.3,186.6,3.6374,2.8452,1.8383,2.8697,27.98,42.7,143.5,17985.8,-12.5,CYLINDER_MISFIRE,0.335,678.1
PREFLIGHT,1385.6,16.4,15.91,135.7,135.8,139.0,140.7,648.5,659.1,648.2,629.0,5.44,44.5,17.79,43.5,126.7,138.6,0.7391,0.476,0.2572,0.5288,28.3,42.4,1.4,480.1,26.5,NOMINAL,0.0624,1452.9
PREFLIGHT,1392.4,13.9,15.91,143.3,138.7,143.8,139.8,653.6,650.7,637.4,638.4,5.98,45.5,18.18,44.6,133.8,136.6,0.632,0.4442,0.3429,0.488,28.49,41.7,0.3,522.4,27.9,LUBRICATION_FAILURE,0.0654,980.2
TRANSIT,4934.6,69.9,28.59,206.3,204.2,205.6,201.4,1394.7,1393.4,1391.3,1386.3,18.49,43.7,18.12,62.6,187.9,180.0,1.9811,1.3561,0.8996,1.4802,28.67,42.3,137.2,18019.6,-11.9,NOMINAL,0.0726,1453.3
RECOVERY,2183.4,21.7,17.46,155.7,155.2,152.7,155.9,851.9,820.8,816.7,845.5,7.39,45.8,17.85,48.3,146.3,149.0,0.7359,0.5962,0.369,0.5868,28.22,42.5,67.5,784.5,26.9,NOMINAL,0.0188,1483.3
RECOVERY,2224.0,21.9,17.3,154.9,152.5,155.0,152.9,857.2,876.7,871.0,854.5,7.56,46.1,17.86,52.3,141.9,148.8,0.7787,0.607,0.4172,0.6188,28.1,40.2,64.1,708.0,25.5,SENSOR_DRIFT,0.066,933.9
TRANSIT,4905.2,68.5,28.92,208.4,208.9,203.1,206.4,1372.8,1383.1,1366.2,1372.9,18.7,45.4,17.96,60.6,188.4,183.7,1.8717,1.4426,0.9344,1.4671,28.08,40.6,141.0,18043.4,-13.5,NOMINAL,0.0722,1450.8
PREFLIGHT,1395.0,14.2,16.3,141.3,139.1,138.3,138.2,626.9,662.4,662.3,633.7,6.3,43.6,17.64,43.7,130.8,133.4,0.5229,0.5473,0.3058,0.4713,28.27,43.0,-1.7,539.8,27.1,NOMINAL,0.024,1464.5
PREFLIGHT,1393.7,15.5,15.8,142.2,138.7,141.7,143.5,647.3,635.8,663.1,639.2,6.88,45.7,18.36,43.8,128.8,137.0,0.6081,0.4769,0.4447,0.5148,27.89,42.0,-2.3,546.3,27.4,CYLINDER_MISFIRE,0.0337,1232.8
ISR_LOITER,4571.5,56.3,25.95,186.6,189.5,186.9,187.2,1298.1,1300.7,1301.8,1299.5,16.24,45.5,17.89,60.8,183.6,172.9,1.6262,1.1799,0.8444,1.2583,28.31,39.0,127.4,22023.9,-21.1,NOMINAL,0.0091,1449.2
ISR_LOITER,4627.8,58.2,26.54,192.7,197.4,192.2,193.6,1318.1,1323.8,1319.3,1333.9,15.95,46.2,18.0,55.0,178.6,176.7,1.6551,1.2568,0.8394,1.294,28.21,43.0,127.3,22080.4,-20.4,NOMINAL,0.074,1441.4
RECOVERY,2189.9,20.8,17.22,160.5,157.6,160.9,158.7,851.9,857.2,849.1,840.7,6.92,47.0,17.97,46.9,144.6,145.9,0.836,0.6169,0.4254,0.6482,28.16,44.3,66.2,871.5,25.1,NOMINAL,0.068,1458.0
PREFLIGHT,1430.9,16.0,16.15,136.0,137.3,134.0,133.7,665.8,671.2,677.3,670.3,5.95,46.0,17.97,45.5,127.4,132.9,0.5385,0.4438,0.2615,0.4302,28.19,41.0,4.0,535.2,27.8,NOMINAL,0.1028,1446.9
TRANSIT,4899.0,67.1,29.03,201.5,204.3,203.1,203.8,1389.6,1397.0,1384.1,1395.5,18.85,45.2,18.05,63.2,189.4,180.2,1.9522,1.4014,1.0037,1.5036,28.31,41.2,137.2,18033.3,-11.9,NOMINAL,0.0152,1495.4
ISR_LOITER,4624.8,57.0,26.28,200.6,197.0,196.2,199.7,1326.9,1344.7,1301.4,1309.4,16.19,43.7,18.49,58.3,182.3,177.6,2.202,1.705,1.1088,1.7306,28.11,40.0,123.5,21961.5,-19.4,COMBUSTION_INSTABILITY,0.162,832.3
TRANSIT,4887.7,66.3,28.96,198.5,198.9,197.6,200.0,1386.9,1391.2,1355.9,1367.0,18.89,44.3,18.15,62.4,188.6,178.5,1.989,1.5011,0.9326,1.5362,28.24,41.6,140.1,18046.8,-12.8,NOMINAL,0.059,1448.1
TRANSIT,4916.1,67.7,29.05,205.9,205.2,206.6,207.1,1378.3,1357.9,1378.0,1387.8,18.99,46.6,18.19,62.3,191.7,181.6,1.9465,1.4118,0.9484,1.4924,28.31,40.7,141.5,17965.9,-11.8,NOMINAL,0.0605,1443.3
TRANSIT,4896.6,66.7,29.38,210.9,207.3,208.2,205.2,1381.6,1353.3,1367.5,1369.9,18.12,44.5,19.93,59.7,188.8,180.9,5.1469,3.919,2.6105,4.0276,28.07,41.5,139.0,17970.4,-12.4,COMBUSTION_INSTABILITY,0.7782,309.3
RECOVERY,2188.9,22.2,17.31,152.4,149.6,155.8,153.3,835.4,827.1,848.3,835.0,6.97,44.1,17.83,48.4,144.1,149.5,0.7757,0.6108,0.3418,0.6032,28.17,41.5,65.0,776.7,25.3,NOMINAL,0.045,1480.0
ISR_LOITER,4551.2,58.2,26.2,193.7,191.5,192.6,192.0,1389.5,1362.3,1364.7,1343.8,15.75,43.8,18.2,60.0,177.9,172.7,1.5165,1.3164,0.7657,1.2408,28.15,42.8,120.8,22039.6,-21.6,NOMINAL,0.0985,1467.1
CLIMB,5470.5,84.9,34.24,268.6,269.2,267.4,266.0,1462.9,1457.6,1455.8,1458.5,27.38,42.4,18.54,66.6,198.9,242.3,2.9087,1.9952,1.3554,2.1816,28.23,40.4,105.9,11992.5,3.1,COOLING_DEGRADATION,0.6431,521.0
TRANSIT,4912.7,67.1,26.77,198.6,197.6,211.8,198.5,1369.7,1378.2,1312.2,1365.9,16.73,41.9,18.04,61.2,185.1,185.0,1.9899,1.3847,0.9587,1.5051,28.31,43.7,140.0,17925.4,-11.2,INJECTOR_CLOGGING,0.5203,540.6
PREFLIGHT,1372.3,15.2,16.03,144.2,140.4,145.6,146.5,671.1,629.9,666.9,660.0,6.61,45.5,17.66,42.6,128.3,137.0,0.6046,0.4481,0.3187,0.4718,28.31,41.3,-0.6,478.0,27.5,NOMINAL,0.0052,1458.5
ISR_LOITER,4564.5,57.7,23.48,195.8,192.3,219.3,192.0,1325.8,1335.4,1238.7,1327.3,13.36,37.9,18.23,57.4,176.7,174.0,1.5956,1.2055,0.8291,1.2499,28.33,40.0,124.0,21955.5,-21.7,INJECTOR_CLOGGING,0.7684,320.7
TRANSIT,4886.7,69.2,29.02,197.7,202.2,199.9,200.1,1364.6,1380.0,1364.7,1385.5,18.38,45.0,18.04,62.8,189.8,181.5,1.8809,1.4903,0.9954,1.4999,28.29,42.4,142.8,17969.1,-11.1,NOMINAL,0.0915,1467.1
CLIMB,5494.9,83.0,33.51,232.1,232.6,225.8,231.6,1480.1,1466.9,1478.5,1487.8,26.82,45.9,17.93,67.7,201.2,197.9,2.9704,2.0273,1.4157,2.2314,28.21,44.5,105.2,11993.0,5.3,NOMINAL,0.0706,1481.6
ISR_LOITER,4633.3,58.0,25.82,188.5,192.6,190.6,189.7,1325.8,1323.1,1324.2,1323.9,15.72,43.2,17.66,54.6,180.9,174.2,1.575,1.0769,0.7299,1.1794,28.01,40.0,124.4,21958.7,-20.6,NOMINAL,0.023,1462.1
ISR_LOITER,4603.1,55.9,27.56,194.7,193.9,190.8,192.6,1313.2,1324.7,1312.4,1325.3,15.77,46.9,19.87,58.1,178.6,174.5,4.0115,3.1241,2.0737,3.1703,27.7,43.1,125.0,22090.0,-23.3,COMBUSTION_INSTABILITY,0.7127,458.3
TRANSIT,4956.0,68.1,29.23,206.8,205.2,206.4,205.6,1372.8,1361.1,1379.9,1389.0,17.79,46.0,18.08,63.0,185.9,181.6,1.9059,1.4781,0.9039,1.4871,28.22,42.4,142.8,17963.6,-12.5,NOMINAL,0.0589,1456.0
DESCENT,3805.7,33.7,19.43,167.8,167.5,169.8,168.7,1102.1,1096.6,1079.5,1108.2,11.16,43.7,18.41,53.8,165.1,158.5,1.0633,0.9116,0.5474,0.8682,28.19,42.3,116.3,8040.3,11.3,NOMINAL,0.1033,1435.1
RECOVERY,2229.6,22.0,17.26,158.4,157.7,159.3,154.5,855.8,878.0,880.6,861.2,7.07,44.1,18.18,47.3,143.7,146.4,0.8235,0.5301,0.4013,0.6111,27.85,41.2,64.4,899.6,24.0,NOMINAL,0.0152,1468.1
DESCENT,3801.3,34.1,18.47,175.8,170.8,190.6,175.9,1072.8,1076.9,1010.6,1067.4,10.01,40.6,18.69,53.5,167.6,158.7,1.2387,0.9394,0.6281,0.968,27.98,42.3,113.9,7993.2,12.9,INJECTOR_CLOGGING,0.6162,527.8
ISR_LOITER,4590.9,58.4,26.61,192.2,197.2,193.7,195.1,1340.8,1332.2,1344.1,1362.6,16.05,44.7,17.74,56.4,176.6,174.7,1.6222,1.1794,0.7732,1.241,28.25,42.7,125.6,21993.8,-22.6,NOMINAL,0.0023,1479.1
TRANSIT,4926.0,67.7,29.01,203.8,200.8,205.1,206.0,1381.7,1393.4,1380.6,1376.7,18.43,45.4,18.15,64.9,188.4,180.8,1.8735,1.3683,1.0909,1.4801,28.0,41.5,139.8,18010.1,-12.2,NOMINAL,0.0182,1453.7
CLIMB,5489.2,85.2,34.01,231.9,230.0,230.6,232.5,1470.2,1452.6,1451.9,1450.2,26.73,46.1,18.52,67.9,201.3,200.5,4.1579,3.1147,1.982,3.2103,28.37,41.4,106.2,12015.9,2.4,COMBUSTION_INSTABILITY,0.2037,1036.5
ISR_LOITER,4583.7,57.7,26.83,198.2,203.9,197.1,203.2,1358.9,1339.1,1347.6,1335.8,15.86,46.6,17.99,56.4,177.2,173.8,1.6157,1.2781,0.7731,1.2704,28.28,45.0,121.9,22026.7,-22.5,NOMINAL,0.1023,1441.4
ISR_LOITER,4576.7,57.0,26.58,193.4,195.5,193.5,193.8,1308.0,1318.2,1314.7,1309.5,16.01,45.3,18.17,55.6,183.9,174.7,1.568,1.1801,0.808,1.2253,28.07,42.3,125.5,22070.0,-22.8,NOMINAL,0.0603,1463.5
ISR_LOITER,4605.2,58.4,26.72,192.9,192.7,192.9,192.4,1289.3,1293.7,1304.4,1301.1,16.25,46.1,17.9,61.2,177.3,173.7,1.609,1.1242,0.739,1.2109,27.93,43.1,117.7,22020.4,-21.1,NOMINAL,0.0175,1484.7
ISR_LOITER,4610.5,56.6,26.29,198.5,201.8,198.8,197.0,1320.3,1355.7,1314.2,1334.2,16.57,44.8,18.23,59.2,181.0,175.3,1.567,1.1698,0.763,1.2119,28.13,42.2,123.4,22011.8,-22.2,NOMINAL,0.089,1453.5
ISR_LOITER,4615.5,59.5,25.85,197.5,197.7,195.9,197.6,1331.7,1327.3,1329.2,1317.5,15.37,43.8,18.09,56.9,182.2,174.7,1.6157,1.1668,0.8262,1.2456,28.22,44.0,127.2,21930.5,-20.9,NOMINAL,0.0619,1448.6
ISR_LOITER,4589.0,59.4,25.99,195.5,197.3,192.3,200.4,1314.6,1316.3,1299.2,1294.5,15.84,44.2,17.91,60.2,179.5,176.1,1.6165,1.3002,0.7273,1.2692,28.11,40.3,129.4,21842.3,-21.5,NOMINAL,0.0623,1453.9
DESCENT,3777.3,34.2,20.12,170.5,171.0,171.4,171.5,1075.1,1084.3,1073.8,1093.5,10.63,43.9,19.98,52.2,163.9,157.5,3.4368,2.5672,1.6062,2.6446,28.17,42.5,116.0,7978.6,14.0,COMBUSTION_INSTABILITY,0.8351,280.0
TRANSIT,4902.1,69.3,28.88,205.4,205.7,201.4,208.0,1359.8,1387.8,1382.1,1385.2,18.23,44.7,18.16,59.7,186.0,178.5,1.9802,1.4113,0.993,1.5165,28.31,43.8,139.1,17938.1,-11.8,NOMINAL,0.1084,1431.0
ISR_LOITER,4629.3,56.5,25.92,190.5,189.0,192.2,191.8,1307.0,1311.1,1314.7,1302.0,16.09,42.9,17.92,59.3,177.8,172.7,1.5491,1.1982,0.7927,1.2198,27.25,43.9,125.3,22045.3,-22.1,SENSOR_DRIFT,0.5758,537.1
TRANSIT,4818.6,68.9,29.16,204.2,195.7,203.9,202.3,1386.3,1302.1,1385.3,1378.5,18.69,44.2,18.23,60.2,184.5,180.7,3.2885,2.548,1.6295,2.5796,28.14,42.1,137.4,18091.4,-12.4,CYLINDER_MISFIRE,0.2659,927.0
DESCENT,3789.5,35.4,20.36,172.0,172.1,174.6,171.8,1106.8,1109.4,1093.1,1103.8,11.36,44.5,18.29,50.6,167.7,163.3,1.287,0.9707,0.5698,0.9871,28.0,42.3,113.6,7988.1,11.1,NOMINAL,0.0262,1480.4
TRANSIT,4883.2,67.8,28.34,199.3,201.7,201.6,203.5,1373.0,1387.1,1381.2,1404.1,19.3,46.3,18.16,61.6,187.7,181.3,1.9262,1.3833,0.8953,1.4635,28.12,41.2,137.5,18083.6,-11.1,NOMINAL,0.0758,1481.8
