flight_phase,rpm,cht_1,cht_2,cht_3,cht_4,egt_1,egt_2,egt_3,egt_4,map,fuel_flow,oil_pressure,oil_temp,vib_x,vib_y,vib_z,vib_rms,airspeed,altitude,fault_class,degradation,damage_severity,rul_hours
CLIMB,2462.28,351.12,356.98,349.54,349.97,1280.3,1286.76,1270.83,1261.59,25.24,17.84,66.17,190.41,6.7326,4.3726,2.6098,4.8737,93.43,4523.91,VIBRATION_FAULT,0.732,3.66,782.6
CRUISE,2292.8,323.32,327.02,313.78,318.42,1178.06,1191.6,1167.93,1187.25,22.6,13.62,66.31,175.0,1.9955,1.2481,0.8041,1.436,127.48,8436.67,NOMINAL,0.0911,0.0,2438.7
DESCENT,2086.43,260.47,268.04,259.11,265.13,989.06,995.51,960.52,971.9,18.27,11.15,61.51,167.12,1.4281,1.0251,0.6148,1.0752,107.41,3196.97,NOMINAL,0.0421,0.0,2412.9
DESCENT,2140.47,256.78,264.6,255.79,257.03,992.51,1008.84,968.23,983.59,17.63,10.96,62.89,164.62,1.4659,1.0051,0.6579,1.0942,110.64,3212.58,NOMINAL,0.1156,0.0,2438.0
DESCENT,2096.29,262.36,265.1,254.71,266.46,976.5,966.14,972.15,985.25,17.93,11.34,61.8,165.39,1.3382,0.9184,0.6702,1.0138,109.95,3133.06,NOMINAL,0.1211,0.0,2424.5
CLIMB,2442.09,350.01,357.67,345.09,349.99,1244.94,1272.08,1237.91,1269.21,24.71,16.27,68.93,176.56,2.5107,1.6443,1.0296,1.8319,92.8,4503.08,NOMINAL,0.0914,0.0,2382.2
CLIMB,2470.48,353.06,356.03,344.72,354.27,1235.33,1274.44,1227.02,1267.45,24.96,16.38,66.94,177.36,2.4445,1.6226,0.9863,1.7871,98.41,4601.57,NOMINAL,0.0061,0.0,2473.5
TAXI,782.72,215.68,215.76,207.63,212.52,234.6,240.72,218.17,232.1,14.9,10.17,49.39,162.53,1.3719,0.8963,0.5228,0.9931,26.92,550.74,CORROSION,0.9004,4.5,535.2
CRUISE,2283.56,317.3,329.08,315.16,326.23,1186.46,1230.81,1169.13,1173.12,22.49,13.71,66.17,170.08,1.889,1.2276,0.797,1.3797,128.87,8531.08,NOMINAL,0.0141,0.0,2456.2
DESCENT,2108.52,260.32,268.21,262.17,262.81,970.29,1010.69,968.62,1000.47,18.27,10.91,63.66,166.63,1.4517,0.9933,0.6129,1.0754,110.06,3234.88,NOMINAL,0.0254,0.0,2440.3
DESCENT,2102.79,285.19,281.62,277.77,284.69,1004.83,1022.09,1003.7,1000.13,18.09,12.13,62.1,176.03,3.3685,2.3006,1.3646,2.4834,111.37,3149.17,CRACK,0.702,3.51,727.3
TAXI,816.36,182.9,186.05,177.55,185.67,212.46,232.67,187.97,220.74,15.62,8.4,54.62,145.57,0.671,0.5767,0.3833,0.5567,25.94,566.05,NOMINAL,0.0811,0.0,2408.4
CRUISE,2297.15,326.55,325.93,312.74,317.47,1178.74,1174.06,1152.4,1208.52,22.83,13.96,64.44,170.11,2.0878,1.2593,0.8055,1.4825,129.49,8502.44,NOMINAL,0.0534,0.0,2421.4
LAND,992.62,227.39,228.4,216.25,223.54,578.7,592.16,570.49,600.62,15.38,8.61,57.57,156.71,1.0162,0.6067,0.3891,0.7193,43.43,635.07,NOMINAL,0.0582,0.0,2460.4
DESCENT,2078.55,255.73,263.66,260.07,267.44,974.73,993.11,971.14,990.15,18.23,12.53,55.21,182.4,3.6484,2.3108,1.4014,2.6213,114.78,3242.61,DELAMINATION,0.9905,4.95,320.9
CLIMB,2459.25,352.33,353.55,345.97,344.68,1271.25,1264.29,1247.65,1267.37,25.34,16.37,68.24,179.01,2.4698,1.6293,0.9361,1.7917,93.34,4554.4,NOMINAL,0.1009,0.0,2453.8
DESCENT,2096.37,259.98,263.61,255.83,266.45,989.25,1003.91,969.07,972.65,17.79,11.1,62.55,165.13,1.5787,1.0034,0.6027,1.1347,115.69,3216.25,NOMINAL,0.0636,0.0,2406.6
CRUISE,2298.67,343.87,337.28,341.24,339.85,1192.96,1230.84,1181.34,1193.34,22.59,15.05,66.16,181.85,4.0165,2.5759,1.5527,2.897,129.82,8488.71,CRACK,0.5843,2.92,1135.8
LAND,1004.09,219.7,226.96,216.98,213.42,569.18,596.7,567.33,593.11,15.58,9.25,58.37,154.44,0.7721,0.5029,0.3868,0.5769,47.65,661.65,NOMINAL,0.0891,0.0,2430.8
TAKEOFF,2701.38,403.64,401.16,400.07,401.98,1428.01,1423.97,1415.99,1451.28,30.02,20.75,71.59,191.25,6.3125,4.0812,2.4719,4.5685,75.5,713.17,CRACK,0.5203,2.6,1249.2
CLIMB,2449.82,382.97,379.16,373.37,379.14,1297.96,1311.65,1272.45,1297.33,24.98,17.46,68.59,194.87,6.1022,4.1048,2.4342,4.4726,93.88,4480.97,CRACK,0.8624,4.31,474.1
TAKEOFF,2682.79,379.33,386.2,368.01,381.64,1400.51,1424.18,1402.46,1420.22,29.64,19.88,72.7,184.01,3.1018,2.2224,1.2645,2.3209,73.43,712.31,NOMINAL,0.0266,0.0,2415.3
TAXI,800.34,183.39,182.6,176.28,187.33,190.52,228.27,197.15,227.76,15.19,8.18,54.21,143.61,0.7719,0.5331,0.3655,0.5813,27.64,526.15,NOMINAL,0.107,0.0,2410.0
TAXI,794.71,185.54,184.64,173.66,186.89,204.28,215.03,219.3,230.33,15.23,8.39,54.71,144.18,0.7499,0.4971,0.2993,0.5474,22.93,478.19,NOMINAL,0.088,0.0,2377.3
TAXI,804.68,179.7,186.83,176.96,179.47,213.61,244.34,210.49,254.52,15.6,8.78,54.09,143.98,0.7198,0.5368,0.183,0.5291,23.85,487.73,NOMINAL,0.0616,0.0,2415.9
CLIMB,2483.41,344.36,355.48,344.57,349.89,1259.12,1281.28,1247.26,1251.32,25.61,15.97,66.76,178.31,2.4072,1.5893,1.039,1.7701,94.7,4504.55,NOMINAL,0.0232,0.0,2411.8
CLIMB,2456.52,353.62,348.27,347.26,351.05,1261.37,1265.0,1253.61,1251.88,24.44,16.82,66.99,175.16,2.4013,1.5456,1.0012,1.7471,97.23,4503.82,NOMINAL,0.0246,0.0,2428.3
TAKEOFF,2711.47,378.6,387.78,380.37,385.38,1432.37,1434.12,1430.51,1425.15,29.6,21.49,72.48,195.67,8.288,5.4213,3.2664,6.0208,73.93,777.89,VIBRATION_FAULT,0.6277,3.14,1026.8
CRUISE,2280.41,345.27,341.73,340.92,344.46,1224.72,1211.6,1181.74,1223.39,23.16,14.98,65.06,185.7,4.3205,2.7907,1.7314,3.1333,130.63,8454.41,CRACK,0.6939,3.47,873.3
CRUISE,2298.92,322.73,334.89,317.83,319.94,1178.4,1210.85,1161.01,1200.23,21.92,15.33,58.28,189.1,4.3199,2.7604,1.7411,3.1259,127.19,8494.04,DELAMINATION,0.9344,4.67,382.8
CRUISE,2312.97,313.54,322.44,317.81,319.2,1178.03,1198.01,1169.9,1181.87,22.54,13.77,65.81,169.79,1.9124,1.3892,0.7046,1.424,133.47,8393.63,NOMINAL,0.1372,0.0,2404.5
CRUISE,2303.48,319.11,325.48,317.85,324.92,1164.08,1193.66,1167.16,1195.82,22.31,13.97,65.04,168.73,1.8417,1.2409,0.7535,1.354,131.25,8457.87,NOMINAL,0.0233,0.0,2467.4
TAXI,802.82,180.88,191.76,172.48,179.7,208.75,217.96,229.18,215.1,15.0,8.89,52.9,146.36,0.687,0.5948,0.2115,0.5387,20.62,478.2,NOMINAL,0.1083,0.0,2364.5
DESCENT,2111.66,259.89,264.82,260.71,269.54,988.07,990.53,962.98,974.54,18.03,10.71,62.66,168.61,1.5574,0.9469,0.6263,1.1127,114.05,3262.82,NOMINAL,0.1303,0.0,2384.6
TAKEOFF,2719.26,371.71,384.78,376.69,376.98,1427.91,1414.37,1403.54,1444.94,29.58,20.9,69.9,196.28,6.5258,4.2633,2.629,4.7495,76.52,739.23,VIBRATION_FAULT,0.4188,2.09,1147.8
CRUISE,2295.77,320.85,326.63,314.83,328.91,1179.43,1179.3,1163.2,1196.0,22.63,13.67,66.12,166.83,1.9915,1.1558,0.7487,1.3979,132.66,8504.78,NOMINAL,0.0501,0.0,2408.0
DESCENT,2094.56,286.44,280.04,282.45,286.67,1016.22,1027.59,1006.98,1034.7,17.98,12.1,63.06,174.93,3.4092,2.1274,1.4116,2.4591,109.35,3205.4,CRACK,0.6923,3.46,801.3
CRUISE,2310.41,320.99,321.28,318.05,324.5,1180.56,1212.68,1159.8,1183.88,21.88,14.75,62.83,172.71,2.6072,1.7338,1.1388,1.9236,129.25,8467.81,DELAMINATION,0.3188,1.59,1406.7
CLIMB,2426.8,345.77,352.25,348.39,351.42,1240.09,1295.72,1230.03,1274.01,25.41,16.03,68.09,177.07,2.3521,1.5933,0.9289,1.7257,93.76,4493.28,NOMINAL,0.0063,0.0,2400.7
DESCENT,2130.34,255.89,268.79,259.67,263.2,1025.23,1024.36,1019.25,1063.06,18.23,12.44,62.2,182.26,5.2776,3.4327,2.1465,3.8403,107.87,3204.19,VIBRATION_FAULT,0.9949,4.97,309.5
CLIMB,2439.91,349.97,358.43,342.29,339.82,1239.56,1282.47,1242.12,1275.89,24.72,16.01,68.56,178.43,2.4244,1.616,0.9811,1.775,96.01,4528.6,NOMINAL,0.1085,0.0,2375.6
CRUISE,2292.21,343.33,342.02,336.9,339.07,1216.87,1224.67,1209.92,1215.13,22.5,15.17,63.21,181.18,4.0228,2.6554,1.5387,2.9213,133.74,8508.55,CRACK,0.6186,3.09,861.5
DESCENT,2114.51,254.95,266.61,257.43,261.35,975.14,993.64,970.1,968.28,18.24,11.06,62.15,165.66,1.4579,0.9671,0.4982,1.0503,111.83,3243.2,NOMINAL,0.1444,0.0,2401.2
CLIMB,2450.16,349.38,358.27,349.46,355.93,1287.04,1280.25,1249.81,1277.8,25.16,16.77,69.99,187.29,4.9406,3.1795,1.9494,3.5739,95.19,4490.82,VIBRATION_FAULT,0.4262,2.13,1262.9
DESCENT,2103.24,259.19,268.48,258.53,263.61,987.29,986.67,971.88,1004.99,18.12,10.89,61.94,165.67,1.4394,0.8935,0.5842,1.0347,108.15,3199.43,NOMINAL,0.1452,0.0,2387.3
CLIMB,2446.68,349.91,355.39,343.59,360.65,1244.05,1280.28,1224.88,1264.47,25.12,16.96,64.83,183.11,3.4106,2.382,1.376,2.5298,96.31,4571.27,DELAMINATION,0.3104,1.55,1292.8
CLIMB,2446.77,349.7,355.37,343.44,352.68,1237.25,1279.87,1245.48,1254.08,24.89,16.58,67.04,181.26,2.4286,1.5836,0.9941,1.7696,93.55,4543.56,NOMINAL,0.0132,0.0,2413.6
TAXI,797.62,203.78,202.74,204.72,197.96,222.45,225.62,201.65,237.42,15.48,10.21,50.5,153.18,1.2545,0.7086,0.5059,0.8817,23.74,508.46,CORROSION,0.5476,2.74,945.7
CLIMB,2461.19,353.06,349.47,342.84,346.53,1274.02,1266.74,1259.37,1240.4,24.86,16.74,68.22,178.96,2.2997,1.6426,0.9989,1.7306,96.0,4472.58,NOMINAL,0.1302,0.0,2360.3
TAKEOFF,2703.89,378.98,380.22,375.82,381.45,1412.75,1391.19,1390.82,1396.13,29.88,20.21,71.9,186.45,3.1003,2.1465,1.2446,2.2926,71.11,789.1,NOMINAL,0.1457,0.0,2438.0
TAKEOFF,2696.89,384.32,388.27,371.13,379.07,1406.25,1428.16,1402.67,1424.57,29.78,20.21,73.56,184.45,3.2304,2.0604,1.2525,2.3273,75.12,772.5,NOMINAL,0.0506,0.0,2387.4
TAXI,797.72,181.57,183.94,176.03,182.49,225.43,236.4,221.03,204.79,15.93,8.24,55.48,143.31,0.8515,0.5366,0.2875,0.6043,27.68,493.44,NOMINAL,0.0678,0.0,2456.8
CRUISE,2299.63,360.07,355.82,353.44,350.18,1180.81,1200.37,1173.39,1177.08,22.67,15.09,59.4,185.61,3.539,2.3452,1.3935,2.5798,130.85,8557.41,CORROSION,0.9446,4.72,435.8
DESCENT,2112.56,261.99,268.53,258.22,266.51,976.86,999.45,955.66,974.66,17.59,10.93,63.86,162.21,1.4757,0.8974,0.57,1.0501,110.42,3172.0,NOMINAL,0.0491,0.0,2414.8
CRUISE,2300.71,323.94,324.41,315.93,317.95,1161.61,1215.34,1146.11,1217.94,22.68,14.2,65.69,169.55,1.9314,1.2237,0.7877,1.3962,129.92,8461.99,NOMINAL,0.057,0.0,2453.0
CLIMB,2427.05,351.39,361.3,348.71,349.89,1230.96,1266.39,1236.09,1248.37,25.14,17.05,68.27,178.29,2.325,1.6438,0.9562,1.7342,93.55,4502.55,NOMINAL,0.1205,0.0,2391.5
LAND,996.59,250.08,250.69,243.0,251.83,617.35,623.37,626.17,635.83,15.32,10.27,57.33,173.02,2.1608,1.462,0.8517,1.5845,50.56,550.49,CRACK,0.8192,4.1,563.3
CRUISE,2314.7,333.27,326.69,325.28,333.94,1159.78,1201.77,1167.97,1194.97,22.31,13.89,60.97,175.66,2.3589,1.4941,0.8815,1.6906,125.94,8522.53,CORROSION,0.2167,1.08,1468.1
TAXI,786.79,184.23,189.32,182.7,185.39,220.4,230.54,216.42,242.37,15.23,8.93,56.01,146.34,0.8395,0.6515,0.4726,0.6714,24.35,569.07,CORROSION,0.1919,0.96,1496.1
CRUISE,2294.25,322.2,322.8,316.28,327.54,1185.08,1219.9,1163.94,1191.48,22.15,14.28,65.94,173.29,2.8309,1.7313,1.1043,2.0191,128.68,8514.47,VIBRATION_FAULT,0.1753,0.88,1928.6
DESCENT,2087.15,258.15,264.55,256.56,263.44,990.31,989.09,950.96,1017.5,17.72,11.51,62.04,166.1,1.5975,1.0154,0.6623,1.1578,108.9,3246.65,CRACK,0.0362,0.5,2228.1
DESCENT,2093.91,259.17,261.84,254.76,258.37,995.76,998.61,970.05,987.3,18.05,13.12,55.32,178.05,3.2014,1.9018,1.2668,2.2709,109.07,3160.31,DELAMINATION,0.79,3.95,588.8
TAXI,806.09,180.19,179.69,173.74,171.89,223.52,241.4,198.48,236.48,14.88,8.21,55.5,143.76,0.795,0.4862,0.2995,0.5651,24.08,471.73,NOMINAL,0.1445,0.0,2435.7
CRUISE,2281.59,323.19,327.75,324.01,318.35,1177.49,1196.46,1179.87,1183.91,22.21,14.36,64.62,171.58,1.961,1.2332,0.7513,1.406,129.02,8499.39,NOMINAL,0.0764,0.0,2445.4
DESCENT,2088.07,259.89,259.14,263.21,257.82,979.52,1012.02,957.65,962.37,17.89,10.94,59.27,165.51,1.5166,1.0435,0.544,1.1083,106.0,3183.73,NOMINAL,0.0803,0.0,2385.8
TAXI,833.08,184.25,186.97,178.8,179.76,245.09,239.86,236.44,251.83,15.63,9.12,55.11,153.73,1.6866,1.0718,0.7541,1.2331,22.55,446.88,VIBRATION_FAULT,0.4615,2.31,1357.8
CRUISE,2303.39,317.52,323.26,319.08,324.12,1195.73,1182.97,1161.97,1193.37,22.27,14.19,66.47,168.95,1.9031,1.3223,0.85,1.4251,131.86,8523.74,NOMINAL,0.0261,0.0,2424.6
TAKEOFF,2692.86,375.52,379.92,369.18,384.03,1401.77,1412.19,1384.02,1412.53,29.76,19.7,73.1,185.55,3.2213,2.1303,1.2393,2.3417,78.03,794.4,NOMINAL,0.1392,0.0,2374.9
DESCENT,2103.92,266.32,270.64,262.53,270.43,995.81,1004.58,960.74,1003.92,18.18,12.16,63.29,164.78,1.9853,1.3951,0.8228,1.4793,110.82,3236.01,CRACK,0.1774,0.89,1890.0
TAKEOFF,2709.94,376.76,390.51,374.52,382.91,1383.19,1426.64,1405.36,1403.82,29.52,20.18,73.75,182.39,3.1115,2.0527,1.239,2.2679,72.96,716.24,NOMINAL,0.0014,0.0,2427.3
DESCENT,2120.17,257.37,270.08,253.99,262.63,969.97,1024.57,964.45,991.52,17.83,11.76,64.26,167.94,1.5765,0.9375,0.6414,1.1219,109.98,3252.5,NOMINAL,0.0587,0.0,2470.3
TAXI,811.37,182.39,176.29,178.8,180.49,209.37,227.88,206.38,235.76,14.86,8.56,55.69,148.35,0.7139,0.499,0.3331,0.5384,27.87,487.83,NOMINAL,0.1177,0.0,2417.5
CRUISE,2283.07,315.89,324.15,318.7,315.36,1182.04,1210.4,1165.66,1185.57,22.6,13.94,66.67,168.0,1.8959,1.2473,0.7411,1.3783,122.82,8493.56,NOMINAL,0.0277,0.0,2416.7
DESCENT,2104.74,257.99,267.24,256.43,258.58,969.29,1002.26,965.35,979.92,17.77,11.11,63.88,164.05,1.4989,0.9811,0.5434,1.0808,105.59,3158.93,NOMINAL,0.0915,0.0,2375.7
TAXI,808.43,214.06,212.59,210.98,215.44,257.14,258.39,272.61,257.35,15.8,9.97,55.42,160.89,2.1621,1.3961,0.8478,1.5645,26.58,482.02,CRACK,0.9634,4.82,380.5
CRUISE,2296.45,320.53,327.33,322.34,321.71,1170.05,1182.8,1167.3,1184.62,23.0,14.53,63.76,168.72,1.9059,1.3188,0.7629,1.4087,128.38,8497.64,NOMINAL,0.129,0.0,2373.0
CLIMB,2463.94,347.31,350.94,346.33,350.74,1256.14,1271.81,1237.62,1259.27,24.82,16.53,69.06,176.25,2.3996,1.6223,0.9853,1.7664,98.27,4477.27,NOMINAL,0.0247,0.0,2394.3
CLIMB,2454.35,354.79,360.16,347.88,354.68,1247.7,1253.37,1239.41,1271.79,25.16,16.75,67.49,177.52,2.4387,1.5272,0.9342,1.7466,95.74,4530.44,NOMINAL,0.0431,0.0,2468.6
CRUISE,2302.3,323.77,330.16,319.23,325.56,1183.63,1214.71,1190.2,1179.49,22.44,14.14,64.68,174.73,2.2034,1.3722,0.904,1.5869,130.68,8512.17,CRACK,0.0835,0.5,1939.9
CRUISE,2298.02,324.57,325.68,308.16,320.26,1191.91,1204.55,1157.92,1183.22,22.4,13.8,62.56,171.37,2.0006,1.1439,0.8222,1.4127,129.74,8549.01,NOMINAL,0.0707,0.0,2375.6
CRUISE,2314.34,316.08,324.59,317.83,320.22,1189.33,1214.51,1180.15,1166.77,22.53,14.31,63.42,171.3,1.9534,1.1623,0.8017,1.3916,130.68,8526.02,NOMINAL,0.1014,0.0,2405.9
TAKEOFF,2701.69,383.85,386.89,375.78,381.34,1388.69,1415.34,1393.06,1404.78,29.99,20.16,72.38,186.6,3.1579,2.1196,1.2607,2.3133,75.85,774.17,NOMINAL,0.0691,0.0,2420.0
TAXI,777.38,178.96,180.38,178.73,185.68,209.63,243.14,218.79,240.83,15.25,8.72,54.22,145.15,0.7626,0.476,0.3218,0.5513,25.87,546.54,NOMINAL,0.0019,0.0,2487.8
TAXI,831.26,189.41,179.66,173.59,187.16,249.24,272.05,250.91,285.38,14.92,9.87,57.1,155.22,2.201,1.332,0.8569,1.5656,24.36,403.89,VIBRATION_FAULT,0.6692,3.35,930.3
LAND,1027.49,246.4,246.45,243.98,243.88,590.69,621.38,587.8,628.89,15.19,9.65,57.2,168.02,2.1052,1.4331,0.813,1.5434,46.2,709.23,CRACK,0.7436,3.72,711.4
LAND,989.37,220.94,226.36,208.43,221.94,592.91,593.21,560.17,573.47,15.04,9.05,57.78,156.39,1.0225,0.6403,0.3329,0.7226,45.36,575.41,NOMINAL,0.0131,0.0,2426.4
TAKEOFF,2689.34,378.93,391.32,374.28,383.79,1397.98,1432.72,1401.89,1424.11,29.37,20.16,72.91,185.69,3.2509,2.0835,1.2428,2.3419,70.76,774.18,NOMINAL,0.0684,0.0,2425.7
CRUISE,2276.49,322.56,328.99,320.51,323.65,1190.15,1220.08,1159.05,1178.67,22.23,13.92,66.72,170.95,1.9391,1.1258,0.7253,1.3606,125.41,8546.85,NOMINAL,0.0185,0.0,2433.0
CRUISE,2296.96,328.86,333.11,328.91,333.97,1196.79,1194.16,1205.03,1205.05,22.32,14.89,63.58,173.81,3.2828,2.1811,1.2493,2.3871,129.89,8454.13,CRACK,0.3746,1.87,1204.6
CRUISE,2300.27,318.73,319.69,314.76,321.67,1201.96,1214.32,1201.9,1188.81,22.13,14.73,62.55,177.25,3.6306,2.5156,1.5025,2.6936,129.45,8549.11,VIBRATION_FAULT,0.3842,1.92,1305.7
CLIMB,2434.86,346.97,356.21,347.73,355.36,1228.1,1265.94,1224.7,1257.54,25.58,16.59,69.08,181.53,2.4902,1.5331,0.8962,1.7659,94.92,4477.29,NOMINAL,0.0086,0.0,2442.5
CLIMB,2485.02,356.19,354.73,346.98,349.67,1305.95,1298.34,1278.5,1300.76,25.1,17.94,69.26,191.76,7.7893,5.1453,3.1064,5.6803,95.6,4403.21,VIBRATION_FAULT,0.9095,4.55,467.0
CRUISE,2314.33,353.15,354.91,358.98,356.97,1177.55,1196.38,1180.04,1218.0,22.55,16.06,56.86,189.37,3.6652,2.3005,1.3935,2.6247,132.86,8478.74,CORROSION,0.9807,4.9,320.1
CLIMB,2443.88,353.0,357.8,348.5,353.47,1243.32,1276.68,1252.72,1267.41,25.11,16.28,68.25,176.68,2.4513,1.4962,0.8996,1.7375,94.52,4478.06,VIBRATION_FAULT,0.0089,0.5,1805.7
DESCENT,2102.89,262.13,264.38,255.23,267.09,983.65,998.38,973.33,991.32,17.82,11.01,61.08,167.87,1.7208,1.142,0.7435,1.2673,109.3,3225.33,VIBRATION_FAULT,0.0723,0.5,1921.9
CLIMB,2430.16,388.48,380.42,384.86,382.87,1310.99,1328.51,1281.25,1296.27,25.05,17.64,68.94,197.14,6.674,4.3232,2.7202,4.8522,92.11,4502.61,CRACK,0.979,4.89,375.1
CLIMB,2454.02,346.68,353.81,346.05,355.34,1237.61,1257.7,1251.51,1256.72,24.81,16.72,67.41,179.85,2.3469,1.5504,1.0072,1.7249,94.43,4530.24,NOMINAL,0.0426,0.0,2387.6
TAXI,818.83,192.64,201.65,192.15,198.23,245.51,242.62,250.33,254.66,15.13,9.11,55.17,154.62,1.5011,0.8123,0.6053,1.0455,21.4,491.62,CRACK,0.4938,2.47,1149.2
CLIMB,2464.82,348.88,354.61,347.69,350.7,1275.25,1264.72,1242.38,1271.65,25.4,16.28,67.5,180.29,2.4648,1.6245,0.8916,1.7804,98.87,4469.54,NOMINAL,0.1151,0.0,2436.9
DESCENT,2079.07,260.42,260.66,252.03,261.24,948.33,1007.35,939.08,989.07,18.0,11.36,61.95,168.63,1.5173,1.0382,0.5638,1.1103,110.3,3261.9,NOMINAL,0.0552,0.0,2381.7
TAKEOFF,2697.15,380.67,389.43,373.4,374.43,1403.07,1429.86,1371.78,1418.04,29.97,19.42,70.88,184.29,3.1856,2.0354,1.2401,2.297,79.18,795.7,NOMINAL,0.1155,0.0,2409.3
TAXI,839.44,180.18,185.28,173.72,179.68,259.96,275.06,252.63,277.14,15.55,10.01,54.56,159.63,2.8117,1.6753,1.1166,1.9966,26.6,490.53,VIBRATION_FAULT,0.9427,4.71,383.8
CRUISE,2286.93,344.22,345.95,345.29,344.31,1160.48,1191.64,1170.7,1200.1,22.35,15.72,57.06,181.72,3.1036,2.0096,1.1825,2.2412,131.12,8514.84,CORROSION,0.7077,3.54,757.5
LAND,1000.58,221.16,224.52,210.34,219.49,581.88,599.95,568.5,596.58,15.35,8.81,58.69,154.85,0.8005,0.5273,0.4015,0.6,48.48,647.01,NOMINAL,0.1427,0.0,2430.2
CRUISE,2307.42,319.27,328.2,311.56,319.57,1166.99,1203.63,1176.57,1188.15,22.28,14.74,60.42,177.55,3.2542,2.0521,1.2125,2.3289,126.64,8435.87,DELAMINATION,0.4989,2.49,1279.4
LAND,1034.5,217.93,227.42,210.47,226.83,593.92,609.68,595.45,597.66,15.51,9.73,57.77,162.62,2.3572,1.462,1.0111,1.7045,42.99,638.32,VIBRATION_FAULT,0.5771,2.89,1003.9
DESCENT,2148.17,258.58,264.74,243.85,263.43,1008.72,1022.63,1009.24,1025.77,18.11,12.54,62.85,183.34,4.8176,3.1219,1.9867,3.5073,112.59,3229.62,VIBRATION_FAULT,0.8926,4.46,521.1
TAKEOFF,2693.13,393.04,403.51,387.8,396.42,1387.72,1405.64,1379.01,1424.61,30.01,20.83,69.05,192.79,4.6567,3.141,1.93,3.4291,73.85,754.58,CORROSION,0.5391,2.7,1253.5
DESCENT,2143.92,253.98,263.91,256.8,268.31,1022.31,1030.16,1006.42,1030.76,18.03,11.85,62.95,180.32,4.3927,2.8155,1.6836,3.1653,104.23,3206.28,VIBRATION_FAULT,0.7542,3.77,837.3
DESCENT,2109.79,284.74,289.81,286.74,283.02,1023.84,1016.57,1017.34,1006.56,17.69,12.59,63.13,179.0,3.4357,2.0852,1.3677,2.451,111.14,3178.61,CRACK,0.7143,3.57,867.8
CLIMB,2449.28,351.59,358.71,342.49,352.68,1265.84,1289.83,1238.48,1257.14,25.07,16.57,69.66,176.21,2.3776,1.493,0.9094,1.7038,95.94,4532.39,NOMINAL,0.1258,0.0,2373.1
CLIMB,2450.84,367.77,368.5,364.16,374.38,1260.41,1302.62,1261.88,1277.51,24.96,17.15,69.12,191.56,4.8173,3.1395,1.9398,3.5036,96.35,4493.86,CRACK,0.5717,2.86,1105.7
CRUISE,2318.24,325.23,330.54,321.81,326.49,1169.93,1189.02,1180.87,1217.12,22.35,14.11,67.04,171.59,2.4477,1.6276,0.9991,1.7924,125.63,8494.88,CRACK,0.199,0.99,1603.3
CRUISE,2320.13,320.65,326.69,313.16,327.25,1225.15,1233.41,1216.38,1198.26,22.73,15.1,63.16,180.48,4.7894,3.1986,1.9431,3.5093,127.84,8567.82,VIBRATION_FAULT,0.6036,3.02,856.8
CRUISE,2298.68,321.74,324.65,317.47,318.97,1178.31,1201.8,1170.28,1170.73,22.39,14.5,64.41,170.03,1.8931,1.3291,0.8245,1.4177,132.02,8461.07,NOMINAL,0.0675,0.0,2465.5
TAKEOFF,2691.62,402.81,412.65,403.39,410.92,1411.97,1422.89,1393.43,1393.19,29.85,21.63,66.91,198.57,5.4645,3.4518,2.1,3.9237,75.38,830.66,CORROSION,0.7387,3.69,776.3
CLIMB,2463.28,352.24,363.49,343.37,354.91,1237.79,1248.62,1213.57,1266.46,25.05,16.36,65.87,176.76,2.4003,1.6076,0.9592,1.7575,95.63,4484.95,NOMINAL,0.1343,0.0,2408.7
CRUISE,2306.51,316.36,326.48,316.58,319.57,1183.96,1185.91,1154.6,1191.2,22.09,13.36,65.64,171.89,1.8627,1.1949,0.8103,1.3606,127.14,8445.47,NOMINAL,0.0239,0.0,2440.5
LAND,1012.78,216.1,223.97,220.0,226.69,590.16,600.1,569.98,585.33,15.9,8.62,57.61,155.07,1.0259,0.5768,0.4304,0.7235,45.28,669.79,CORROSION,0.1026,0.51,1689.5
TAXI,796.63,181.49,183.27,174.99,182.37,201.67,220.99,215.2,228.25,15.05,8.28,54.16,145.2,0.8356,0.3945,0.3906,0.5792,28.35,406.77,NOMINAL,0.0249,0.0,2421.0
CRUISE,2312.18,319.16,327.92,323.77,322.88,1169.0,1193.97,1158.53,1195.2,22.3,13.86,63.46,169.76,1.9141,1.0739,0.773,1.3435,129.89,8469.4,NOMINAL,0.075,0.0,2415.8
CRUISE,2314.93,329.33,334.36,326.94,322.68,1190.42,1204.0,1200.36,1205.4,22.43,14.35,66.23,174.23,2.7103,1.7815,1.1535,1.9875,131.24,8501.77,CRACK,0.2533,1.27,1405.9
CRUISE,2296.46,324.71,322.23,313.59,317.61,1162.35,1195.76,1160.59,1211.14,22.43,14.39,66.16,169.62,2.0688,1.2511,0.8357,1.4769,133.49,8516.59,NOMINAL,0.0563,0.0,2403.7
DESCENT,2112.89,265.34,263.48,257.85,262.53,978.59,1002.27,970.62,996.5,18.36,11.44,62.37,168.36,1.5888,0.9695,0.5391,1.1187,107.53,3237.33,NOMINAL,0.021,0.0,2471.9
CLIMB,2460.21,349.45,351.2,346.11,352.78,1244.25,1281.87,1232.95,1273.3,25.15,16.78,66.68,178.18,2.3958,1.4747,1.0153,1.7268,92.96,4475.62,NOMINAL,0.0322,0.0,2418.4
CLIMB,2462.53,351.88,358.49,348.66,348.68,1267.22,1262.48,1237.2,1256.01,25.12,16.34,68.08,175.78,2.4932,1.6002,0.9454,1.7954,93.83,4525.79,NOMINAL,0.0397,0.0,2427.4
TAXI,813.94,177.16,187.29,177.11,181.66,213.95,252.58,200.83,208.26,15.36,8.14,55.83,147.4,0.8504,0.5843,0.421,0.6434,27.42,513.22,NOMINAL,0.1498,0.0,2385.1
CRUISE,2347.71,318.28,321.26,314.06,324.46,1219.75,1222.01,1220.13,1206.4,22.54,15.47,65.66,184.87,5.6223,3.5674,2.1651,4.0424,132.97,8546.84,VIBRATION_FAULT,0.7567,3.78,707.6
LAND,1013.36,223.77,221.41,219.04,223.41,567.74,583.53,572.48,585.23,15.95,9.09,58.57,155.94,1.0065,0.6358,0.385,0.7224,42.55,722.48,NOMINAL,0.0751,0.0,2431.7
TAKEOFF,2701.81,382.68,379.91,379.9,379.17,1398.21,1429.18,1391.14,1413.98,30.0,20.23,71.59,184.7,3.217,2.0263,1.3298,2.3254,75.72,802.99,NOMINAL,0.0416,0.0,2437.9
DESCENT,2104.12,261.08,263.67,255.38,259.69,971.54,977.24,965.23,969.57,17.88,11.02,63.26,163.17,1.4391,0.9521,0.571,1.0494,113.42,3154.46,NOMINAL,0.0503,0.0,2474.9
CLIMB,2460.57,348.67,349.29,345.47,356.73,1253.39,1270.84,1225.24,1246.01,25.0,16.29,67.76,179.12,2.8917,1.7677,1.1378,2.0641,92.04,4407.12,DELAMINATION,0.1469,0.73,1928.0
CRUISE,2295.03,350.02,352.04,346.4,342.33,1212.86,1245.63,1213.73,1185.07,22.13,15.04,66.24,183.5,4.6419,2.9308,1.7248,3.3222,128.77,8513.8,CRACK,0.777,3.89,635.8
LAND,995.79,229.4,221.68,218.31,214.66,590.37,587.29,572.83,574.5,15.57,8.53,57.14,155.8,0.8656,0.6078,0.3505,0.6433,45.17,617.8,NOMINAL,0.0852,0.0,2453.8
CLIMB,2451.39,347.04,357.41,347.64,353.82,1238.27,1259.81,1229.88,1255.67,25.13,17.14,65.51,187.05,3.6895,2.3539,1.3946,2.6519,93.21,4489.53,DELAMINATION,0.3674,1.84,1412.5
LAND,992.13,217.43,225.76,219.11,227.57,577.53,597.46,553.43,613.27,15.15,9.15,57.56,153.92,0.8112,0.7296,0.3711,0.6653,45.05,635.47,NOMINAL,0.0437,0.0,2433.5
TAXI,814.4,179.23,180.56,174.94,182.87,209.28,228.22,201.44,244.65,15.08,8.93,54.26,145.59,0.7643,0.5652,0.2641,0.5696,26.86,504.55,NOMINAL,0.0827,0.0,2430.3
TAXI,818.41,180.48,183.54,171.78,183.77,222.35,246.34,190.45,215.93,15.49,8.6,55.64,143.27,0.7215,0.5795,0.3719,0.5758,22.28,448.83,NOMINAL,0.124,0.0,2445.6
CRUISE,2294.38,315.96,322.17,317.04,321.81,1185.82,1178.21,1168.12,1214.91,22.41,14.25,65.98,171.56,1.9133,1.269,0.795,1.4027,131.59,8455.3,NOMINAL,0.0515,0.0,2439.6
CRUISE,2296.76,353.42,347.21,353.71,348.45,1174.09,1187.97,1145.38,1192.75,22.93,15.32,55.61,187.52,3.3014,2.1579,1.3606,2.4088,130.31,8459.65,CORROSION,0.8956,4.48,552.5
CLIMB,2472.91,352.83,355.24,349.01,353.63,1256.08,1270.13,1227.06,1247.66,24.98,17.53,61.92,190.62,4.7796,2.8939,1.8744,3.4025,94.84,4518.03,DELAMINATION,0.6587,3.29,865.8
TAXI,781.75,179.18,181.04,178.29,175.47,232.34,243.15,213.2,204.03,15.12,8.85,54.38,143.06,0.7491,0.5159,0.2774,0.549,28.08,497.41,NOMINAL,0.1038,0.0,2439.0
CLIMB,2440.49,342.17,357.44,345.35,353.18,1273.49,1267.68,1231.83,1246.23,24.92,17.78,61.47,195.93,5.2073,3.3507,2.0316,3.7626,95.67,4463.72,DELAMINATION,0.8236,4.12,700.8
CRUISE,2273.78,324.0,327.41,317.5,316.54,1196.56,1192.42,1164.53,1177.17,22.05,14.35,66.54,169.7,1.8456,1.2124,0.7425,1.3451,127.0,8488.31,NOMINAL,0.0532,0.0,2392.1
CRUISE,2304.24,319.1,330.8,321.0,327.13,1173.26,1221.88,1172.21,1209.52,22.37,13.91,65.33,170.27,2.0004,1.2211,0.8182,1.4332,131.83,8491.46,NOMINAL,0.0754,0.0,2446.6
DESCENT,2108.08,253.82,265.21,255.7,267.28,971.69,1013.7,953.85,1006.16,17.88,11.22,61.6,167.31,1.587,1.0016,0.5424,1.1278,108.21,3158.86,NOMINAL,0.0771,0.0,2416.4
CRUISE,2317.95,318.33,323.06,315.21,318.04,1184.13,1193.52,1161.91,1182.87,22.47,14.03,64.38,169.35,1.8935,1.2241,0.7616,1.374,128.31,8540.18,NOMINAL,0.0256,0.0,2486.4
CRUISE,2279.19,321.19,322.43,319.27,321.15,1189.36,1190.44,1168.84,1204.52,22.43,13.82,65.79,171.14,1.8561,1.1159,0.7295,1.3194,131.69,8469.0,NOMINAL,0.1461,0.0,2440.1
CRUISE,2308.08,311.7,326.88,311.85,324.13,1188.57,1195.94,1165.96,1180.32,22.16,14.51,63.96,172.82,1.8312,1.2665,0.7031,1.3481,131.31,8486.98,NOMINAL,0.0502,0.0,2391.6
CLIMB,2459.14,345.99,357.81,349.41,350.69,1264.19,1273.78,1229.65,1276.82,24.71,16.39,67.75,179.09,2.4892,1.6232,0.9712,1.805,94.3,4426.96,NOMINAL,0.0617,0.0,2414.9
CRUISE,2313.74,320.73,329.25,317.9,327.14,1183.55,1205.96,1159.31,1197.04,22.4,13.86,66.07,171.62,2.0351,1.3324,0.8059,1.4794,125.7,8573.11,NOMINAL,0.0495,0.0,2453.8
DESCENT,2107.42,255.39,263.17,258.48,265.76,983.91,994.57,942.62,987.49,18.13,11.1,61.97,164.67,1.4743,0.9796,0.5864,1.0765,113.61,3111.74,NOMINAL,0.1039,0.0,2443.6
CLIMB,2469.47,390.61,380.32,383.17,383.09,1288.69,1309.33,1293.04,1290.63,24.93,17.65,69.24,198.8,6.5897,4.2772,2.6357,4.7842,97.96,4546.43,CRACK,0.9653,4.83,420.2
CLIMB,2457.83,346.02,360.24,352.07,356.08,1235.05,1244.36,1246.5,1250.88,25.07,16.96,67.21,177.32,2.4221,1.4821,0.9221,1.7237,95.06,4487.98,NOMINAL,0.0408,0.0,2399.6
LAND,1001.19,217.05,230.96,210.44,217.14,572.86,594.61,560.57,589.62,15.57,9.12,58.11,153.99,0.9812,0.5359,0.2784,0.6652,48.01,645.67,NOMINAL,0.0772,0.0,2439.5
TAKEOFF,2720.78,386.95,393.22,383.81,386.04,1419.42,1431.43,1412.97,1410.26,29.37,20.61,72.42,186.78,3.9199,2.7137,1.5436,2.8933,72.87,803.41,CRACK,0.1283,0.64,1590.9
TAKEOFF,2707.89,375.55,392.9,375.93,379.07,1387.05,1428.04,1390.87,1414.14,30.12,19.86,73.64,184.07,3.3731,2.1159,1.234,2.4068,69.94,832.36,NOMINAL,0.0817,0.0,2378.2
TAXI,809.19,183.54,190.28,171.89,186.99,213.05,210.93,193.86,232.62,14.96,8.47,55.41,144.67,0.7605,0.445,0.3211,0.5414,19.84,472.56,NOMINAL,0.0085,0.0,2456.7
TAKEOFF,2719.0,390.61,404.59,389.24,395.67,1406.13,1447.33,1381.49,1388.44,30.17,20.47,68.25,190.45,4.366,2.8061,1.7917,3.17,75.2,772.76,CORROSION,0.4148,2.07,1373.8
DESCENT,2102.22,264.87,266.43,253.23,261.28,989.65,988.75,962.72,987.34,17.71,10.97,62.21,167.16,1.5254,0.9722,0.5584,1.093,112.74,3217.34,NOMINAL,0.0518,0.0,2402.2
CLIMB,2461.07,347.15,355.65,344.28,361.22,1262.6,1274.59,1251.13,1282.15,24.98,16.51,69.01,179.92,3.0605,1.9691,1.3349,2.238,95.33,4476.42,VIBRATION_FAULT,0.1243,0.62,2069.4
CLIMB,2453.91,354.23,360.0,344.04,356.44,1252.56,1282.89,1244.88,1241.74,25.44,16.52,68.69,175.58,2.4404,1.6262,1.0568,1.7997,98.5,4522.17,NOMINAL,0.0664,0.0,2422.8
CLIMB,2435.4,352.07,356.43,347.17,352.64,1252.38,1274.24,1212.82,1235.09,24.92,16.56,68.23,178.13,2.7468,1.7925,1.0617,1.9904,97.53,4507.08,CRACK,0.0801,0.5,1955.8
LAND,1025.24,222.09,224.29,218.87,216.27,581.44,601.83,569.57,585.99,15.25,8.56,58.12,153.0,1.0416,0.4265,0.3438,0.6795,45.28,620.3,NOMINAL,0.0147,0.0,2421.6
CLIMB,2457.45,353.64,351.09,355.26,348.86,1234.25,1274.03,1233.82,1254.05,25.15,16.04,65.96,176.92,2.4862,1.5268,1.04,1.7883,98.0,4511.32,NOMINAL,0.0355,0.0,2406.3
DESCENT,2097.0,256.26,258.26,259.86,262.55,980.07,1002.78,958.06,977.99,17.93,11.61,60.6,160.27,1.4583,1.0436,0.5134,1.0769,107.05,3210.54,NOMINAL,0.1038,0.0,2413.9
CRUISE,2314.46,317.82,320.33,317.52,324.15,1201.34,1205.88,1177.94,1186.85,23.11,13.88,64.27,173.26,1.7821,1.1242,0.766,1.2944,130.0,8490.88,NOMINAL,0.0315,0.0,2459.6
CRUISE,2289.31,319.78,328.98,323.42,324.03,1149.87,1197.54,1168.6,1201.23,22.55,14.38,65.47,172.81,1.8649,1.2437,0.8013,1.3744,128.57,8468.4,NOMINAL,0.0877,0.0,2447.2
CLIMB,2431.33,356.52,353.46,346.7,346.79,1251.13,1259.37,1219.24,1276.04,25.3,16.47,69.2,181.43,2.4603,1.5888,0.9699,1.7812,96.62,4485.44,NOMINAL,0.0833,0.0,2463.9
CLIMB,2444.31,357.69,363.17,359.89,356.11,1259.11,1277.5,1247.43,1250.32,24.58,17.05,66.18,184.42,2.8973,1.9653,1.2341,2.1432,94.76,4516.68,CORROSION,0.2562,1.28,1432.8
CRUISE,2300.27,314.89,323.59,309.77,326.52,1189.17,1191.98,1150.98,1180.0,22.34,14.9,60.49,182.77,3.3742,2.1388,1.314,2.4281,129.94,8470.85,DELAMINATION,0.5751,2.88,929.4
CLIMB,2445.47,352.51,354.02,347.48,353.16,1251.7,1254.39,1252.76,1286.65,25.0,16.19,68.03,179.78,2.3508,1.5523,0.977,1.7215,98.01,4531.02,NOMINAL,0.1213,0.0,2373.3
LAND,1004.82,217.47,228.96,220.03,223.94,575.59,595.56,589.68,585.79,15.76,8.9,57.6,152.58,0.9169,0.5905,0.4503,0.6812,42.85,691.79,NOMINAL,0.1288,0.0,2368.8
DESCENT,2105.68,266.97,265.53,264.98,266.59,992.57,999.04,963.19,995.62,18.05,10.94,62.95,168.69,1.7262,1.0986,0.6987,1.2483,110.06,3189.43,CRACK,0.1054,0.53,2148.4
CLIMB,2417.33,353.3,356.05,349.67,348.02,1250.29,1270.58,1231.26,1241.36,25.44,16.92,67.54,178.92,2.3612,1.5003,1.0514,1.7255,90.86,4488.58,NOMINAL,0.0516,0.0,2405.4
CRUISE,2299.97,320.07,325.2,318.17,317.07,1175.1,1203.75,1176.15,1191.79,22.43,13.96,65.89,170.06,1.8167,1.161,0.6855,1.3061,133.64,8532.3,NOMINAL,0.0894,0.0,2455.4
TAXI,806.87,178.41,183.99,179.83,188.67,224.37,259.81,222.3,237.92,15.58,8.85,55.36,149.64,1.1354,0.8399,0.478,0.8608,21.45,479.31,VIBRATION_FAULT,0.2327,1.16,1814.4
CLIMB,2437.23,347.26,356.84,341.38,349.71,1230.03,1279.04,1234.38,1259.81,25.23,16.28,67.62,176.11,2.3166,1.5056,0.9359,1.6842,94.04,4511.55,CORROSION,0.0006,0.5,2145.7
TAKEOFF,2705.82,378.36,383.18,376.3,381.29,1402.64,1436.84,1388.82,1402.33,29.58,19.84,70.24,186.68,3.0213,2.1093,1.2366,2.244,73.72,764.08,NOMINAL,0.1364,0.0,2398.5
DESCENT,2101.96,255.82,265.23,253.4,260.24,978.86,996.39,972.95,996.69,17.97,12.29,56.18,178.99,2.8104,1.928,1.0684,2.0621,109.05,3186.76,DELAMINATION,0.6455,3.23,1054.4
LAND,985.01,238.01,238.61,244.7,242.74,566.99,592.68,582.18,586.66,15.42,9.5,51.77,168.39,1.5405,0.8552,0.6329,1.0809,43.78,621.35,CORROSION,0.6254,3.13,957.0
DESCENT,2096.06,262.8,262.12,260.01,262.5,973.07,990.75,951.4,983.57,17.93,10.88,61.95,165.85,1.4829,1.0148,0.5596,1.0866,112.51,3204.87,NOMINAL,0.0165,0.0,2438.4
CRUISE,2297.05,322.08,330.64,313.72,323.33,1178.37,1205.42,1186.11,1187.12,22.08,14.22,64.0,169.74,1.963,1.2528,0.7549,1.4134,128.56,8384.0,NOMINAL,0.0249,0.0,2455.5
LAND,993.51,223.73,230.03,215.23,226.18,573.34,599.92,574.86,599.42,15.66,8.7,59.31,154.78,0.8545,0.5517,0.457,0.6438,43.15,651.67,NOMINAL,0.1143,0.0,2393.7
TAKEOFF,2692.15,376.74,385.59,381.83,378.91,1368.94,1418.72,1399.39,1397.83,30.01,20.61,67.46,196.18,5.5497,3.68,2.3186,4.0709,76.18,771.17,DELAMINATION,0.5457,2.73,1139.4
CRUISE,2277.67,323.02,324.0,316.69,325.53,1173.4,1178.25,1186.07,1203.98,22.48,15.72,56.75,187.73,4.483,2.9017,1.8158,3.2565,126.98,8489.94,DELAMINATION,0.9754,4.88,374.6
CRUISE,2307.56,320.31,332.94,326.65,330.25,1188.82,1208.88,1181.83,1178.57,22.55,14.18,64.15,178.01,2.6722,1.6028,1.0461,1.8977,133.65,8440.15,CRACK,0.1965,0.98,1962.6
CRUISE,2311.38,321.33,329.91,321.28,321.13,1248.13,1199.98,1218.01,1207.35,22.52,14.99,65.61,183.49,5.4544,3.5427,2.3048,3.9839,131.11,8431.91,VIBRATION_FAULT,0.7622,3.81,692.6
LAND,1031.78,216.99,225.9,214.09,224.09,602.33,615.93,594.9,611.33,15.93,10.27,58.45,163.86,1.9027,1.2741,0.8058,1.4015,43.21,575.6,VIBRATION_FAULT,0.5024,2.51,1183.5
DESCENT,2114.13,259.26,264.18,250.47,261.79,973.38,1018.21,990.13,975.18,17.72,11.12,61.02,165.39,1.4739,0.9918,0.6508,1.0923,107.34,3239.81,NOMINAL,0.0865,0.0,2404.5
CRUISE,2288.44,315.96,329.06,315.89,325.24,1206.45,1188.76,1153.24,1192.31,22.79,13.72,65.04,172.47,1.7694,1.2491,0.733,1.3201,130.31,8528.39,NOMINAL,0.1137,0.0,2444.8
CRUISE,2303.95,322.94,326.88,318.83,320.61,1170.79,1207.16,1181.53,1179.03,22.36,14.56,63.69,178.33,2.8751,1.9321,1.1801,2.1128,127.07,8495.81,DELAMINATION,0.4064,2.03,1548.3
CLIMB,2445.11,355.15,354.73,346.17,351.79,1243.94,1268.95,1238.78,1260.96,24.79,16.44,68.91,177.68,2.4129,1.57,0.9809,1.7559,96.4,4493.03,NOMINAL,0.0305,0.0,2461.0
CLIMB,2457.79,379.63,376.86,373.28,372.68,1275.19,1309.33,1278.0,1307.1,24.95,17.45,66.69,190.72,5.8196,3.644,2.3883,4.1972,92.9,4530.0,CRACK,0.7653,3.83,624.4
CLIMB,2436.1,344.11,356.42,343.78,357.9,1262.0,1288.37,1229.83,1261.63,24.34,16.42,68.12,178.28,2.3966,1.564,0.8243,1.7194,95.64,4519.34,NOMINAL,0.0252,0.0,2432.3
DESCENT,2071.71,274.19,276.11,273.47,268.7,995.84,995.0,971.83,992.68,18.32,11.33,58.48,175.29,2.109,1.3188,0.8165,1.5115,109.02,3171.16,CORROSION,0.4569,2.28,1368.6
CRUISE,2305.52,319.39,321.35,315.79,321.65,1191.71,1186.33,1179.79,1188.83,22.22,13.61,67.32,169.71,1.9749,1.1325,0.8919,1.4117,132.23,8489.78,NOMINAL,0.0249,0.0,2401.3
CLIMB,2450.13,384.41,375.86,380.39,375.43,1303.6,1292.33,1274.76,1292.19,25.04,17.83,66.59,191.62,6.4102,4.1279,2.5488,4.6413,94.6,4517.2,CRACK,0.9269,4.63,446.9
LAND,996.15,220.09,224.81,210.25,225.82,590.84,621.86,595.37,575.89,15.42,9.55,57.95,155.44,0.7783,0.594,0.4566,0.6237,48.22,575.6,NOMINAL,0.1216,0.0,2437.4
CLIMB,2448.98,355.29,357.24,350.78,355.76,1243.44,1258.89,1229.35,1239.4,25.01,15.63,68.71,178.13,2.4377,1.6234,0.9699,1.7813,99.08,4524.88,NOMINAL,0.0648,0.0,2438.5
TAXI,795.43,181.91,183.37,171.64,175.39,212.84,261.41,211.25,241.27,14.97,8.03,53.53,144.83,0.6405,0.4596,0.2907,0.4851,21.7,415.05,NOMINAL,0.0592,0.0,2420.2
LAND,1009.12,225.35,226.92,213.87,222.51,572.11,588.11,576.2,588.33,15.8,8.67,57.59,153.98,0.8104,0.6339,0.4693,0.6529,44.04,572.78,NOMINAL,0.1022,0.0,2437.8
CLIMB,2442.98,345.66,357.03,345.76,348.02,1239.29,1286.4,1238.39,1261.22,25.03,16.92,66.75,177.29,2.3865,1.4567,0.9142,1.6983,97.62,4530.41,NOMINAL,0.1056,0.0,2430.0
DESCENT,2111.18,263.84,269.79,261.61,263.48,998.68,995.59,946.8,1000.33,17.55,11.25,63.15,165.58,1.6823,0.857,0.5959,1.143,110.04,3146.24,NOMINAL,0.0669,0.0,2442.6
CLIMB,2442.76,351.11,358.27,348.04,350.56,1253.41,1280.42,1243.35,1282.31,25.25,17.02,65.01,178.17,2.3741,1.5525,0.9198,1.7217,95.99,4427.67,NOMINAL,0.02,0.0,2479.2
CRUISE,2300.95,323.69,322.61,315.72,325.11,1184.33,1203.11,1181.3,1185.13,22.35,14.42,63.51,174.96,2.3641,1.48,0.9507,1.7013,127.74,8537.88,DELAMINATION,0.1634,0.82,1851.0
CLIMB,2463.07,349.42,358.67,347.79,356.66,1279.03,1281.45,1243.35,1265.36,24.98,17.22,67.45,182.07,4.1292,2.5816,1.5608,2.9524,96.94,4497.75,VIBRATION_FAULT,0.2636,1.32,1668.9
CLIMB,2449.18,350.81,348.33,344.83,355.94,1265.19,1256.1,1249.05,1250.86,24.91,16.4,68.13,179.8,2.4212,1.5524,1.0084,1.7596,92.99,4496.91,NOMINAL,0.0099,0.0,2429.2
DESCENT,2103.73,254.47,265.26,260.13,264.09,955.72,1000.41,964.17,974.72,18.08,11.05,61.42,165.22,1.4499,0.9807,0.5703,1.0629,108.65,3239.72,NOMINAL,0.0632,0.0,2441.3
CRUISE,2308.96,324.9,331.45,317.82,318.3,1187.56,1187.57,1163.88,1194.6,22.3,13.66,65.56,173.36,1.9995,1.2774,0.809,1.4473,131.59,8518.0,NOMINAL,0.004,0.0,2469.9
CRUISE,2300.95,318.39,327.82,313.14,320.13,1172.15,1208.37,1167.86,1184.47,22.41,14.0,66.95,167.77,1.954,1.2633,0.7159,1.4055,133.67,8521.57,NOMINAL,0.1437,0.0,2415.2
CRUISE,2287.63,316.35,329.04,309.16,323.1,1177.75,1203.97,1164.47,1193.52,22.31,13.99,65.59,170.27,1.9304,1.1793,0.7305,1.3725,128.57,8488.94,NOMINAL,0.1476,0.0,2430.3
TAKEOFF,2686.28,381.9,390.71,371.59,388.9,1404.98,1430.41,1405.6,1421.67,29.77,20.47,72.31,186.96,3.296,2.0145,1.3197,2.3568,74.55,805.53,NOMINAL,0.1193,0.0,2377.2
LAND,979.33,213.23,229.74,213.29,222.46,578.62,587.36,578.22,588.47,15.44,8.87,58.86,153.27,0.9698,0.672,0.2887,0.7013,45.7,587.8,NOMINAL,0.0946,0.0,2441.0
CRUISE,2297.07,321.52,323.6,313.05,322.78,1180.93,1198.07,1178.3,1185.27,22.58,13.85,63.98,169.49,1.8601,1.2081,0.8183,1.3649,129.36,8473.48,NOMINAL,0.0894,0.0,2368.3
CRUISE,2295.94,319.4,328.54,316.48,326.3,1179.86,1219.31,1162.47,1180.77,22.64,14.41,63.35,169.65,1.8511,1.2436,0.7605,1.3603,133.36,8495.66,NOMINAL,0.025,0.0,2447.4
DESCENT,2120.76,254.83,261.93,262.41,259.43,971.96,987.49,981.78,974.96,18.01,11.12,63.24,163.99,1.5332,0.9047,0.7137,1.1073,109.4,3200.35,NOMINAL,0.133,0.0,2407.9
CRUISE,2308.06,318.0,321.25,317.45,324.24,1164.21,1194.32,1182.41,1197.2,22.4,13.82,67.34,167.4,1.8953,1.1471,0.8257,1.365,129.98,8507.13,NOMINAL,0.1098,0.0,2410.2
CRUISE,2349.01,318.63,325.18,325.23,321.44,1203.55,1229.41,1213.98,1230.44,22.47,15.87,65.67,182.48,5.7138,3.6595,2.2692,4.1308,127.72,8584.28,VIBRATION_FAULT,0.8008,4.0,714.0
CLIMB,2452.37,351.4,357.96,336.82,347.68,1261.49,1256.92,1240.44,1244.9,25.18,16.78,68.88,179.86,2.5251,1.4896,0.9206,1.7741,97.24,4545.21,NOMINAL,0.0609,0.0,2455.9
CLIMB,2434.74,345.63,354.97,346.95,353.52,1243.9,1262.19,1239.48,1242.05,25.24,16.89,67.25,177.28,2.4995,1.5526,0.9894,1.7923,94.77,4562.25,NOMINAL,0.0617,0.0,2387.1
LAND,1005.88,221.92,227.98,214.06,220.38,589.23,599.52,553.87,612.48,15.74,8.81,57.67,155.36,0.9414,0.463,0.4656,0.6627,43.03,599.92,NOMINAL,0.1405,0.0,2378.9
CRUISE,2304.88,316.63,326.47,315.59,318.21,1184.29,1198.27,1174.68,1192.32,22.34,14.96,60.37,173.16,3.2012,2.0408,1.2955,2.3159,135.0,8581.11,DELAMINATION,0.4853,2.43,1061.0
CRUISE,2307.02,348.67,351.34,346.65,349.85,1170.26,1212.21,1160.92,1197.93,22.18,15.52,56.99,185.88,3.4459,2.1746,1.2942,2.4683,131.24,8466.36,CORROSION,0.8562,4.28,605.6
TAKEOFF,2700.27,382.58,386.18,378.22,385.77,1396.07,1378.7,1378.18,1424.5,29.79,20.0,73.4,184.82,3.0326,1.9897,1.3009,2.2247,74.83,858.19,NOMINAL,0.1222,0.0,2420.8
TAKEOFF,2689.39,378.18,379.38,374.65,381.82,1398.36,1443.79,1410.0,1400.99,29.29,20.07,72.45,183.45,3.1351,2.175,1.2671,2.3213,76.66,762.79,NOMINAL,0.1424,0.0,2444.5
CRUISE,2283.33,321.05,324.76,317.45,320.8,1190.41,1186.72,1181.89,1189.65,22.17,14.71,62.05,173.02,2.8276,1.8811,1.1845,2.0766,129.05,8505.81,DELAMINATION,0.3387,1.69,1296.7
TAXI,828.69,185.21,183.16,174.37,179.08,242.72,269.05,275.35,263.72,14.98,9.76,55.71,159.16,2.5168,1.5142,0.9475,1.7819,25.74,515.72,VIBRATION_FAULT,0.8023,4.01,590.0
CRUISE,2301.32,322.16,323.77,316.2,319.63,1184.99,1194.69,1171.22,1177.44,22.29,13.59,64.15,165.37,1.8754,1.2029,0.7675,1.3606,130.11,8550.28,NOMINAL,0.0938,0.0,2412.1
CRUISE,2310.42,314.11,324.9,315.17,324.04,1187.37,1189.07,1163.03,1195.34,22.3,14.36,65.73,170.31,1.9313,1.207,0.7287,1.3805,128.94,8520.0,NOMINAL,0.0297,0.0,2481.6
CRUISE,2291.68,320.89,322.45,310.09,321.98,1172.11,1194.95,1156.4,1204.51,22.33,13.87,65.45,167.52,1.784,1.2579,0.7378,1.3303,127.75,8524.13,NOMINAL,0.138,0.0,2411.6
TAKEOFF,2715.98,377.73,389.79,383.67,384.35,1392.5,1427.3,1407.3,1426.15,29.89,20.31,70.92,188.74,3.9639,2.4661,1.5779,2.8451,76.63,835.28,CRACK,0.1214,0.61,1617.7
CRUISE,2299.39,319.14,333.51,319.13,325.39,1185.66,1193.59,1164.7,1187.79,22.55,14.12,65.0,169.48,1.8525,1.1514,0.8242,1.3462,135.51,8547.97,NOMINAL,0.0506,0.0,2415.7
CLIMB,2455.87,348.4,361.35,347.28,348.79,1258.04,1280.71,1240.38,1265.75,24.98,16.16,67.82,178.94,2.3898,1.608,0.9404,1.7494,94.18,4533.24,NOMINAL,0.1266,0.0,2444.2
CRUISE,2291.28,310.1,324.06,320.58,314.75,1168.58,1203.27,1141.06,1183.87,22.79,14.61,65.35,168.33,1.8232,1.2437,0.774,1.3503,134.64,8538.83,NOMINAL,0.1174,0.0,2453.0
CRUISE,2291.97,319.21,322.93,307.58,323.09,1201.39,1178.43,1168.66,1181.52,22.63,13.95,63.37,168.23,1.8336,1.3157,0.8247,1.3872,129.22,8549.11,NOMINAL,0.0819,0.0,2462.0
CLIMB,2464.2,350.08,358.76,346.45,352.15,1285.74,1296.87,1273.02,1281.14,25.05,16.92,67.75,184.28,5.8435,3.7758,2.4434,4.2573,95.03,4449.52,VIBRATION_FAULT,0.5963,2.98,1119.0
CRUISE,2302.79,323.16,324.36,316.1,321.1,1160.64,1209.0,1192.69,1179.51,22.74,13.75,65.16,172.71,1.8584,1.2341,0.6699,1.3448,128.34,8423.75,NOMINAL,0.1403,0.0,2361.7
CRUISE,2296.09,329.71,332.15,316.89,331.7,1175.33,1182.76,1162.73,1167.18,22.19,14.35,63.64,174.21,2.2483,1.4196,0.8965,1.6201,128.91,8434.97,CORROSION,0.2035,1.02,1528.4
LAND,1019.06,222.28,231.4,216.3,228.1,604.65,577.2,570.66,591.04,15.39,9.35,55.9,158.51,1.2359,0.877,0.5043,0.9221,46.57,588.92,DELAMINATION,0.2683,1.34,1443.2
CRUISE,2284.68,317.09,327.1,316.45,324.82,1172.79,1198.69,1159.94,1198.47,22.8,14.14,66.27,170.06,1.9644,1.2395,0.7088,1.4021,130.62,8460.19,NOMINAL,0.0062,0.0,2449.4
CRUISE,2307.74,319.96,321.68,309.36,324.62,1198.59,1189.18,1148.12,1186.1,22.27,13.8,65.73,169.91,1.8336,1.2703,0.7933,1.3669,129.16,8505.52,NOMINAL,0.0292,0.0,2410.8
DESCENT,2106.99,258.42,264.44,254.05,264.21,972.53,992.9,980.7,992.3,18.3,12.2,56.52,173.97,2.647,1.5957,1.0481,1.8843,109.9,3129.81,DELAMINATION,0.5085,2.54,1024.2
CRUISE,2276.83,317.64,334.93,318.28,318.92,1196.85,1186.1,1161.36,1176.21,22.56,14.41,63.8,166.29,1.9873,1.3282,0.6602,1.4317,131.15,8509.06,NOMINAL,0.0217,0.0,2464.8
CLIMB,2453.05,347.82,353.19,337.41,351.2,1267.27,1257.32,1219.73,1265.23,25.16,16.32,67.58,178.48,2.3876,1.62,1.0819,1.7791,90.73,4549.19,NOMINAL,0.1323,0.0,2369.7
CRUISE,2308.69,320.21,328.66,314.62,319.29,1189.73,1187.87,1175.71,1190.37,21.92,13.83,65.4,169.27,1.6963,1.3142,0.7685,1.3159,131.11,8481.07,NOMINAL,0.0194,0.0,2423.5
CRUISE,2304.78,331.38,345.28,333.23,337.35,1197.37,1202.86,1194.73,1227.52,22.42,14.61,66.75,176.88,3.3499,2.2036,1.3138,2.4361,130.77,8526.44,CRACK,0.412,2.06,1486.0
TAXI,793.44,188.86,189.63,186.58,189.25,215.19,245.34,187.29,206.3,15.01,9.12,52.78,149.39,1.1244,0.6305,0.4355,0.7856,24.09,465.25,CORROSION,0.3206,1.6,1640.3
CLIMB,2454.33,353.39,357.26,340.36,359.4,1254.5,1274.18,1233.48,1273.36,24.73,16.68,65.5,179.22,2.3136,1.5766,1.0279,1.7219,97.06,4548.98,NOMINAL,0.0198,0.0,2457.0
DESCENT,2091.76,264.87,264.65,249.46,269.05,986.75,1007.17,956.23,993.41,18.06,10.95,61.8,162.3,1.4723,1.0334,0.5627,1.0881,114.77,3142.56,NOMINAL,0.0857,0.0,2458.9
CLIMB,2447.84,354.8,352.55,344.42,354.29,1251.12,1270.1,1226.42,1259.14,25.28,16.02,67.16,174.73,2.443,1.6335,0.9508,1.7833,92.49,4460.95,NOMINAL,0.1442,0.0,2429.9
TAKEOFF,2705.22,378.93,383.39,374.84,383.18,1410.98,1414.98,1373.55,1422.0,29.58,20.18,71.97,184.71,3.161,2.1172,1.1009,2.2867,77.84,763.5,NOMINAL,0.1189,0.0,2367.9
LAND,1015.3,220.69,223.1,210.38,220.78,556.5,590.46,564.49,581.72,15.51,10.01,50.8,165.95,1.8682,1.3202,0.8289,1.4048,40.4,567.41,DELAMINATION,0.8506,4.25,539.6
DESCENT,2098.66,265.05,264.73,254.23,261.45,1002.24,1003.35,968.23,983.71,18.13,11.4,60.71,166.24,1.4879,0.9765,0.5558,1.0765,109.0,3158.79,NOMINAL,0.0019,0.0,2437.4
TAKEOFF,2727.75,375.45,393.62,372.06,385.82,1428.02,1455.49,1439.88,1443.62,29.85,21.49,71.03,199.92,10.3921,6.855,4.1445,7.5755,75.01,823.7,VIBRATION_FAULT,0.9147,4.57,400.8
CRUISE,2283.99,319.01,328.05,313.64,325.07,1170.76,1190.39,1155.45,1198.2,22.49,13.71,64.52,164.47,1.9622,1.2248,0.6397,1.3856,126.36,8483.14,NOMINAL,0.1284,0.0,2431.9
TAXI,805.02,190.45,184.24,184.27,187.83,221.68,242.21,210.24,244.4,15.39,9.1,54.83,153.32,1.2692,0.7596,0.4471,0.8922,28.35,540.3,CRACK,0.2625,1.31,1669.4
CLIMB,2426.25,349.06,355.96,351.56,355.35,1243.01,1272.67,1247.91,1261.03,24.85,16.34,68.46,178.74,2.3766,1.4029,0.8955,1.6751,96.55,4414.77,NOMINAL,0.0641,0.0,2408.2
CRUISE,2324.94,319.59,321.19,319.39,326.93,1192.06,1199.66,1198.24,1206.4,22.54,15.16,62.31,182.41,4.3913,2.9062,1.8005,3.2131,131.84,8502.48,VIBRATION_FAULT,0.5313,2.66,1245.8
DESCENT,2085.37,259.64,263.25,253.25,268.3,990.31,994.98,976.06,984.96,18.03,11.33,61.5,163.77,1.5979,1.0118,0.4873,1.1276,108.33,3168.75,NOMINAL,0.0644,0.0,2395.3
CLIMB,2445.4,351.9,355.23,343.74,353.16,1269.42,1273.54,1253.61,1253.07,25.0,16.49,68.14,178.79,2.3265,1.5988,0.8786,1.7069,91.66,4585.43,NOMINAL,0.0756,0.0,2388.0
CLIMB,2463.51,352.27,361.74,341.86,357.08,1241.13,1280.66,1237.57,1269.25,25.01,15.95,64.26,178.38,2.3789,1.5839,0.9474,1.7383,100.05,4509.22,NOMINAL,0.0807,0.0,2391.9
TAKEOFF,2685.39,381.17,385.29,373.39,390.0,1388.71,1419.28,1380.42,1415.11,29.48,20.4,74.44,184.11,3.4949,2.1855,1.4343,2.5198,80.47,790.65,CRACK,0.0343,0.5,1710.1
CRUISE,2302.69,332.6,333.49,324.83,335.82,1199.33,1191.52,1194.83,1209.78,22.42,14.95,64.26,175.27,3.0212,1.9284,1.1146,2.1671,130.46,8483.42,CRACK,0.3098,1.55,1552.4
LAND,997.24,223.4,223.28,215.89,218.72,565.79,596.98,570.09,613.93,15.39,8.78,56.5,156.1,0.9318,0.6743,0.4156,0.7061,45.88,581.2,NOMINAL,0.0801,0.0,2443.5
LAND,996.44,241.27,251.77,247.06,244.63,624.21,625.28,629.05,600.76,15.4,10.41,58.68,171.76,2.0234,1.4431,0.8991,1.5259,40.8,588.18,CRACK,0.7538,3.77,683.0
CRUISE,2295.31,334.09,337.47,330.52,331.45,1187.91,1178.96,1168.1,1206.63,22.39,14.35,62.84,177.1,2.6066,1.6578,0.8994,1.8576,132.95,8582.8,CORROSION,0.3783,1.89,1393.4
CRUISE,2286.99,320.43,325.48,317.78,322.2,1166.55,1191.08,1159.14,1169.4,22.16,13.94,66.71,169.04,1.8394,1.1641,0.7615,1.3315,132.95,8580.11,NOMINAL,0.1219,0.0,2382.8
LAND,1026.59,218.68,228.2,214.9,221.43,627.0,624.02,623.86,608.34,15.64,10.92,57.34,172.7,3.0968,2.0454,1.1983,2.2517,40.49,610.69,VIBRATION_FAULT,0.9461,4.73,348.5
CRUISE,2304.34,326.82,329.8,323.62,326.13,1187.7,1190.47,1168.88,1170.52,22.41,14.41,62.46,172.36,1.9862,1.334,0.8161,1.4595,130.25,8513.34,CORROSION,0.1629,0.81,1520.3
CRUISE,2302.55,329.38,338.97,334.43,327.14,1186.27,1235.08,1171.36,1191.39,22.49,14.6,63.49,173.19,2.4134,1.4339,0.9557,1.7121,127.74,8513.57,CORROSION,0.3015,1.51,1501.6
CLIMB,2461.6,349.05,350.47,348.46,351.23,1247.77,1259.24,1261.69,1241.3,25.71,16.44,67.9,177.7,2.4383,1.5699,1.0251,1.7758,91.47,4514.56,CORROSION,0.0406,0.5,2209.6
LAND,1010.19,215.54,228.38,216.18,227.59,569.74,631.79,539.31,586.05,15.08,9.36,57.69,154.69,0.9355,0.5847,0.3303,0.6649,41.86,606.74,NOMINAL,0.0528,0.0,2404.1
LAND,1011.44,222.43,232.69,208.39,221.76,604.16,603.4,551.77,583.38,15.58,9.18,58.81,157.14,1.3643,0.8165,0.5504,0.9714,45.13,567.17,VIBRATION_FAULT,0.1971,0.99,1666.4
CRUISE,2322.01,322.09,323.73,315.02,328.51,1168.64,1176.83,1171.49,1193.76,22.67,14.2,67.12,166.91,1.8038,1.2747,0.7047,1.3386,126.36,8574.63,NOMINAL,0.0646,0.0,2431.1
CLIMB,2427.57,368.44,366.47,366.88,364.11,1268.87,1257.19,1208.46,1250.53,24.93,17.55,62.61,184.51,3.525,2.1588,1.3703,2.5142,94.6,4508.7,CORROSION,0.4853,2.43,1111.7
CLIMB,2433.68,354.3,357.71,352.19,354.74,1234.78,1269.16,1225.81,1240.18,24.89,16.79,68.33,175.5,2.3614,1.5514,0.8755,1.7078,96.78,4490.85,NOMINAL,0.0959,0.0,2427.2
CLIMB,2464.28,355.5,359.58,344.13,343.26,1253.76,1293.1,1237.58,1236.12,24.83,16.44,66.68,173.38,2.3922,1.5129,1.0486,1.7427,95.25,4518.78,NOMINAL,0.1255,0.0,2372.2
TAKEOFF,2713.06,380.73,384.61,377.7,383.77,1423.89,1419.96,1375.25,1408.61,29.95,20.4,70.06,185.46,3.1282,2.046,1.3223,2.2891,76.87,772.87,NOMINAL,0.0505,0.0,2475.4
CLIMB,2439.93,354.63,360.75,352.27,359.31,1258.49,1263.8,1235.57,1256.5,24.9,16.87,68.0,179.75,2.4541,1.4941,0.8741,1.7339,91.91,4482.93,NOMINAL,0.0841,0.0,2462.4
CRUISE,2314.28,318.15,326.9,316.41,328.07,1176.64,1230.34,1170.88,1181.43,22.45,15.22,66.07,174.09,2.7561,1.7039,1.0933,1.9744,130.01,8572.36,VIBRATION_FAULT,0.1668,0.83,1981.4
LAND,998.7,218.68,221.92,216.49,223.03,565.58,603.44,570.8,602.16,15.8,8.83,56.76,153.5,1.041,0.5949,0.4473,0.7388,46.25,630.15,NOMINAL,0.1231,0.0,2364.4
TAKEOFF,2718.59,375.72,387.07,371.67,381.0,1418.15,1413.03,1407.28,1401.44,30.09,20.21,70.77,186.19,4.8289,3.0545,1.9227,3.4806,77.75,792.45,VIBRATION_FAULT,0.2094,1.05,1729.2
TAKEOFF,2709.49,399.04,403.54,395.3,397.91,1445.58,1416.34,1430.42,1431.78,29.73,20.7,72.18,194.16,6.1242,3.9601,2.3677,4.427,73.19,779.51,CRACK,0.5134,2.57,1229.0
CRUISE,2291.43,320.54,328.06,318.55,324.9,1191.63,1194.65,1192.64,1185.74,22.53,14.39,65.68,165.97,1.9005,1.2867,0.6928,1.3841,131.88,8515.61,NOMINAL,0.0479,0.0,2447.8
DESCENT,2121.19,269.75,271.38,257.68,270.12,987.24,987.1,967.53,999.14,18.21,10.86,60.69,164.39,1.5428,1.0148,0.6071,1.1223,107.91,3269.48,NOMINAL,0.1324,0.0,2381.4
CLIMB,2458.87,354.48,354.44,345.5,352.19,1244.28,1270.7,1256.95,1244.44,24.84,16.27,67.89,177.76,2.4618,1.562,0.9751,1.7749,96.0,4509.82,NOMINAL,0.1495,0.0,2430.0
TAXI,819.76,188.9,188.47,176.8,184.19,206.79,240.16,199.22,236.12,15.02,8.4,52.75,142.89,0.8284,0.4679,0.3732,0.59,22.62,518.13,NOMINAL,0.1401,0.0,2378.7
TAKEOFF,2689.85,383.09,387.62,371.69,381.29,1390.73,1429.4,1403.26,1392.7,30.01,19.85,71.7,185.06,3.3453,2.0198,1.3217,2.3817,72.07,750.38,NOMINAL,0.0371,0.0,2483.5
CLIMB,2416.01,354.06,348.51,345.49,356.65,1276.51,1263.64,1220.8,1275.49,25.22,17.7,60.08,192.86,5.3874,3.5387,2.1377,3.9207,93.9,4525.65,DELAMINATION,0.8973,4.49,418.4
CLIMB,2432.21,348.68,350.13,346.38,345.21,1260.68,1252.22,1216.73,1255.64,25.43,16.71,65.69,175.58,2.3684,1.6943,0.9131,1.762,92.67,4561.1,NOMINAL,0.0155,0.0,2407.3
CRUISE,2315.79,319.49,329.93,317.36,318.36,1179.8,1209.78,1176.03,1189.52,22.03,13.46,63.1,169.08,1.8698,1.1465,0.8111,1.3501,126.84,8445.18,NOMINAL,0.0101,0.0,2495.4
DESCENT,2101.06,263.41,273.19,258.04,267.53,965.46,1023.92,945.66,983.95,18.14,10.72,60.89,163.05,1.4752,1.0603,0.6008,1.1047,108.84,3084.63,NOMINAL,0.141,0.0,2362.2
CRUISE,2302.32,323.38,323.46,312.94,320.4,1195.41,1210.53,1167.74,1202.24,21.91,14.24,63.66,173.18,1.8149,1.1838,0.7881,1.3312,131.65,8482.15,NOMINAL,0.0387,0.0,2399.2
DESCENT,2106.06,264.92,261.71,253.06,262.1,967.33,976.36,981.12,963.25,17.9,11.43,62.32,164.3,1.4122,0.9956,0.5506,1.047,110.66,3205.64,NOMINAL,0.1233,0.0,2425.9
LAND,1024.42,221.25,225.02,216.92,219.29,575.36,626.7,558.79,589.07,15.39,8.49,58.51,155.07,0.9729,0.6336,0.405,0.7099,42.7,625.64,NOMINAL,0.0905,0.0,2445.0
CRUISE,2308.04,322.33,331.01,315.2,323.58,1191.85,1188.95,1157.13,1181.33,22.41,13.74,64.18,171.59,1.8923,1.2534,0.7325,1.377,128.46,8511.42,NOMINAL,0.0658,0.0,2383.1
CRUISE,2310.33,316.22,333.26,313.25,324.42,1166.95,1196.17,1186.55,1180.19,23.05,14.0,66.17,170.73,1.9366,1.1494,0.7364,1.3679,132.99,8486.23,NOMINAL,0.1135,0.0,2434.7
CRUISE,2284.61,322.51,326.62,315.17,321.02,1174.11,1193.18,1179.16,1184.82,22.95,14.62,61.48,178.11,2.8902,1.7469,1.0844,2.0478,129.71,8436.66,DELAMINATION,0.3535,1.77,1465.5
CRUISE,2299.84,318.8,323.9,309.13,315.93,1202.81,1216.88,1161.09,1200.9,22.63,14.19,63.29,166.75,1.9946,1.1162,0.7526,1.3893,129.08,8481.59,NOMINAL,0.1423,0.0,2436.1
CRUISE,2325.18,348.42,352.72,354.11,351.05,1211.49,1246.36,1229.08,1217.57,22.61,15.94,64.96,187.11,5.2765,3.29,2.1468,3.798,132.43,8463.03,CRACK,0.9506,4.75,365.0
TAKEOFF,2689.45,381.04,381.48,379.23,384.58,1391.53,1422.32,1389.0,1427.79,29.54,20.05,71.23,185.08,3.2427,2.0409,1.2618,2.329,77.42,854.29,NOMINAL,0.0435,0.0,2446.3
LAND,997.2,221.92,226.8,210.23,224.0,569.67,581.0,547.98,587.41,15.25,8.1,57.57,154.12,0.888,0.5473,0.4515,0.6562,46.29,580.02,NOMINAL,0.0456,0.0,2402.7
CRUISE,2288.31,317.26,324.46,313.92,322.12,1188.83,1208.83,1164.08,1170.38,22.24,13.84,63.51,172.05,1.8056,1.272,0.6759,1.3336,131.64,8494.43,NOMINAL,0.0957,0.0,2426.4
CRUISE,2298.17,318.79,324.86,314.8,314.75,1191.92,1232.33,1171.58,1176.37,22.24,14.18,65.46,169.49,1.9603,1.1112,0.7977,1.3801,130.59,8460.16,NOMINAL,0.0191,0.0,2440.3
CLIMB,2439.77,350.67,362.37,347.51,353.89,1264.67,1273.67,1228.63,1239.07,24.77,16.17,68.79,179.44,2.414,1.4839,1.0493,1.7446,93.96,4524.14,NOMINAL,0.1195,0.0,2357.1
CRUISE,2306.82,317.56,330.57,310.47,318.37,1195.51,1205.08,1198.48,1190.82,22.93,13.57,62.62,173.15,1.9885,1.3712,0.9094,1.4901,131.25,8500.44,DELAMINATION,0.0856,0.5,2024.4
TAXI,804.46,183.77,185.22,176.24,183.69,226.62,248.54,195.83,223.65,15.08,8.23,52.84,139.14,0.8956,0.4268,0.3983,0.6172,26.85,483.77,NOMINAL,0.1157,0.0,2381.9
DESCENT,2088.24,262.29,263.5,255.66,261.51,981.46,1017.95,965.11,1004.62,18.12,11.63,61.59,166.25,1.4953,0.7956,0.5455,1.0274,111.46,3220.65,NOMINAL,0.0196,0.0,2437.2
TAKEOFF,2708.75,382.07,385.88,374.21,385.65,1405.56,1401.42,1390.65,1396.19,29.56,19.9,72.05,185.67,3.1673,2.0581,1.2548,2.298,77.62,685.88,NOMINAL,0.1452,0.0,2369.2
CRUISE,2275.59,315.65,327.8,321.43,318.01,1175.35,1202.82,1150.57,1196.26,21.83,15.08,58.86,180.32,3.597,2.331,1.4175,2.6065,132.42,8431.99,DELAMINATION,0.6183,3.09,857.0
CRUISE,2311.02,322.4,328.53,321.76,325.94,1178.11,1197.98,1175.21,1191.63,22.68,13.33,67.26,170.11,1.7702,1.1802,0.6535,1.285,127.27,8494.31,NOMINAL,0.1439,0.0,2441.2
DESCENT,2102.79,256.03,263.11,253.39,259.53,975.78,994.69,963.93,981.94,18.03,11.11,60.09,165.06,1.4907,0.8802,0.5704,1.0523,111.49,3154.54,NOMINAL,0.1141,0.0,2415.6
TAKEOFF,2707.91,403.57,403.04,395.36,402.08,1427.23,1442.3,1410.55,1441.03,29.77,21.02,71.9,194.67,6.4936,4.1713,2.5025,4.6843,70.32,807.38,CRACK,0.5651,2.83,914.4
CLIMB,2451.28,349.67,354.25,346.86,356.6,1265.42,1269.73,1236.98,1261.89,25.08,16.42,68.21,175.17,2.4065,1.5886,0.9355,1.7503,94.76,4455.54,NOMINAL,0.0665,0.0,2381.2
TAKEOFF,2719.8,380.74,383.45,369.78,378.11,1438.12,1462.1,1449.81,1444.28,29.65,21.99,73.12,200.88,11.2474,7.2455,4.5017,8.15,74.59,847.43,VIBRATION_FAULT,0.9943,4.97,312.1
TAKEOFF,2699.45,378.62,388.4,379.74,384.56,1402.89,1418.49,1383.89,1412.52,30.16,19.85,71.52,184.86,3.2801,2.0934,1.3292,2.374,77.59,823.68,NOMINAL,0.0806,0.0,2403.9
CLIMB,2433.42,344.54,356.89,343.54,345.99,1231.05,1262.36,1240.34,1276.87,25.12,16.39,68.46,178.52,2.4592,1.5576,1.0118,1.7793,97.06,4503.31,NOMINAL,0.1205,0.0,2364.8
CRUISE,2281.85,317.21,328.31,314.52,322.72,1174.06,1192.15,1155.69,1188.9,22.46,14.12,65.35,169.65,1.7795,1.2992,0.7557,1.3448,130.2,8564.02,NOMINAL,0.059,0.0,2410.8
DESCENT,2102.88,261.42,271.99,264.66,263.02,954.16,986.58,989.74,998.62,18.11,11.15,60.57,168.02,1.4341,1.0188,0.535,1.0616,109.46,3239.72,NOMINAL,0.0604,0.0,2386.2
LAND,1000.13,215.32,220.67,218.5,220.52,588.48,611.42,582.38,570.55,15.33,8.96,58.66,159.05,0.8274,0.6551,0.3786,0.6473,40.9,578.09,NOMINAL,0.035,0.0,2460.4
CRUISE,2303.11,318.3,323.83,313.95,317.02,1174.52,1176.16,1182.25,1210.31,21.92,13.86,64.52,169.69,1.9801,1.207,0.7556,1.4082,137.45,8495.55,NOMINAL,0.066,0.0,2419.4
CRUISE,2299.91,316.06,322.98,314.52,323.03,1201.91,1192.18,1173.54,1170.47,22.77,13.48,65.96,169.85,1.8903,1.217,0.6949,1.3586,126.88,8533.46,NOMINAL,0.0378,0.0,2484.6
CRUISE,2290.48,362.31,355.55,353.52,350.53,1239.58,1222.25,1215.31,1253.65,22.51,15.22,65.01,188.86,5.2427,3.4339,2.0147,3.8007,132.37,8492.84,CRACK,0.9629,4.81,413.6
CRUISE,2276.19,350.76,347.99,352.5,353.29,1220.54,1220.91,1239.68,1222.51,22.2,15.08,64.33,184.35,4.9887,3.0668,1.9243,3.5588,129.88,8508.41,CRACK,0.8833,4.42,448.5
TAXI,780.79,173.32,186.09,173.64,177.83,220.19,240.77,197.93,222.51,15.01,8.38,55.65,143.06,0.7487,0.496,0.3197,0.5504,25.69,581.69,NOMINAL,0.0899,0.0,2376.4
TAKEOFF,2696.8,376.57,384.15,373.51,383.37,1380.18,1425.11,1386.59,1418.8,29.62,21.02,65.18,198.48,6.8125,4.434,2.7944,4.9625,73.76,666.1,DELAMINATION,0.792,3.96,721.5
TAXI,794.04,217.35,207.46,209.53,206.44,265.03,288.42,260.06,268.69,14.78,9.76,56.38,160.67,2.0645,1.4248,0.8203,1.5237,28.23,448.61,CRACK,0.8958,4.48,523.2
CRUISE,2292.34,319.15,329.53,311.34,318.43,1160.74,1188.09,1152.98,1209.17,22.34,14.21,65.02,170.01,1.8527,1.2812,0.7677,1.374,130.24,8476.26,NOMINAL,0.0866,0.0,2382.2
CLIMB,2452.76,351.1,353.89,353.54,350.92,1249.64,1265.76,1261.46,1256.51,24.9,16.56,67.02,178.54,2.6309,1.6047,0.9896,1.8687,93.21,4568.37,CORROSION,0.019,0.5,2069.4
CRUISE,2304.7,317.08,322.06,310.79,323.44,1163.46,1192.0,1167.27,1201.94,22.36,14.33,66.13,168.07,1.9898,1.218,0.7351,1.4122,129.3,8499.86,NOMINAL,0.1376,0.0,2434.4
CLIMB,2448.07,351.85,356.18,346.27,354.07,1267.03,1285.51,1254.08,1270.45,25.52,16.63,68.39,182.04,2.1819,1.5472,1.0226,1.6533,97.45,4602.63,NOMINAL,0.0113,0.0,2492.0
CRUISE,2319.46,331.23,330.21,322.95,324.82,1173.91,1210.56,1187.23,1181.63,22.56,14.16,64.78,172.14,2.0152,1.4703,0.8526,1.522,129.5,8517.42,CORROSION,0.1575,0.79,1983.4
DESCENT,2089.04,261.95,259.32,258.69,265.91,975.87,1010.54,995.43,995.67,18.17,10.73,63.32,169.48,2.4009,1.6331,1.0551,1.7837,111.21,3264.35,VIBRATION_FAULT,0.2458,1.23,1417.5
TAKEOFF,2698.42,377.24,379.25,378.14,385.06,1416.1,1432.12,1378.74,1425.49,30.15,20.02,72.03,183.32,3.3185,1.9893,1.3067,2.3578,73.51,755.69,NOMINAL,0.0412,0.0,2436.9
CLIMB,2471.23,350.7,362.99,342.56,347.52,1237.68,1267.22,1270.68,1240.05,25.15,16.29,67.73,175.74,2.4703,1.5574,1.0144,1.7848,95.44,4422.74,NOMINAL,0.0248,0.0,2452.5
CRUISE,2277.56,316.79,322.84,320.89,321.4,1194.97,1191.18,1171.81,1195.69,22.67,13.86,64.55,169.46,1.7678,1.23,0.7408,1.3149,131.45,8503.65,NOMINAL,0.1495,0.0,2392.2
DESCENT,2108.69,253.79,263.5,253.57,263.44,986.33,999.21,938.26,970.18,17.94,11.05,62.01,164.16,1.6225,0.8374,0.6151,1.1124,112.07,3228.06,NOMINAL,0.0061,0.0,2421.4
CRUISE,2275.58,318.73,323.28,320.07,320.99,1167.64,1183.74,1191.87,1189.73,22.3,14.04,67.28,169.3,1.955,1.3062,0.6654,1.4108,128.4,8542.44,NOMINAL,0.0507,0.0,2409.4
TAKEOFF,2693.19,382.23,386.71,376.35,390.78,1420.88,1394.23,1382.68,1439.12,29.66,20.73,71.49,184.58,3.2691,2.0746,1.3047,2.3589,78.94,830.35,NOMINAL,0.0217,0.0,2396.8
CLIMB,2460.52,347.43,362.93,348.25,351.25,1225.75,1251.47,1258.4,1280.88,25.02,16.75,62.53,184.45,4.0171,2.8191,1.763,3.0107,92.2,4499.65,DELAMINATION,0.5208,2.6,1148.1
TAKEOFF,2719.67,383.78,388.83,375.32,386.42,1407.76,1422.85,1386.62,1413.82,29.87,19.94,71.07,183.21,3.1254,2.0687,1.2624,2.2834,73.45,772.21,NOMINAL,0.1399,0.0,2367.7
CRUISE,2288.78,319.22,330.17,319.63,325.39,1191.23,1203.24,1172.81,1192.94,22.4,14.03,65.26,171.14,1.908,1.3613,0.6995,1.4122,131.89,8498.35,NOMINAL,0.0644,0.0,2468.2
CRUISE,2310.0,348.31,347.04,346.26,348.46,1195.53,1236.19,1244.63,1231.4,22.43,15.14,65.85,183.79,4.6778,2.985,1.929,3.3918,134.22,8486.79,CRACK,0.7919,3.96,647.1
TAXI,786.95,184.37,189.81,179.75,181.76,242.7,237.73,218.35,213.34,15.14,8.45,54.92,142.61,0.8563,0.5817,0.2828,0.6196,22.13,469.24,NOMINAL,0.0744,0.0,2455.2
DESCENT,2123.75,260.26,270.02,257.73,261.85,978.88,989.3,962.59,977.91,17.72,11.83,62.33,167.64,1.4365,0.8999,0.5511,1.0291,108.94,3201.46,NOMINAL,0.0681,0.0,2466.5
CRUISE,2333.68,325.15,324.73,320.25,322.23,1197.75,1244.65,1238.56,1229.9,22.52,15.0,64.44,185.17,5.3258,3.5631,2.1326,3.8991,128.97,8475.95,VIBRATION_FAULT,0.7215,3.61,853.6
TAKEOFF,2715.89,376.66,389.02,368.78,387.08,1384.76,1407.48,1396.16,1413.24,30.02,19.72,71.66,183.89,3.1112,2.1158,1.3272,2.3034,74.16,860.91,NOMINAL,0.0397,0.0,2413.5
CLIMB,2473.78,348.44,360.22,346.51,353.31,1260.81,1278.15,1233.89,1266.38,25.11,16.56,67.76,178.38,2.5574,1.5423,1.0203,1.8221,93.45,4464.75,NOMINAL,0.0949,0.0,2413.9
CRUISE,2316.89,321.43,328.86,312.3,325.44,1177.16,1206.06,1147.42,1197.56,21.94,15.1,56.62,185.38,4.0105,2.557,1.6737,2.9111,127.76,8378.75,DELAMINATION,0.7914,3.96,577.5
CRUISE,2289.62,318.19,321.02,314.27,317.08,1181.95,1183.26,1168.36,1203.94,22.7,13.98,63.81,170.29,1.8443,1.2471,0.6742,1.3431,132.02,8501.33,NOMINAL,0.084,0.0,2413.6
CRUISE,2291.24,323.3,325.2,320.09,323.4,1184.9,1205.13,1156.96,1177.73,22.24,14.31,63.87,168.52,1.943,1.2199,0.741,1.3919,128.83,8406.97,NOMINAL,0.1424,0.0,2442.2
LAND,993.53,224.66,231.52,229.7,233.37,592.63,601.04,570.57,608.96,15.71,9.67,56.67,163.28,1.419,0.9269,0.6141,1.0408,43.65,513.45,CRACK,0.3232,1.62,1582.0
DESCENT,2095.68,262.18,268.89,250.71,262.08,952.67,996.52,963.53,995.9,17.73,11.07,58.14,166.0,1.4929,0.9802,0.5253,1.0748,111.0,3266.11,NOMINAL,0.1377,0.0,2355.4
CLIMB,2431.62,352.76,356.56,341.73,349.19,1250.73,1279.09,1255.75,1258.39,24.66,16.57,70.14,175.08,2.3236,1.5967,0.9677,1.7209,93.64,4508.8,NOMINAL,0.0133,0.0,2449.0
DESCENT,2097.77,262.06,265.05,260.0,269.09,969.28,983.0,972.46,974.57,17.67,10.59,61.54,164.94,1.4586,1.0584,0.6658,1.1092,114.82,3201.86,NOMINAL,0.1483,0.0,2385.7
DESCENT,2072.84,262.23,270.04,250.66,261.97,991.9,993.69,982.32,988.32,17.87,11.58,60.88,163.7,1.4284,0.9064,0.6077,1.0378,108.72,3219.54,NOMINAL,0.1036,0.0,2420.5
CLIMB,2454.54,347.94,350.79,343.73,351.85,1221.71,1253.44,1229.15,1256.91,24.99,17.08,64.53,187.41,4.0847,2.7129,1.6738,2.9915,91.37,4498.72,DELAMINATION,0.5102,2.55,1252.0
CRUISE,2305.06,322.83,326.41,316.8,321.13,1163.96,1195.91,1159.87,1181.91,22.86,14.29,62.97,168.05,1.8709,1.1966,0.7759,1.3582,126.89,8538.34,NOMINAL,0.1355,0.0,2429.3
LAND,999.83,218.54,218.89,216.04,220.88,568.55,611.17,576.03,619.27,15.71,8.61,56.91,154.11,0.8467,0.5915,0.2831,0.6183,46.62,603.65,NOMINAL,0.0657,0.0,2455.8
CRUISE,2289.67,316.89,328.49,312.61,321.18,1197.71,1187.52,1186.53,1185.97,22.22,15.02,60.65,180.11,3.3287,2.2097,1.2527,2.4175,130.55,8551.89,DELAMINATION,0.5602,2.8,1064.1
CLIMB,2425.37,345.87,355.15,350.02,346.67,1253.53,1270.64,1258.06,1266.85,25.16,16.71,66.89,176.97,2.4893,1.437,0.9259,1.7435,91.67,4509.37,NOMINAL,0.0575,0.0,2392.5
CLIMB,2432.0,349.98,353.3,344.14,355.28,1259.11,1289.57,1234.2,1252.31,25.1,16.33,67.37,177.64,2.5322,1.6022,1.0004,1.8239,99.02,4536.1,NOMINAL,0.0721,0.0,2471.1
CLIMB,2436.42,353.43,359.81,348.64,351.61,1257.02,1268.08,1226.82,1251.66,25.18,16.24,67.03,179.52,2.4511,1.6209,0.9147,1.7769,96.37,4473.6,CRACK,0.0093,0.5,1946.2
TAKEOFF,2726.42,372.78,380.59,380.63,387.51,1389.64,1418.83,1396.55,1407.25,29.84,20.1,70.22,184.38,3.201,2.0862,1.1935,2.3111,76.88,805.18,NOMINAL,0.1191,0.0,2390.8
CRUISE,2323.31,319.01,328.25,322.59,324.38,1229.16,1213.45,1216.14,1218.93,22.68,15.42,66.96,180.24,5.5777,3.7363,2.1812,4.0755,132.01,8545.36,VIBRATION_FAULT,0.7849,3.92,623.8
CRUISE,2318.47,320.73,322.58,322.08,324.87,1169.06,1202.11,1171.56,1182.36,22.59,15.05,60.84,180.74,3.0249,2.1906,1.269,2.2774,132.68,8508.74,DELAMINATION,0.4757,2.38,1221.6
TAXI,802.33,179.33,188.63,176.13,184.12,231.55,231.41,197.98,209.33,15.23,8.64,53.41,147.56,0.7342,0.3938,0.3947,0.5323,20.07,538.57,NOMINAL,0.0498,0.0,2387.7
TAXI,793.73,212.95,214.63,206.86,213.49,275.73,272.71,255.02,281.33,15.33,9.53,54.56,162.52,2.0926,1.4194,0.8163,1.5341,22.5,587.74,CRACK,0.8913,4.46,566.4
TAKEOFF,2679.83,378.25,386.98,379.45,384.26,1427.74,1416.59,1377.52,1407.36,29.72,20.08,70.82,186.41,3.2297,2.0042,1.3284,2.3247,72.97,752.69,NOMINAL,0.0044,0.0,2471.4
CRUISE,2287.65,325.51,323.6,314.21,326.46,1170.49,1207.16,1182.09,1195.74,22.14,13.82,68.26,169.12,2.1389,1.3375,0.786,1.5255,130.74,8481.41,NOMINAL,0.0769,0.0,2457.6
TAXI,832.43,177.59,185.78,171.23,177.04,283.46,252.15,276.05,250.33,15.36,9.87,56.59,161.63,2.5532,1.7528,1.0936,1.8962,24.67,523.0,VIBRATION_FAULT,0.957,4.78,351.8
CLIMB,2443.71,358.42,360.39,348.4,353.56,1253.6,1271.66,1239.96,1260.48,24.48,16.39,67.71,176.65,2.3555,1.578,0.9984,1.7355,95.75,4529.7,NOMINAL,0.0264,0.0,2455.6
DESCENT,2095.39,258.24,271.36,257.18,257.33,987.14,1008.92,966.92,998.28,17.38,10.39,60.59,165.27,1.6226,0.9074,0.5573,1.1205,110.22,3180.31,NOMINAL,0.0844,0.0,2445.4
TAKEOFF,2700.28,409.63,406.86,406.27,400.45,1426.22,1433.87,1427.83,1441.37,29.88,21.71,72.87,196.34,7.1235,4.7207,2.8886,5.2081,78.73,780.69,CRACK,0.6812,3.41,796.4
CLIMB,2453.54,351.09,360.69,339.84,348.7,1259.67,1270.2,1238.54,1275.17,24.75,16.28,66.98,174.38,2.4106,1.5286,0.9234,1.7321,92.72,4499.29,NOMINAL,0.0558,0.0,2461.9
TAKEOFF,2705.51,382.27,387.37,380.28,384.87,1420.67,1425.12,1406.8,1421.57,29.47,20.07,71.94,188.26,3.8969,2.4037,1.4998,2.7817,77.0,797.69,CRACK,0.0942,0.5,1838.5
CRUISE,2313.82,320.22,329.12,315.13,319.2,1168.63,1180.7,1162.7,1193.74,22.45,15.24,60.21,183.18,4.1725,2.6357,1.5843,2.9926,129.45,8459.67,DELAMINATION,0.7839,3.92,655.8
CRUISE,2300.5,316.0,323.55,314.0,328.74,1166.76,1208.97,1181.92,1161.94,22.35,14.45,63.42,172.16,1.8986,1.2313,0.7635,1.3788,130.86,8461.77,NOMINAL,0.0778,0.0,2440.7
TAXI,802.12,189.16,189.84,186.95,189.59,201.03,231.62,197.25,219.1,15.08,9.02,52.43,149.49,0.9683,0.5794,0.3681,0.6853,27.16,505.99,CORROSION,0.2269,1.13,1808.0
CRUISE,2303.25,317.84,332.34,317.4,319.91,1186.8,1199.09,1147.38,1200.36,22.4,14.43,64.85,172.59,1.934,1.2934,0.7354,1.4088,130.88,8430.95,NOMINAL,0.0813,0.0,2448.1
CRUISE,2307.93,319.48,326.11,315.39,325.78,1180.05,1200.99,1161.16,1203.79,22.81,13.99,64.3,167.09,1.8305,1.105,0.7145,1.3016,130.89,8497.98,NOMINAL,0.04,0.0,2476.1
LAND,994.61,223.72,219.26,210.81,224.32,577.65,595.93,556.75,592.88,15.3,8.82,56.61,154.67,1.062,0.5595,0.3534,0.7224,44.49,606.98,NOMINAL,0.0936,0.0,2365.1
CLIMB,2453.35,349.37,356.35,345.25,345.66,1281.57,1276.74,1226.25,1262.76,24.66,17.71,58.96,194.25,5.3245,3.5665,2.2145,3.9147,92.93,4506.44,DELAMINATION,0.908,4.54,498.3
TAKEOFF,2678.26,376.48,382.12,376.71,383.94,1403.37,1411.89,1354.46,1410.46,30.0,21.28,69.49,188.3,4.3459,2.7928,1.7919,3.1569,72.98,790.05,DELAMINATION,0.2501,1.25,1690.0
DESCENT,2113.93,291.99,297.24,287.05,286.48,995.35,998.09,979.05,991.19,18.0,12.24,54.31,184.69,2.7974,1.8563,1.1499,2.0488,107.47,3234.29,CORROSION,0.9577,4.79,425.7
DESCENT,2125.17,262.09,263.77,256.23,262.13,1000.23,998.47,994.5,974.44,17.99,10.97,61.41,164.15,1.4431,1.0788,0.6711,1.1101,111.01,3181.03,NOMINAL,0.0196,0.0,2414.1
CLIMB,2456.49,353.12,355.46,343.24,347.38,1253.01,1294.01,1224.67,1273.19,24.83,16.36,69.1,177.54,2.4199,1.5737,0.9263,1.7503,97.24,4497.54,NOMINAL,0.1407,0.0,2410.9
CLIMB,2465.65,346.33,358.05,347.51,349.37,1268.44,1264.73,1262.12,1240.37,24.93,16.45,67.95,179.29,2.6719,1.5873,0.9612,1.8781,92.26,4424.4,NOMINAL,0.0684,0.0,2438.3
DESCENT,2104.1,261.38,267.41,253.57,255.87,973.39,997.78,960.23,974.57,17.81,11.51,62.9,165.31,1.547,0.9071,0.5602,1.0847,110.78,3159.82,NOMINAL,0.0858,0.0,2451.2
CRUISE,2312.32,317.79,320.68,308.27,328.45,1181.34,1190.7,1163.63,1167.04,22.65,14.6,64.06,174.29,1.8907,1.335,0.7754,1.4093,130.77,8573.76,NOMINAL,0.0447,0.0,2415.3
DESCENT,2105.5,265.14,266.45,253.93,255.56,970.6,999.57,957.72,978.43,17.99,11.63,62.82,165.51,1.5151,1.0081,0.5945,1.1053,108.97,3229.53,NOMINAL,0.0619,0.0,2460.9
CRUISE,2318.22,321.77,322.61,316.08,320.5,1189.69,1207.46,1173.54,1198.96,22.47,14.53,66.47,169.14,1.9649,1.2784,0.747,1.4205,129.15,8548.58,NOMINAL,0.0864,0.0,2368.5
CRUISE,2293.68,319.23,326.26,316.34,323.32,1174.12,1182.81,1189.05,1197.34,22.4,14.13,67.2,168.58,1.9169,1.1516,0.7541,1.3625,131.54,8455.41,NOMINAL,0.0795,0.0,2379.1
CRUISE,2304.49,321.96,326.38,319.81,319.94,1184.95,1184.02,1148.79,1199.37,22.51,13.86,63.72,171.49,1.7794,1.2946,0.7825,1.3484,126.36,8505.04,NOMINAL,0.0973,0.0,2411.0
CRUISE,2283.01,315.2,325.76,317.93,324.84,1189.9,1203.94,1148.63,1189.27,22.74,14.46,63.46,174.55,2.5099,1.4973,1.0517,1.7933,129.72,8528.3,DELAMINATION,0.2199,1.1,1696.7
CRUISE,2325.43,315.36,328.86,312.44,319.76,1172.6,1203.38,1171.9,1175.58,22.61,13.94,62.82,169.22,2.0328,1.211,0.6682,1.4196,132.04,8462.9,NOMINAL,0.0706,0.0,2466.7
LAND,1021.14,219.4,221.99,214.36,217.7,577.49,619.24,582.98,614.49,15.62,8.84,56.8,155.49,0.8896,0.6317,0.3039,0.6539,45.13,537.06,NOMINAL,0.1324,0.0,2361.6
CRUISE,2284.45,319.38,321.11,320.82,323.53,1187.19,1178.93,1183.52,1197.8,22.33,13.54,64.91,169.16,1.866,1.1927,0.7961,1.3587,123.5,8557.2,NOMINAL,0.0559,0.0,2421.1
DESCENT,2099.49,274.81,282.62,280.69,272.81,985.1,984.96,974.02,980.66,18.3,11.85,58.45,176.06,2.0503,1.4119,0.8119,1.5118,112.99,3271.47,CORROSION,0.4511,2.26,1215.3
CRUISE,2292.89,326.2,323.88,313.79,324.73,1187.91,1208.23,1168.06,1202.41,22.74,14.34,64.25,171.86,1.8583,1.2256,0.7511,1.3564,127.5,8430.58,NOMINAL,0.0709,0.0,2438.6
DESCENT,2096.92,258.23,270.48,253.93,268.0,993.67,992.31,971.84,996.23,18.21,11.48,62.22,163.28,1.5513,0.9608,0.4605,1.0865,110.98,3170.64,NOMINAL,0.0527,0.0,2429.6
TAXI,811.17,180.49,184.89,172.93,182.16,242.31,268.72,264.76,272.0,15.4,10.13,54.9,162.3,2.4969,1.5854,0.9818,1.7992,25.67,543.41,VIBRATION_FAULT,0.8518,4.26,636.2
LAND,1017.33,214.98,223.66,219.12,228.18,585.77,601.0,564.51,596.58,15.53,8.57,57.63,153.44,0.9011,0.5947,0.4417,0.6735,43.51,592.77,NOMINAL,0.0751,0.0,2409.6
CRUISE,2294.32,313.55,322.75,316.36,321.37,1187.48,1195.66,1159.29,1194.1,23.13,13.9,65.17,171.52,1.8543,1.3114,0.681,1.3689,128.98,8487.55,NOMINAL,0.1365,0.0,2417.6
CRUISE,2313.47,325.65,323.41,307.27,326.01,1176.56,1184.4,1174.92,1219.56,22.47,14.29,63.81,166.96,1.9731,1.2678,0.7367,1.4193,134.27,8429.42,NOMINAL,0.1185,0.0,2368.3
DESCENT,2095.72,265.13,266.17,255.32,257.55,993.04,984.36,952.7,985.2,18.04,10.98,62.85,164.49,1.5842,1.0053,0.6896,1.1541,108.89,3233.76,NOMINAL,0.0313,0.0,2435.9
CRUISE,2296.89,319.14,332.44,319.14,320.45,1165.13,1212.35,1178.06,1198.48,22.48,13.91,67.02,173.2,1.9512,1.2932,0.7718,1.4231,126.58,8460.81,NOMINAL,0.1337,0.0,2428.5
TAXI,813.75,184.46,189.69,177.21,185.82,219.3,245.46,205.54,217.32,15.42,8.88,57.97,145.48,0.7162,0.5003,0.3132,0.5358,25.37,518.84,NOMINAL,0.1305,0.0,2363.4
CRUISE,2302.73,320.3,327.93,314.73,322.78,1186.67,1196.08,1176.11,1190.84,22.54,13.12,63.63,167.95,1.9173,1.3113,0.7541,1.41,132.12,8525.93,NOMINAL,0.0769,0.0,2376.6
CRUISE,2304.69,325.06,327.65,316.76,318.93,1196.99,1181.12,1147.53,1194.46,22.28,14.33,62.98,171.73,1.9657,1.2421,0.655,1.3947,125.69,8509.6,NOMINAL,0.1386,0.0,2356.9
CLIMB,2420.88,352.88,353.73,344.61,348.26,1231.52,1285.67,1247.55,1269.74,24.95,15.98,70.52,178.76,2.4109,1.5385,0.8578,1.7239,97.85,4457.69,NOMINAL,0.045,0.0,2400.5
CRUISE,2313.55,321.64,330.71,313.23,322.58,1190.93,1185.46,1187.79,1217.28,22.84,14.97,62.87,177.84,3.2094,2.1725,1.2581,2.3525,128.67,8451.39,VIBRATION_FAULT,0.2725,1.36,1649.1
TAXI,786.6,172.43,187.45,177.85,178.55,205.75,245.87,230.28,224.06,14.98,9.84,49.08,159.38,1.8978,1.1824,0.6753,1.3485,21.02,552.78,DELAMINATION,0.8355,4.18,582.4
DESCENT,2106.25,256.41,261.91,258.84,265.28,974.11,989.01,981.77,981.42,18.01,11.18,60.24,165.35,1.5076,0.9966,0.6079,1.1008,115.34,3246.47,NOMINAL,0.1415,0.0,2349.3
CRUISE,2321.16,323.02,321.7,319.32,326.35,1199.41,1193.18,1162.31,1178.7,22.58,14.22,64.38,169.74,1.7357,1.3256,0.6818,1.3209,130.94,8509.53,NOMINAL,0.1086,0.0,2367.7
DESCENT,2087.86,258.85,269.39,260.43,260.53,961.27,988.66,990.23,981.37,17.98,11.62,61.37,164.7,1.5636,1.0777,0.5677,1.1443,113.48,3188.74,NOMINAL,0.0037,0.0,2437.6
TAKEOFF,2737.8,390.41,390.86,386.87,384.62,1400.17,1423.61,1400.26,1402.88,29.72,20.34,73.85,186.03,4.1648,2.7897,1.7678,3.0688,76.38,812.11,CRACK,0.1867,0.93,1946.3
CLIMB,2460.79,349.1,352.68,342.7,355.08,1232.71,1289.0,1234.02,1264.83,25.18,16.33,67.45,178.69,2.481,1.593,0.9708,1.7921,98.02,4515.92,VIBRATION_FAULT,0.0249,0.5,2178.8
CLIMB,2441.15,343.17,358.44,351.76,353.95,1227.35,1267.72,1234.71,1264.54,24.79,16.4,66.3,178.4,2.2894,1.5862,0.9225,1.6939,87.15,4531.75,NOMINAL,0.1449,0.0,2350.5
LAND,974.92,217.71,226.46,218.0,216.88,585.18,591.14,545.74,580.99,15.63,9.16,53.95,166.35,1.6383,0.98,0.5857,1.1529,44.0,555.0,DELAMINATION,0.6021,3.01,1120.3
CLIMB,2479.84,348.95,354.95,349.55,356.53,1302.38,1302.76,1297.53,1319.72,25.12,18.38,67.5,192.63,8.0243,5.2168,3.3114,5.8472,96.84,4474.5,VIBRATION_FAULT,0.9463,4.73,395.3
LAND,981.53,219.35,224.83,211.3,224.05,597.1,584.53,579.67,582.72,15.49,8.76,57.97,155.85,0.8181,0.6626,0.3852,0.6472,47.09,568.8,NOMINAL,0.1116,0.0,2389.3
CLIMB,2462.23,349.56,360.1,345.05,347.53,1254.49,1270.38,1270.26,1248.66,24.94,16.28,67.83,177.67,2.3302,1.5881,0.9493,1.7179,98.36,4474.06,NOMINAL,0.0221,0.0,2438.7
CRUISE,2315.26,320.4,323.27,315.08,317.15,1178.66,1200.07,1168.55,1205.96,22.46,13.43,69.25,168.76,1.9775,1.1447,0.7723,1.3925,128.01,8387.09,NOMINAL,0.1413,0.0,2363.9
DESCENT,2097.37,260.85,265.06,256.24,262.6,979.58,995.95,957.28,997.13,17.93,11.09,62.61,165.38,1.4441,1.05,0.5405,1.0771,107.42,3226.73,NOMINAL,0.0027,0.0,2413.2
TAXI,821.01,177.98,187.44,171.83,178.75,233.59,242.39,221.96,243.04,14.68,8.14,55.33,141.95,0.7157,0.6056,0.2929,0.5671,26.78,498.87,NOMINAL,0.1498,0.0,2414.5
CRUISE,2292.18,320.24,320.68,313.65,323.19,1188.92,1204.67,1143.62,1184.52,22.26,14.73,60.5,181.75,3.376,2.2641,1.306,2.4651,126.46,8558.21,DELAMINATION,0.546,2.73,985.0
CRUISE,2301.43,341.45,343.66,343.42,344.3,1194.55,1194.69,1156.43,1220.92,22.54,15.28,60.14,182.68,3.0546,1.8291,1.176,2.1648,130.82,8391.24,CORROSION,0.6859,3.43,976.1
CRUISE,2316.31,322.09,329.35,321.62,325.84,1191.38,1202.69,1180.19,1194.81,22.78,14.44,64.54,175.63,2.733,1.7349,1.102,1.9743,127.94,8537.45,VIBRATION_FAULT,0.1803,0.9,1716.6
TAXI,804.93,176.59,186.86,177.99,181.85,220.4,243.33,204.63,240.67,15.54,8.22,57.12,144.45,0.9595,0.5026,0.3554,0.6582,26.76,484.51,NOMINAL,0.1172,0.0,2376.3
CRUISE,2286.16,325.49,324.32,320.2,319.9,1194.02,1207.68,1165.26,1181.19,22.34,13.8,66.28,170.29,1.8108,1.2199,0.7534,1.3335,124.65,8492.14,NOMINAL,0.0323,0.0,2446.1
LAND,1020.94,222.56,231.1,210.67,220.79,643.74,625.1,610.52,619.11,15.82,9.59,59.11,167.38,2.4503,1.6178,1.0018,1.7912,43.76,644.51,VIBRATION_FAULT,0.7157,3.58,827.5
TAXI,806.45,180.45,188.7,174.48,184.18,227.83,249.62,185.37,236.11,15.43,8.38,54.34,143.74,0.7174,0.5599,0.4341,0.5822,23.61,481.34,NOMINAL,0.1335,0.0,2426.3
CRUISE,2291.65,319.8,322.87,320.19,317.47,1190.81,1215.62,1172.58,1188.35,22.56,13.87,62.56,168.24,1.8991,1.1786,0.7393,1.3592,131.2,8505.8,NOMINAL,0.1421,0.0,2347.0
CLIMB,2454.24,347.51,351.34,344.55,349.45,1248.0,1255.21,1248.11,1251.23,24.91,16.49,69.35,181.17,2.5462,1.4831,0.9413,1.7859,93.59,4514.81,NOMINAL,0.1284,0.0,2441.4
CRUISE,2268.15,315.46,329.03,321.13,326.72,1190.91,1185.86,1153.83,1168.27,22.35,14.03,63.79,170.78,1.9521,1.2065,0.693,1.3841,133.45,8501.41,NOMINAL,0.046,0.0,2398.8
LAND,1001.95,216.62,224.52,210.54,217.3,588.89,594.61,562.93,581.11,15.4,9.14,58.17,152.88,0.9824,0.6885,0.3847,0.7274,47.23,648.83,NOMINAL,0.1041,0.0,2373.9
DESCENT,2113.19,261.71,265.56,251.32,260.84,985.38,984.75,967.16,975.8,17.9,10.79,60.25,165.61,1.4536,0.9459,0.5683,1.0537,116.81,3224.29,NOMINAL,0.0645,0.0,2453.7
DESCENT,2090.6,266.75,268.0,257.83,258.6,964.76,997.31,961.12,997.35,18.17,11.22,62.99,165.35,1.4303,0.9631,0.6068,1.0554,112.32,3209.0,NOMINAL,0.1383,0.0,2381.1
LAND,993.14,223.38,227.33,221.41,222.31,567.55,612.12,561.08,593.55,15.55,8.81,57.8,152.03,0.8198,0.6523,0.3814,0.6437,49.77,558.49,NOMINAL,0.1355,0.0,2363.6
CRUISE,2296.48,318.44,327.86,309.77,327.75,1168.48,1172.59,1167.88,1185.47,22.46,14.09,65.77,173.04,1.8448,1.2815,0.7954,1.3758,123.4,8466.67,NOMINAL,0.0255,0.0,2489.4
LAND,1004.05,228.36,230.62,223.1,228.3,585.34,614.44,567.35,589.76,15.53,8.99,56.67,159.61,1.1833,0.7482,0.4829,0.8551,42.77,598.63,CRACK,0.2032,1.02,1514.5
CLIMB,2443.92,385.85,383.18,375.62,384.22,1256.2,1273.49,1248.65,1260.18,25.16,17.75,61.62,195.04,4.287,2.9203,1.7524,3.1611,94.33,4482.29,CORROSION,0.9246,4.62,475.2
TAXI,787.23,181.34,185.43,179.9,181.77,230.11,229.69,202.78,230.11,15.16,8.43,53.95,142.15,0.8505,0.5512,0.2893,0.6085,25.95,493.34,NOMINAL,0.0581,0.0,2446.5
CRUISE,2301.93,325.38,325.57,318.6,321.48,1192.85,1207.03,1164.0,1185.14,22.62,13.8,65.23,169.36,1.9294,1.2253,0.7254,1.3845,132.76,8509.58,NOMINAL,0.0363,0.0,2388.9
CRUISE,2279.95,327.32,326.09,309.13,326.19,1170.98,1210.52,1169.46,1171.16,22.57,14.06,66.38,170.94,1.8008,1.2951,0.7393,1.3499,134.3,8485.81,NOMINAL,0.1124,0.0,2448.3
CLIMB,2472.31,347.33,360.12,341.34,354.82,1300.37,1312.83,1287.03,1284.06,24.96,17.89,68.1,193.21,7.36,4.7479,2.9102,5.3286,90.39,4468.65,VIBRATION_FAULT,0.8085,4.04,738.5
DESCENT,2086.69,259.06,265.63,257.77,261.28,982.98,992.99,968.5,995.41,18.37,11.05,62.17,166.56,1.3848,1.0949,0.659,1.0879,105.72,3214.86,NOMINAL,0.0696,0.0,2449.5
TAKEOFF,2694.41,399.99,404.56,401.74,397.89,1420.68,1410.28,1399.58,1415.42,29.95,20.84,65.0,196.06,4.9741,3.1766,2.0361,3.6045,74.87,767.64,CORROSION,0.6165,3.08,1071.6
DESCENT,2126.92,256.18,265.36,257.18,269.98,971.19,986.72,956.64,1004.66,17.82,11.47,59.49,171.84,2.3186,1.4569,0.9056,1.6652,109.74,3147.83,DELAMINATION,0.349,1.74,1515.9
TAXI,794.67,174.52,182.03,175.86,185.26,240.19,235.79,199.4,225.53,14.94,8.74,57.57,143.75,0.7046,0.5804,0.3359,0.5616,25.84,563.53,NOMINAL,0.0194,0.0,2456.5
CLIMB,2448.06,351.6,355.86,356.12,352.15,1243.39,1269.49,1249.65,1251.29,24.96,16.86,68.95,179.1,2.6782,1.7339,0.9236,1.9177,90.77,4531.83,CORROSION,0.0392,0.5,1963.3
DESCENT,2085.98,263.98,264.67,257.06,255.61,992.03,1005.05,951.86,993.11,18.0,11.06,58.52,163.81,1.5242,0.9421,0.5889,1.089,113.74,3196.9,NOMINAL,0.0439,0.0,2435.0
CLIMB,2458.82,344.88,355.52,340.84,350.97,1258.5,1266.06,1235.36,1260.33,25.02,16.71,68.84,180.56,2.4134,1.4604,1.0029,1.7285,98.37,4598.47,NOMINAL,0.0825,0.0,2386.7
LAND,1002.25,219.05,224.58,215.6,226.5,560.93,585.97,582.63,607.44,15.34,9.3,59.17,154.52,0.7052,0.4849,0.3271,0.529,46.9,630.52,NOMINAL,0.1145,0.0,2427.8
TAXI,801.96,179.89,180.14,175.27,181.92,231.88,228.02,210.45,236.75,15.16,7.97,56.21,146.34,0.8183,0.5224,0.2309,0.5762,26.94,559.46,NOMINAL,0.0641,0.0,2408.0
CLIMB,2445.27,345.12,355.77,347.57,347.38,1254.63,1275.67,1245.84,1265.45,24.69,16.46,68.42,180.63,2.4002,1.5855,0.9134,1.7425,92.11,4448.68,NOMINAL,0.1026,0.0,2395.3
CRUISE,2306.69,316.18,324.48,318.19,323.5,1156.07,1205.13,1161.39,1183.7,22.6,14.69,63.51,174.93,2.1995,1.5124,0.8988,1.6261,130.71,8488.15,DELAMINATION,0.1559,0.78,1710.8
CLIMB,2430.28,347.18,359.09,347.05,354.39,1271.79,1264.45,1245.61,1260.34,25.69,15.67,66.74,180.08,2.4481,1.6644,1.0003,1.8041,97.16,4454.72,CORROSION,0.0501,0.5,2238.3
CRUISE,2314.43,343.08,349.61,343.63,350.72,1169.94,1168.33,1177.38,1186.78,22.59,15.67,58.83,185.2,3.3112,2.0859,1.3152,2.3836,134.93,8484.99,CORROSION,0.8275,4.14,673.4
CRUISE,2280.93,321.4,325.92,318.14,318.46,1173.58,1205.97,1161.88,1199.07,22.55,13.87,64.62,170.01,1.8824,1.2788,0.7414,1.3818,128.57,8536.41,NOMINAL,0.0401,0.0,2470.0
CLIMB,2439.94,348.11,353.47,349.44,349.29,1241.59,1269.87,1224.78,1278.77,25.2,16.15,69.22,180.2,2.3086,1.4901,0.9295,1.6747,91.46,4468.79,NOMINAL,0.0637,0.0,2467.3
DESCENT,2100.97,267.17,270.46,259.88,270.99,986.83,990.6,954.79,1008.67,18.06,11.65,60.77,166.79,1.9166,1.1436,0.7598,1.3612,113.65,3203.26,CORROSION,0.2198,1.1,1643.0
CRUISE,2307.92,320.47,327.51,319.48,321.2,1200.72,1210.74,1193.92,1202.98,22.37,14.5,65.19,176.13,3.8841,2.6567,1.6129,2.872,127.61,8534.59,VIBRATION_FAULT,0.4253,2.13,1153.0
TAXI,791.5,177.12,186.78,173.04,185.84,236.57,237.49,221.67,225.06,15.02,8.83,56.9,148.53,0.8266,0.5717,0.3355,0.6118,28.51,517.33,NOMINAL,0.1419,0.0,2421.9
CRUISE,2322.19,323.15,326.42,313.72,321.79,1199.85,1214.4,1179.53,1204.17,22.48,13.91,66.0,177.24,3.7535,2.395,1.5222,2.7167,127.92,8473.01,VIBRATION_FAULT,0.3857,1.93,1497.6
LAND,984.67,256.37,248.03,249.47,255.88,599.36,608.38,626.19,599.92,14.99,10.47,57.51,174.82,2.2452,1.4941,0.9582,1.6524,46.18,589.8,CRACK,0.8815,4.41,540.6
TAXI,816.52,182.67,183.79,172.53,179.58,204.72,239.77,217.77,229.14,15.63,9.03,55.37,146.26,0.728,0.4984,0.3836,0.5554,23.55,559.5,NOMINAL,0.0234,0.0,2423.4
DESCENT,2098.02,258.91,268.25,252.55,261.33,1006.3,1003.27,978.57,983.93,17.9,11.95,60.95,171.25,2.7773,1.7769,1.16,2.0179,114.11,3240.17,VIBRATION_FAULT,0.3454,1.73,1525.4
CRUISE,2290.7,323.92,326.61,313.02,321.48,1175.11,1188.11,1180.18,1199.38,22.71,14.25,63.9,168.91,2.0167,1.2415,0.6865,1.4236,130.54,8526.19,NOMINAL,0.1254,0.0,2435.7
CRUISE,2301.33,326.08,328.07,318.93,318.31,1184.16,1197.56,1154.44,1200.38,22.3,13.79,65.52,169.74,1.9135,1.2227,0.8307,1.396,127.69,8481.41,NOMINAL,0.0887,0.0,2450.0
CRUISE,2310.41,323.49,326.32,313.65,322.96,1186.79,1201.14,1182.81,1177.83,22.33,14.33,63.23,169.03,1.8415,1.1411,0.7506,1.3237,131.87,8506.25,NOMINAL,0.0183,0.0,2418.3
CRUISE,2295.86,319.26,323.52,317.91,320.98,1179.05,1195.54,1165.27,1191.9,22.39,13.88,66.29,169.47,1.9307,1.1816,0.7378,1.3745,126.92,8574.18,NOMINAL,0.0732,0.0,2411.2
DESCENT,2097.94,261.3,270.76,252.92,257.9,984.87,990.96,940.88,975.08,17.92,11.21,62.09,168.61,1.4834,0.9917,0.5187,1.0728,109.92,3213.37,NOMINAL,0.0941,0.0,2428.8
CLIMB,2448.77,351.89,363.13,345.22,358.19,1226.49,1269.78,1233.99,1253.61,25.16,16.44,65.57,175.14,2.4578,1.4618,0.9974,1.7485,95.31,4493.19,NOMINAL,0.1187,0.0,2359.3
CRUISE,2286.33,320.57,328.26,316.58,324.13,1171.6,1197.25,1165.14,1186.36,22.3,13.87,63.66,166.95,1.8439,1.2726,0.7717,1.3681,126.86,8483.76,NOMINAL,0.022,0.0,2464.7
DESCENT,2098.0,255.93,266.6,255.7,256.6,981.12,1009.8,965.21,965.28,18.09,11.38,61.3,163.96,1.6806,0.9355,0.5439,1.1541,110.06,3222.99,NOMINAL,0.0683,0.0,2434.3
CRUISE,2303.92,315.67,330.35,319.38,320.96,1190.55,1222.0,1155.35,1196.67,23.0,14.71,61.37,176.55,2.9143,1.7621,1.1204,2.0699,129.39,8474.74,DELAMINATION,0.3401,1.7,1382.2
LAND,984.73,220.24,225.81,216.71,221.95,568.23,615.46,590.57,596.56,15.65,9.83,53.88,162.48,1.7312,1.0911,0.6999,1.2487,47.73,600.76,DELAMINATION,0.6599,3.3,826.9
CRUISE,2304.91,312.99,333.96,317.17,321.22,1218.12,1214.7,1209.7,1224.24,22.18,14.78,67.07,175.92,3.8568,2.5092,1.6188,2.8161,130.71,8422.57,VIBRATION_FAULT,0.4286,2.14,1198.3
DESCENT,2104.18,263.68,263.75,250.11,260.94,989.08,992.95,950.03,999.16,18.35,11.21,60.07,164.43,1.5121,0.9264,0.6292,1.0864,107.73,3201.03,NOMINAL,0.0667,0.0,2382.9
CLIMB,2482.9,349.31,353.19,346.12,351.09,1286.8,1302.98,1299.06,1298.46,25.23,18.0,66.46,197.42,8.1306,5.3051,3.2477,5.9104,89.16,4543.7,VIBRATION_FAULT,0.9449,4.72,464.7
CRUISE,2306.48,360.14,350.78,350.88,349.05,1167.16,1185.38,1145.78,1195.12,23.0,16.05,56.35,186.67,3.6288,2.3205,1.4188,2.6183,129.36,8547.13,CORROSION,0.9533,4.77,408.4
TAKEOFF,2709.45,380.12,384.13,376.32,376.43,1407.35,1428.42,1380.12,1399.27,29.65,20.08,72.26,187.91,3.3191,2.1299,1.2861,2.3949,72.68,867.19,NOMINAL,0.1472,0.0,2358.6
TAKEOFF,2713.81,381.59,389.46,377.57,381.87,1400.89,1417.25,1372.59,1397.99,29.99,19.72,71.51,183.11,3.1634,2.0707,1.2597,2.3008,71.43,792.58,NOMINAL,0.1426,0.0,2416.4
CLIMB,2434.27,355.49,354.21,343.9,348.88,1250.67,1291.78,1219.52,1235.32,25.07,17.74,62.36,191.9,4.7038,3.0596,1.9239,3.4248,99.4,4522.43,DELAMINATION,0.7126,3.56,739.9
CRUISE,2321.21,316.46,323.21,310.84,322.3,1180.53,1216.16,1177.32,1180.51,22.72,13.63,64.14,170.21,1.8094,1.2989,0.874,1.3814,129.26,8473.93,NOMINAL,0.092,0.0,2460.4
CLIMB,2453.82,356.69,348.99,341.91,350.44,1256.5,1278.68,1247.72,1239.7,24.83,16.23,67.92,178.03,2.2905,1.5336,0.989,1.6908,93.43,4491.99,NOMINAL,0.0842,0.0,2411.5
CRUISE,2274.06,355.26,364.1,356.02,353.44,1195.75,1200.62,1176.51,1187.48,22.55,15.62,58.07,187.15,3.5664,2.2264,1.4219,2.5624,132.38,8518.53,CORROSION,0.996,4.98,303.0
CRUISE,2325.73,323.23,324.32,310.94,319.94,1223.11,1240.35,1211.95,1237.93,22.74,14.82,66.5,184.64,5.5271,3.761,2.2432,4.0713,125.14,8471.75,VIBRATION_FAULT,0.7839,3.92,645.1
CLIMB,2446.46,349.66,358.06,343.39,356.13,1235.3,1275.38,1257.72,1257.87,25.05,16.21,67.39,180.82,2.4599,1.5851,0.8631,1.7615,93.21,4569.56,NOMINAL,0.0142,0.0,2409.3
DESCENT,2103.99,254.64,260.38,253.43,262.67,961.16,999.52,956.07,979.68,18.32,11.21,60.92,165.34,1.3824,0.9979,0.6554,1.0546,111.65,3286.31,NOMINAL,0.0932,0.0,2372.3
LAND,983.88,219.39,226.01,223.98,221.79,579.06,610.06,567.37,611.97,15.67,9.05,55.76,158.57,0.8475,0.5844,0.3274,0.6237,42.44,551.91,NOMINAL,0.0459,0.0,2386.7
TAKEOFF,2697.09,383.7,388.21,377.51,378.87,1380.97,1430.5,1382.61,1409.0,29.75,20.3,74.21,187.63,3.0134,2.0615,1.2127,2.2212,77.35,800.16,NOMINAL,0.0765,0.0,2445.2
DESCENT,2087.53,257.67,261.2,252.36,257.48,968.59,985.6,973.95,995.17,18.1,11.58,61.91,163.96,1.7318,1.065,0.6296,1.2288,110.21,3211.59,CRACK,0.0203,0.5,2189.0
TAXI,780.39,172.74,189.11,170.46,183.63,206.15,224.34,199.38,232.33,14.88,8.31,54.97,142.82,0.9143,0.4166,0.3091,0.6069,28.18,447.02,NOMINAL,0.11,0.0,2370.5
TAKEOFF,2690.32,383.98,391.37,379.04,388.5,1404.71,1411.01,1401.53,1401.11,30.01,20.07,70.65,186.9,3.5772,2.1627,1.4429,2.5531,74.74,811.43,CORROSION,0.1216,0.61,2005.5
DESCENT,2103.99,260.7,263.24,258.58,261.1,990.63,1012.52,971.34,996.67,17.85,11.47,62.26,164.47,1.4025,0.9459,0.5445,1.026,111.9,3248.82,NOMINAL,0.0567,0.0,2420.6
CRUISE,2285.82,327.53,327.41,327.03,328.16,1155.35,1189.78,1189.52,1194.93,22.69,14.39,62.9,174.26,2.3214,1.4303,0.9589,1.6688,132.8,8492.14,CORROSION,0.2349,1.17,1484.3
CLIMB,2457.84,349.34,355.15,343.32,348.6,1258.88,1256.08,1243.55,1261.09,25.19,16.32,69.3,177.75,2.6073,1.4631,1.0814,1.8356,94.68,4508.91,NOMINAL,0.1068,0.0,2433.0
CRUISE,2302.19,323.92,326.67,316.73,323.35,1158.94,1178.05,1150.04,1185.52,22.03,13.79,63.36,170.88,1.935,1.217,0.665,1.3745,129.41,8513.15,NOMINAL,0.0194,0.0,2424.9
CRUISE,2296.58,317.4,330.74,316.58,324.21,1172.92,1183.11,1163.2,1186.36,22.55,13.78,65.03,172.12,1.7662,1.108,0.8223,1.294,126.34,8484.8,NOMINAL,0.1289,0.0,2406.1
LAND,1030.22,231.32,227.64,225.27,228.34,579.77,587.11,573.42,586.33,15.41,8.79,58.04,156.23,0.9567,0.7081,0.3998,0.7249,44.71,641.32,CORROSION,0.1452,0.73,1759.1
CRUISE,2298.45,315.06,324.65,315.98,320.76,1167.7,1185.09,1176.74,1208.42,21.98,13.9,65.88,169.94,1.8109,1.2063,0.7751,1.3336,129.23,8498.08,NOMINAL,0.0078,0.0,2493.7
CRUISE,2287.93,327.8,325.73,306.9,326.39,1195.02,1203.49,1175.58,1215.92,22.26,14.04,67.36,173.93,1.8707,1.3556,0.8001,1.4116,133.74,8530.79,NOMINAL,0.1268,0.0,2388.2
CRUISE,2324.73,340.5,338.33,334.16,331.7,1197.04,1221.18,1177.85,1206.65,22.99,14.63,66.24,179.11,3.4126,2.2249,1.3832,2.4839,124.87,8537.88,CRACK,0.4495,2.25,1424.6
CRUISE,2302.37,320.7,331.17,316.22,323.01,1164.86,1197.44,1185.45,1195.15,22.23,13.71,64.11,171.8,1.9701,1.0277,0.7559,1.3551,130.37,8461.51,NOMINAL,0.1412,0.0,2422.4
LAND,1004.91,218.25,225.34,215.2,222.99,562.84,589.96,580.42,589.13,15.29,9.18,55.56,161.5,1.4612,0.8856,0.5116,1.0298,45.61,596.1,DELAMINATION,0.413,2.06,1455.7
CRUISE,2295.7,321.22,324.64,318.22,322.82,1172.51,1189.51,1171.22,1203.95,22.73,13.72,63.99,168.76,1.8523,1.126,0.7995,1.3339,128.86,8518.48,NOMINAL,0.1364,0.0,2402.4
TAXI,789.55,179.93,191.1,177.82,183.02,204.16,244.81,215.97,233.22,15.25,8.46,55.78,147.51,0.8264,0.4617,0.2752,0.5692,26.82,461.46,NOMINAL,0.0084,0.0,2488.4
CRUISE,2308.48,324.03,334.71,326.83,332.83,1194.54,1223.9,1181.53,1198.02,22.26,14.1,63.77,174.91,2.7362,1.8124,1.0426,1.9882,127.86,8465.1,CRACK,0.2508,1.25,1617.1
CRUISE,2318.63,314.35,325.79,310.32,313.67,1171.19,1202.95,1158.43,1194.75,22.53,13.96,66.52,168.93,1.9305,1.1268,0.7649,1.364,129.36,8452.71,NOMINAL,0.0263,0.0,2477.0
CRUISE,2302.98,320.15,325.02,314.15,322.24,1192.75,1177.93,1158.33,1177.4,22.23,14.1,65.71,171.92,1.9484,1.2762,0.6894,1.4024,133.71,8491.61,NOMINAL,0.0797,0.0,2439.2
CRUISE,2300.34,331.44,341.84,327.38,334.6,1187.68,1223.15,1162.5,1186.68,22.39,14.67,62.49,179.21,2.6482,1.6521,1.0757,1.9061,130.23,8529.81,CORROSION,0.4022,2.01,1438.3
CRUISE,2295.74,318.09,327.57,320.14,322.2,1194.97,1206.28,1165.59,1196.76,22.39,14.07,63.71,169.88,1.98,1.281,0.791,1.4361,130.72,8506.39,NOMINAL,0.1445,0.0,2401.1
TAKEOFF,2702.19,376.06,379.87,379.95,382.18,1402.52,1424.67,1376.21,1405.16,30.18,19.95,71.68,183.79,3.1407,2.1463,1.1562,2.2955,73.86,809.02,NOMINAL,0.037,0.0,2445.9
CRUISE,2308.42,320.44,320.95,316.35,327.43,1183.17,1199.97,1170.7,1194.97,22.18,13.93,64.78,169.13,1.9549,1.197,0.742,1.391,126.85,8515.13,NOMINAL,0.041,0.0,2448.5
DESCENT,2069.67,259.82,265.39,256.36,262.89,971.79,1015.66,967.21,987.6,18.19,11.21,65.08,164.62,1.5281,0.9301,0.6435,1.0976,110.77,3186.44,NOMINAL,0.1374,0.0,2420.9
CLIMB,2465.7,345.58,355.38,342.91,352.11,1250.32,1273.34,1219.68,1250.84,25.24,16.7,65.0,178.68,2.3174,1.5245,0.9486,1.6926,98.89,4458.29,NOMINAL,0.0878,0.0,2408.2
CLIMB,2445.77,371.46,369.83,366.79,373.18,1247.99,1280.54,1230.64,1262.73,24.64,17.09,62.79,189.05,3.6017,2.2294,1.3464,2.5661,91.72,4510.58,CORROSION,0.4919,2.46,1309.4
LAND,1019.56,218.96,228.05,216.19,217.26,557.86,603.85,588.45,593.78,15.66,8.53,59.22,156.8,0.8443,0.6177,0.2717,0.624,46.81,577.1,NOMINAL,0.028,0.0,2478.4
DESCENT,2078.74,267.74,267.27,258.48,268.1,987.27,1022.02,963.8,1014.91,17.72,11.76,63.33,168.94,1.9414,1.2116,0.7043,1.3824,114.63,3188.13,CRACK,0.1869,0.93,1634.3
CLIMB,2426.97,353.03,357.17,352.44,355.99,1212.82,1285.0,1252.49,1251.16,24.89,16.62,66.78,177.56,2.48,1.5911,0.9267,1.7833,97.56,4512.12,NOMINAL,0.103,0.0,2459.8
TAKEOFF,2699.92,377.29,379.21,375.02,381.57,1401.65,1432.55,1380.17,1405.59,29.99,19.87,72.18,184.27,3.1805,2.1255,1.2613,2.3255,76.98,721.9,NOMINAL,0.1069,0.0,2416.6
CRUISE,2296.38,326.5,325.94,313.48,324.74,1205.9,1193.72,1215.75,1206.64,22.6,14.59,65.59,174.21,3.4757,2.1323,1.3706,2.4837,128.81,8473.91,VIBRATION_FAULT,0.2962,1.48,1537.9
CRUISE,2346.67,327.59,330.49,325.99,318.69,1209.95,1214.36,1173.26,1215.42,22.38,15.12,64.53,177.13,4.1198,2.5942,1.657,2.9692,131.06,8517.51,VIBRATION_FAULT,0.4415,2.21,1450.9
CLIMB,2453.73,347.19,355.64,350.51,353.88,1266.8,1273.33,1223.85,1252.17,24.93,16.39,67.37,179.72,3.2676,2.2377,1.3214,2.4104,97.34,4506.56,VIBRATION_FAULT,0.1517,0.76,1870.9
CRUISE,2294.55,336.43,339.9,335.01,338.94,1193.39,1222.28,1201.94,1210.23,22.45,14.43,65.58,176.9,3.4562,2.2281,1.3082,2.4914,127.67,8516.19,CRACK,0.4495,2.25,1153.0
CLIMB,2469.71,346.08,361.16,344.84,349.71,1254.61,1268.64,1235.63,1262.64,25.01,16.44,69.12,175.4,2.3268,1.5127,0.9071,1.6857,95.21,4520.22,NOMINAL,0.034,0.0,2388.5
CLIMB,2446.14,349.0,351.5,344.9,348.81,1245.99,1247.36,1234.07,1251.37,24.93,16.59,67.95,179.43,2.3711,1.5971,1.0162,1.7518,95.68,4499.17,NOMINAL,0.0487,0.0,2404.8
LAND,1012.01,222.78,228.82,216.15,223.19,583.87,583.51,580.83,569.97,15.68,10.19,50.66,171.45,2.0358,1.2231,0.8717,1.4606,45.18,692.59,DELAMINATION,0.8749,4.37,533.0
LAND,991.72,219.61,226.52,221.13,226.29,585.42,619.23,543.81,595.55,15.81,8.96,56.4,157.5,0.9609,0.6056,0.3644,0.6887,49.98,617.78,NOMINAL,0.116,0.0,2446.6
CLIMB,2450.68,348.05,360.66,342.89,358.89,1241.19,1252.66,1224.2,1246.68,24.94,17.42,63.57,192.31,4.7573,3.2901,1.8983,3.5147,94.74,4448.9,DELAMINATION,0.7069,3.53,940.8
CLIMB,2453.92,348.16,353.43,348.74,347.51,1236.94,1270.13,1248.15,1263.67,24.94,16.41,69.21,179.55,2.404,1.5433,0.9618,1.7403,93.18,4493.99,NOMINAL,0.0293,0.0,2448.5
TAXI,809.82,186.01,189.03,186.57,189.25,215.6,254.51,201.22,206.08,15.02,9.3,52.94,147.85,0.9531,0.6788,0.3763,0.7097,26.48,492.43,CORROSION,0.2097,1.05,1761.9
LAND,993.49,215.18,225.93,211.49,224.09,579.55,615.08,564.04,589.76,15.13,8.62,55.16,158.8,0.9936,0.7493,0.2781,0.7362,48.87,597.28,DELAMINATION,0.1034,0.52,1682.3
CRUISE,2285.67,315.77,321.71,317.33,319.78,1160.32,1202.43,1141.93,1205.95,23.0,13.61,66.26,170.63,1.86,1.2078,0.7927,1.3598,129.9,8396.23,NOMINAL,0.1301,0.0,2397.9
CRUISE,2299.38,317.49,325.34,320.44,322.92,1184.5,1183.01,1163.8,1190.61,22.67,13.88,66.11,167.94,1.9056,1.2291,0.6842,1.3675,129.88,8476.7,NOMINAL,0.1082,0.0,2417.5
DESCENT,2104.21,255.69,266.83,254.55,259.28,1014.01,993.76,965.46,1000.82,17.81,11.32,62.61,165.44,1.6837,0.9267,0.6769,1.1764,111.18,3236.38,NOMINAL,0.1474,0.0,2375.0
CRUISE,2315.67,326.86,336.56,325.64,325.62,1162.58,1196.91,1179.89,1165.05,22.55,14.65,61.45,173.4,2.3767,1.566,1.0126,1.7442,128.53,8467.38,CORROSION,0.252,1.26,1576.0
CRUISE,2309.03,341.37,345.38,338.33,341.52,1202.5,1230.55,1204.9,1196.21,22.56,14.15,65.86,179.16,3.8727,2.4475,1.5343,2.7894,127.38,8527.38,CRACK,0.5322,2.66,1295.2
DESCENT,2086.58,260.38,261.95,256.44,269.08,988.66,997.61,938.45,983.57,18.12,11.54,61.07,171.07,2.2797,1.438,0.8636,1.6341,108.82,3159.51,DELAMINATION,0.3302,1.65,1601.1
LAND,1006.27,218.16,222.21,217.94,219.39,575.19,583.02,562.08,590.29,15.43,9.05,58.17,160.56,0.9339,0.4809,0.3494,0.6391,44.68,575.45,NOMINAL,0.1244,0.0,2448.1
CRUISE,2313.73,314.48,325.08,313.44,323.07,1177.8,1201.02,1181.33,1199.22,22.51,14.14,67.35,171.45,1.8765,1.3117,0.7796,1.3964,127.59,8492.77,NOMINAL,0.08,0.0,2426.6
CRUISE,2301.51,315.06,317.67,321.15,322.33,1198.67,1215.98,1176.82,1190.71,22.4,14.22,64.81,168.94,1.7322,1.23,0.8148,1.3137,133.15,8502.13,NOMINAL,0.0158,0.0,2420.2
CLIMB,2432.53,357.36,358.58,348.96,348.98,1250.96,1267.02,1247.39,1276.32,24.64,16.18,68.77,177.09,2.4652,1.5376,0.8976,1.7557,90.6,4519.37,NOMINAL,0.072,0.0,2390.2
CRUISE,2312.85,306.85,327.76,310.9,315.46,1168.88,1181.96,1186.64,1192.69,22.12,14.39,63.67,176.35,3.2263,2.0086,1.313,2.3214,133.44,8503.38,VIBRATION_FAULT,0.2548,1.27,1580.4
CRUISE,2291.99,321.87,321.96,313.63,317.63,1172.17,1214.11,1172.29,1183.08,22.81,14.01,65.16,172.06,1.8726,1.29,0.8022,1.3921,129.64,8444.15,NOMINAL,0.0627,0.0,2390.3
CRUISE,2294.12,343.31,338.94,339.34,344.39,1220.27,1219.81,1200.06,1204.52,22.44,14.49,64.59,177.33,3.8052,2.5931,1.6014,2.8148,129.28,8502.59,CRACK,0.5879,2.94,1166.5
CRUISE,2304.24,315.32,317.45,312.44,321.46,1191.52,1200.81,1174.41,1179.24,22.48,14.02,64.09,168.07,1.8819,1.2747,0.7148,1.3756,129.48,8554.2,NOMINAL,0.1228,0.0,2403.3
TAXI,820.02,181.07,180.5,181.35,182.96,215.52,254.19,198.66,250.59,15.22,8.8,58.68,145.32,0.7923,0.456,0.314,0.558,22.41,492.52,NOMINAL,0.0386,0.0,2435.3
CRUISE,2295.06,323.67,325.68,321.63,320.89,1176.98,1187.24,1163.4,1169.2,21.97,14.19,62.91,170.73,1.86,1.2914,0.6738,1.364,131.5,8513.26,NOMINAL,0.0107,0.0,2412.4
CRUISE,2305.39,321.12,325.14,313.05,320.74,1197.5,1186.96,1147.12,1172.38,22.49,14.5,67.65,171.17,1.8215,1.1825,0.8038,1.3369,133.33,8474.32,NOMINAL,0.0755,0.0,2426.4
DESCENT,2082.22,261.58,271.0,254.04,258.3,985.94,999.6,964.07,989.97,17.58,12.32,58.57,175.73,2.836,1.8968,1.3032,2.1087,112.75,3196.23,DELAMINATION,0.6678,3.34,986.1
CRUISE,2286.59,329.98,330.37,324.12,326.82,1198.02,1202.65,1205.46,1215.7,22.17,14.35,65.88,172.64,2.6562,1.7292,1.0195,1.9222,132.45,8403.57,CRACK,0.1928,0.96,1473.8
TAKEOFF,2686.95,405.98,398.98,400.93,408.42,1435.69,1442.28,1431.56,1441.41,30.05,20.99,72.5,195.85,7.3891,4.7451,2.9299,5.3447,74.09,790.57,CRACK,0.717,3.58,852.4
TAXI,806.66,180.27,187.85,181.52,184.34,224.36,262.32,204.22,208.59,15.05,8.61,54.41,148.02,0.9204,0.5812,0.3673,0.6633,23.37,584.83,CRACK,0.1407,0.7,1760.9
CRUISE,2322.94,322.33,325.88,314.4,325.77,1182.14,1218.78,1147.75,1195.08,22.36,14.12,65.3,170.92,1.9782,1.3184,0.8576,1.4591,130.04,8478.31,NOMINAL,0.0455,0.0,2422.0
TAKEOFF,2713.74,379.65,381.6,373.03,378.7,1388.89,1424.84,1398.37,1430.39,29.63,20.2,71.22,185.04,3.0816,2.0126,1.3202,2.2575,71.29,824.59,NOMINAL,0.0961,0.0,2430.6
CRUISE,2277.14,319.77,327.24,311.4,320.06,1185.75,1201.52,1162.47,1192.84,22.47,13.71,66.44,170.37,1.7526,1.2663,0.7292,1.3174,129.28,8500.33,NOMINAL,0.0674,0.0,2407.4
CRUISE,2304.58,320.14,325.33,314.68,319.19,1170.15,1211.9,1162.7,1215.59,22.67,13.2,66.06,169.9,1.7888,1.3133,0.7382,1.3502,128.7,8515.01,NOMINAL,0.0321,0.0,2479.1
LAND,1000.5,217.56,229.94,216.43,221.21,575.81,610.32,564.85,602.35,15.38,9.02,58.25,153.29,0.893,0.4536,0.3228,0.6076,41.06,679.9,NOMINAL,0.1287,0.0,2450.0
LAND,1006.17,218.18,228.82,213.74,217.07,580.95,606.4,583.34,595.97,15.37,9.22,59.4,155.48,0.9969,0.7161,0.3328,0.7342,42.75,577.09,NOMINAL,0.071,0.0,2411.7
CLIMB,2430.68,354.43,353.65,350.76,343.05,1245.38,1252.48,1254.24,1280.15,24.41,16.76,69.28,178.59,2.4471,1.591,1.0035,1.782,92.27,4548.02,NOMINAL,0.0001,0.0,2421.4
LAND,981.36,219.58,231.4,211.85,222.61,571.4,587.79,574.01,599.11,15.3,9.22,58.51,154.56,0.9278,0.7072,0.3977,0.7116,43.25,599.25,NOMINAL,0.0938,0.0,2371.1
CRUISE,2297.28,332.33,341.46,334.68,333.28,1197.82,1212.08,1213.19,1195.83,22.59,15.45,64.79,179.09,3.7537,2.4338,1.5493,2.7334,129.58,8528.09,CRACK,0.5252,2.63,1079.2
DESCENT,2098.63,259.96,261.67,254.64,267.24,992.45,991.04,967.81,1001.66,18.11,11.44,62.64,165.39,1.4867,0.9033,0.6346,1.0691,109.45,3134.08,NOMINAL,0.0205,0.0,2402.5
TAKEOFF,2677.01,386.59,394.64,392.14,394.68,1418.02,1420.49,1385.49,1420.12,29.58,20.24,68.28,192.2,3.9722,2.6854,1.623,2.9225,77.75,755.78,CORROSION,0.2913,1.46,1670.8
TAKEOFF,2683.53,376.1,382.36,378.39,383.18,1401.95,1442.1,1402.1,1419.62,29.43,20.12,72.36,184.25,3.3365,2.0831,1.2186,2.3774,72.51,891.29,NOMINAL,0.0724,0.0,2438.8
CRUISE,2311.01,313.16,321.09,316.01,325.88,1179.17,1182.91,1170.19,1184.39,22.78,14.26,64.36,171.4,1.9217,1.317,0.7969,1.4216,131.37,8553.12,NOMINAL,0.0657,0.0,2468.4
CRUISE,2307.25,320.22,327.41,311.79,323.78,1164.58,1209.54,1179.56,1194.18,22.58,13.93,64.28,169.97,2.0586,1.2488,0.6927,1.4465,125.73,8442.48,NOMINAL,0.1104,0.0,2377.6
CRUISE,2287.72,324.98,326.63,317.69,323.6,1187.09,1193.06,1139.99,1182.94,22.28,14.09,65.26,169.51,2.0404,1.1966,0.6487,1.4161,130.3,8547.57,NOMINAL,0.0087,0.0,2483.7
DESCENT,2089.5,278.57,283.11,277.19,277.75,1001.26,1013.04,1006.03,1019.42,18.52,11.53,64.11,174.13,2.9168,1.9522,1.2123,2.1439,112.89,3254.99,CRACK,0.5274,2.64,1049.5
TAXI,792.45,178.93,185.36,174.16,182.21,230.76,245.82,200.64,221.65,14.99,9.26,49.17,152.24,1.3134,0.9409,0.5334,0.9823,27.51,507.5,DELAMINATION,0.4911,2.46,1090.7
TAKEOFF,2713.33,382.11,381.44,374.42,378.59,1401.53,1406.87,1379.96,1399.19,29.74,20.12,71.74,187.76,3.2649,2.033,1.2963,2.3433,73.25,784.2,NOMINAL,0.0695,0.0,2389.6
CRUISE,2301.05,321.52,323.77,318.86,324.24,1172.17,1211.56,1181.93,1214.81,22.93,13.73,66.11,171.58,1.8721,1.2623,0.6661,1.3592,125.24,8431.41,NOMINAL,0.0512,0.0,2396.5
DESCENT,2111.84,254.41,265.4,252.71,263.45,979.63,987.4,988.33,990.69,17.9,11.82,60.24,174.98,2.4598,1.5478,0.9473,1.7648,108.79,3220.29,DELAMINATION,0.4632,2.32,1115.2
TAXI,809.61,176.82,183.86,170.93,176.82,208.97,237.69,196.07,247.98,14.97,8.56,56.58,145.17,0.7709,0.5288,0.2919,0.5654,22.5,524.51,NOMINAL,0.1161,0.0,2374.5
LAND,1009.56,220.58,229.4,214.1,224.74,589.34,594.38,562.84,593.95,15.99,9.19,55.02,162.61,1.2899,0.8868,0.5875,0.9653,40.23,598.5,DELAMINATION,0.3051,1.53,1351.3
CRUISE,2276.98,314.43,326.37,314.13,319.19,1181.13,1189.69,1183.48,1182.55,22.88,13.99,64.22,168.7,2.0211,1.2768,0.722,1.4418,130.3,8405.65,NOMINAL,0.0317,0.0,2451.8
CLIMB,2427.03,345.0,357.58,346.81,350.78,1274.63,1275.41,1252.67,1259.39,24.86,16.85,66.4,185.5,3.5237,2.3301,1.4646,2.5814,93.59,4486.26,DELAMINATION,0.3397,1.7,1251.9
TAKEOFF,2705.59,376.06,389.3,383.52,379.56,1383.8,1415.84,1384.82,1417.93,29.86,20.01,72.11,182.98,3.2663,2.1771,1.2201,2.3733,71.05,783.92,NOMINAL,0.0828,0.0,2435.5
CLIMB,2461.13,349.32,354.56,347.31,350.03,1275.33,1295.75,1273.21,1302.08,24.58,17.05,66.07,191.62,7.1687,4.6828,2.8484,5.21,92.88,4557.33,VIBRATION_FAULT,0.7986,3.99,698.5
CRUISE,2305.98,321.36,323.18,316.51,318.71,1170.6,1180.86,1176.77,1194.88,22.42,13.97,62.8,171.63,2.1829,1.4891,0.8906,1.6099,131.76,8499.71,VIBRATION_FAULT,0.0649,0.5,2180.2
CRUISE,2305.99,319.54,331.58,318.24,320.1,1201.23,1193.95,1184.73,1193.1,22.61,14.43,65.34,177.21,3.3979,2.2071,1.372,2.4697,127.85,8499.55,VIBRATION_FAULT,0.3231,1.62,1716.1
CRUISE,2284.58,315.91,326.32,315.0,314.06,1203.36,1174.13,1168.37,1196.76,22.32,14.19,63.79,170.31,1.7256,1.3054,0.76,1.324,126.01,8525.15,NOMINAL,0.0846,0.0,2428.5
CRUISE,2297.48,319.64,324.45,314.52,321.03,1172.89,1193.72,1162.85,1199.13,22.67,13.6,63.96,172.99,1.9937,1.3007,0.8,1.4499,129.35,8498.36,CORROSION,0.0411,0.5,2219.3
TAKEOFF,2695.26,391.13,397.8,387.53,392.13,1395.7,1416.93,1384.11,1403.57,29.62,20.54,70.59,192.05,4.0223,2.6709,1.6275,2.9417,71.09,811.01,CORROSION,0.3294,1.65,1565.7
CRUISE,2295.99,317.28,322.94,314.42,324.07,1188.46,1233.11,1153.52,1191.03,22.33,15.53,59.07,188.62,4.3257,2.9156,1.6633,3.1612,124.05,8490.04,DELAMINATION,0.9482,4.74,426.6
DESCENT,2122.87,260.38,265.63,260.04,260.69,984.66,1003.39,956.34,994.65,18.55,11.54,60.99,169.21,1.5551,1.0005,0.5951,1.1215,111.71,3204.47,NOMINAL,0.14,0.0,2446.7
CRUISE,2298.21,340.76,346.99,342.17,343.81,1215.76,1211.35,1193.38,1227.03,22.51,15.11,65.61,182.22,4.4748,2.9716,1.7665,3.2647,134.75,8502.0,CRACK,0.7451,3.73,812.6
CLIMB,2454.96,364.95,374.2,361.96,358.9,1260.57,1272.2,1253.4,1249.42,24.94,17.08,65.44,187.45,3.4104,2.2189,1.2997,2.466,96.92,4531.56,CORROSION,0.4598,2.3,1266.1
CRUISE,2291.64,324.37,325.8,315.32,321.53,1179.21,1192.16,1170.58,1188.84,22.45,15.41,58.36,184.14,4.0761,2.695,1.6175,2.9717,127.95,8467.82,DELAMINATION,0.841,4.21,675.5
DESCENT,2104.17,283.12,281.77,278.52,285.8,989.94,1009.24,964.83,989.94,18.1,11.88,54.59,176.01,2.3491,1.4802,0.8791,1.6815,109.17,3118.87,CORROSION,0.572,2.86,1155.7
TAXI,791.6,175.92,181.52,172.49,184.21,213.88,224.7,217.05,231.55,14.61,8.8,55.09,146.39,0.782,0.6163,0.3009,0.6005,18.41,464.43,NOMINAL,0.0597,0.0,2413.5
LAND,1000.22,219.95,225.91,217.88,222.64,576.97,585.97,584.32,613.78,15.94,9.01,55.99,151.76,0.8561,0.5817,0.3552,0.6318,45.48,544.3,NOMINAL,0.0678,0.0,2414.4
CRUISE,2298.92,324.42,325.89,316.91,320.46,1181.76,1209.33,1172.95,1196.91,22.08,14.64,63.02,170.28,1.888,1.2286,0.8035,1.3808,128.23,8482.69,NOMINAL,0.0632,0.0,2407.9
CLIMB,2483.23,356.97,362.36,347.13,352.55,1277.16,1300.42,1286.75,1281.44,25.18,17.81,66.65,190.42,6.4208,4.1766,2.5228,4.656,90.43,4469.78,VIBRATION_FAULT,0.671,3.36,925.2
TAKEOFF,2704.43,415.41,408.57,409.83,410.73,1449.31,1448.3,1450.56,1465.83,29.55,21.28,72.16,202.5,8.9077,5.7518,3.6263,6.4699,71.03,833.61,CRACK,0.9806,4.9,312.2
CRUISE,2314.51,323.83,325.55,314.73,319.0,1177.75,1192.31,1188.52,1175.16,22.6,14.53,65.93,167.98,1.7766,1.2515,0.7675,1.3306,133.08,8521.94,NOMINAL,0.0585,0.0,2460.9
CLIMB,2433.15,353.18,358.06,347.95,347.37,1248.2,1263.33,1239.23,1266.34,24.87,16.36,68.82,175.97,2.3403,1.5604,1.005,1.7245,92.58,4571.59,NOMINAL,0.0265,0.0,2427.0
CLIMB,2430.41,352.52,354.68,342.48,358.34,1235.67,1259.28,1230.7,1226.41,25.02,16.23,68.97,179.69,2.4185,1.5746,0.9682,1.7575,93.25,4475.41,NOMINAL,0.0952,0.0,2463.7
CRUISE,2322.42,322.57,326.72,318.1,321.79,1191.57,1211.68,1154.32,1209.29,22.71,14.05,66.49,169.37,2.8162,1.8146,1.0997,2.0358,130.05,8523.31,VIBRATION_FAULT,0.1869,0.93,1988.7
TAXI,795.08,183.55,188.25,174.49,181.72,219.75,257.28,194.31,224.74,14.8,8.54,54.25,144.1,0.9188,0.4706,0.312,0.6226,23.85,484.17,NOMINAL,0.0524,0.0,2432.2
CRUISE,2310.29,328.5,329.78,316.16,317.9,1199.32,1211.81,1154.04,1189.45,22.2,13.25,63.52,171.51,2.2943,1.4417,0.9678,1.6612,132.57,8494.99,VIBRATION_FAULT,0.0732,0.5,2166.2
CLIMB,2446.46,352.33,360.6,349.36,353.17,1267.49,1273.09,1236.94,1277.74,25.18,16.89,66.57,176.45,2.3346,1.5709,1.0512,1.7343,92.15,4536.21,NOMINAL,0.0744,0.0,2412.2
CRUISE,2310.56,322.17,322.93,312.3,326.45,1192.58,1210.42,1181.87,1171.57,22.11,13.8,64.42,168.94,1.9222,1.3019,0.7453,1.4078,127.96,8532.52,NOMINAL,0.0436,0.0,2416.3
TAXI,787.83,188.48,190.63,179.86,189.2,210.82,229.35,193.58,209.56,15.33,9.1,53.1,146.62,0.7771,0.469,0.4052,0.5739,20.06,454.24,CORROSION,0.1696,0.85,1844.1
LAND,995.72,216.02,223.78,214.99,215.38,570.56,593.53,559.73,585.89,15.67,9.04,59.81,152.29,0.8663,0.6587,0.2727,0.6478,42.06,575.37,NOMINAL,0.148,0.0,2432.8
DESCENT,2113.01,259.9,261.99,265.8,262.68,984.51,1004.41,973.48,1015.82,18.45,10.92,64.42,163.74,1.5258,0.8879,0.6518,1.0865,109.23,3154.02,NOMINAL,0.0938,0.0,2398.7
CRUISE,2318.88,318.95,333.18,318.19,322.88,1180.1,1197.84,1159.85,1177.18,22.41,14.36,63.32,172.41,1.9115,1.2819,0.8017,1.4071,132.32,8500.9,NOMINAL,0.092,0.0,2374.7
CRUISE,2287.5,350.7,352.28,355.37,360.11,1230.4,1256.88,1233.98,1229.4,22.79,15.42,65.3,185.53,5.1874,3.4835,2.1784,3.8205,134.86,8467.63,CRACK,0.9965,4.98,272.7
TAKEOFF,2694.11,407.31,407.26,404.69,409.79,1445.28,1414.81,1430.35,1420.06,29.84,21.09,71.3,194.69,6.8518,4.461,2.7511,4.9805,75.26,823.41,CRACK,0.6414,3.21,1027.6
CRUISE,2313.26,329.6,327.64,321.72,319.57,1198.8,1211.89,1226.68,1209.2,22.29,15.12,65.07,178.31,4.1469,2.7566,1.7314,3.0438,131.97,8480.83,VIBRATION_FAULT,0.4833,2.42,1212.7
CRUISE,2321.8,318.7,325.79,315.05,331.8,1233.25,1216.3,1232.69,1237.32,22.24,15.51,65.64,188.89,6.2567,4.1981,2.63,4.6075,134.72,8450.96,VIBRATION_FAULT,0.9471,4.74,382.8
TAXI,791.42,180.76,184.82,177.97,179.17,207.73,253.79,235.27,251.87,15.18,8.82,54.18,145.91,0.7533,0.5954,0.3762,0.5954,30.19,490.83,NOMINAL,0.1396,0.0,2439.7
DESCENT,2118.95,261.77,266.26,257.18,267.94,978.42,997.03,943.21,988.24,18.07,10.97,60.79,161.67,1.4532,1.0603,0.5259,1.0821,111.97,3235.17,NOMINAL,0.0223,0.0,2410.2
TAXI,829.43,183.63,189.34,177.29,182.0,230.23,252.98,210.05,245.5,15.92,8.52,55.12,144.83,0.8107,0.5934,0.3244,0.6095,25.47,490.01,NOMINAL,0.1184,0.0,2437.3
DESCENT,2123.75,265.75,267.77,270.14,268.25,1001.0,996.02,979.71,1015.5,18.03,11.53,60.21,169.89,1.9589,1.3813,0.8188,1.4624,110.73,3230.9,CRACK,0.1932,0.97,1841.5
CRUISE,2297.95,322.93,322.7,310.51,319.34,1178.62,1149.22,1154.63,1168.66,22.79,14.28,65.33,170.18,1.9436,1.1751,0.8226,1.3946,130.23,8536.7,NOMINAL,0.0972,0.0,2393.5
DESCENT,2099.24,261.69,266.72,254.3,264.13,983.37,1012.52,946.27,990.43,17.82,12.37,55.61,178.3,3.3641,2.1816,1.2889,2.4316,110.4,3169.54,DELAMINATION,0.8826,4.41,442.0
TAKEOFF,2700.81,378.49,387.76,378.69,382.89,1387.82,1415.48,1388.94,1413.48,29.88,20.32,73.61,186.82,3.2472,2.0045,1.3393,2.335,77.05,789.77,NOMINAL,0.0887,0.0,2465.0
CRUISE,2319.46,313.88,322.09,312.83,315.11,1201.95,1236.41,1216.2,1210.13,22.33,15.43,66.45,182.84,5.3486,3.3695,2.1132,3.8482,126.31,8485.43,VIBRATION_FAULT,0.7062,3.53,763.0
CRUISE,2312.13,328.17,327.46,315.78,316.39,1184.7,1204.71,1151.73,1187.12,22.5,15.27,60.08,182.42,3.8946,2.5554,1.5423,2.8329,128.95,8528.5,DELAMINATION,0.7438,3.72,679.7
CRUISE,2298.87,321.13,327.59,316.59,311.7,1171.57,1201.56,1166.69,1196.14,22.76,14.15,64.13,169.03,2.0305,1.2243,0.7552,1.4367,131.27,8549.49,NOMINAL,0.1023,0.0,2430.1
TAKEOFF,2680.75,378.96,387.99,374.73,388.16,1401.39,1416.77,1383.77,1393.68,29.78,20.21,71.86,185.42,3.1463,2.0053,1.2747,2.2764,75.55,793.25,NOMINAL,0.025,0.0,2399.5
CRUISE,2312.06,321.74,327.25,322.8,324.74,1169.86,1175.64,1165.11,1197.5,22.74,14.73,59.96,185.36,3.9169,2.5393,1.5406,2.8381,128.85,8531.42,DELAMINATION,0.7399,3.7,651.1
CLIMB,2480.51,344.72,355.19,343.3,353.34,1226.61,1283.23,1250.07,1263.21,24.92,16.71,68.39,179.71,2.3902,1.5491,1.0139,1.7455,96.58,4493.04,NOMINAL,0.1335,0.0,2378.4
LAND,995.8,217.74,226.96,214.12,218.81,591.92,594.55,545.58,600.17,15.39,9.89,54.43,166.31,1.5049,0.9662,0.6335,1.0954,44.86,648.01,DELAMINATION,0.6093,3.05,1094.6
TAKEOFF,2703.5,389.16,380.78,376.42,380.44,1402.82,1439.02,1409.78,1410.65,30.02,20.16,70.71,185.03,3.1596,2.0762,1.2374,2.2967,75.39,812.23,NOMINAL,0.1466,0.0,2437.3
CLIMB,2469.62,388.99,379.64,383.84,387.58,1306.69,1307.92,1269.82,1293.56,24.9,18.26,67.12,193.95,6.3323,4.0258,2.52,4.57,95.37,4535.08,CRACK,0.8947,4.47,535.9
DESCENT,2101.68,260.19,268.68,254.52,262.15,980.88,989.45,954.16,994.59,18.25,11.01,61.74,166.49,1.5741,0.9889,0.6207,1.1315,111.33,3228.44,NOMINAL,0.0794,0.0,2407.2
CRUISE,2313.64,319.35,327.32,309.68,318.85,1203.85,1205.44,1208.33,1218.4,22.86,14.64,65.28,180.13,4.8547,3.2801,2.0304,3.58,131.38,8447.34,VIBRATION_FAULT,0.651,3.25,849.7
LAND,1031.14,222.2,229.38,219.74,222.37,614.15,629.71,606.48,629.73,15.72,9.46,56.43,165.17,2.0729,1.4138,0.8666,1.5326,48.25,620.2,VIBRATION_FAULT,0.5633,2.82,1021.0
DESCENT,2105.13,278.07,289.64,289.04,283.99,1015.23,1016.19,990.24,1014.62,18.41,12.57,61.07,176.5,3.5527,2.137,1.317,2.5115,108.93,3145.68,CRACK,0.697,3.48,965.9
TAXI,789.17,184.65,181.92,175.5,178.93,217.48,226.92,208.91,233.86,15.55,8.32,56.94,143.55,0.781,0.6259,0.4651,0.6372,29.21,491.06,NOMINAL,0.0283,0.0,2406.2
DESCENT,2102.81,258.23,262.61,254.91,263.1,992.02,994.95,967.06,999.65,18.02,11.31,62.09,165.36,1.4137,0.9823,0.6714,1.0668,110.42,3166.65,NOMINAL,0.0933,0.0,2403.8
CRUISE,2286.48,322.27,330.85,314.32,315.25,1184.39,1198.39,1149.43,1197.26,22.63,14.72,61.1,185.23,3.799,2.6168,1.6196,2.8227,133.54,8475.04,DELAMINATION,0.7708,3.85,686.8
DESCENT,2077.16,261.89,265.04,246.44,262.26,993.89,982.32,959.45,995.29,17.36,11.04,62.42,163.99,1.3962,0.9,0.5194,1.0048,108.42,3242.27,NOMINAL,0.0439,0.0,2433.4
CRUISE,2274.9,326.48,323.92,318.52,322.55,1191.94,1209.45,1171.33,1194.65,22.8,13.88,66.87,168.73,1.9061,1.2728,0.6785,1.3801,133.45,8519.04,NOMINAL,0.1078,0.0,2409.0
CRUISE,2310.17,320.81,320.19,311.02,322.02,1174.06,1200.7,1184.47,1200.38,22.33,15.03,59.91,176.92,3.2569,2.0483,1.2584,2.3371,132.48,8526.31,DELAMINATION,0.4986,2.49,1100.7
CRUISE,2311.6,340.37,339.21,331.7,339.02,1217.37,1207.63,1185.83,1191.53,22.32,14.86,64.28,179.59,3.5614,2.2141,1.3608,2.5454,131.37,8477.02,CRACK,0.4398,2.2,1474.2
CRUISE,2315.02,317.84,321.99,319.15,320.26,1225.89,1227.14,1206.79,1229.01,22.26,14.74,65.86,177.77,4.9937,3.2806,2.0625,3.6493,133.79,8494.79,VIBRATION_FAULT,0.6511,3.26,847.2
DESCENT,2094.68,295.54,290.46,290.39,286.06,985.07,1007.05,976.68,975.46,18.25,12.22,54.94,177.9,2.6718,1.6858,1.052,1.9224,110.15,3233.09,CORROSION,0.8786,4.39,505.8
CRUISE,2293.28,349.18,351.59,352.3,352.36,1223.73,1199.98,1217.37,1217.28,23.01,15.4,65.89,187.74,5.0777,3.2594,1.9939,3.6689,124.95,8505.69,CRACK,0.9219,4.61,435.9
LAND,996.47,217.73,228.33,216.14,219.76,578.08,585.53,564.06,596.99,15.17,8.78,57.1,152.6,1.0492,0.6602,0.3301,0.7407,44.28,519.11,NOMINAL,0.0811,0.0,2430.7
CLIMB,2453.98,352.38,356.97,342.22,353.13,1257.62,1262.87,1215.84,1274.21,25.02,15.67,70.48,177.14,2.5951,1.5826,0.9499,1.8386,95.46,4471.63,NOMINAL,0.054,0.0,2411.6
CRUISE,2291.36,325.46,337.76,324.49,330.05,1189.49,1236.39,1166.97,1178.82,22.92,14.14,65.49,176.2,2.5247,1.7529,1.0031,1.8666,128.23,8405.86,CRACK,0.1728,0.86,1976.3
LAND,1003.61,217.02,231.01,226.44,226.3,582.28,608.99,576.03,603.93,15.5,8.33,58.3,157.06,0.9418,0.678,0.4142,0.7114,43.13,548.58,CORROSION,0.1384,0.69,1629.1
CRUISE,2334.05,327.42,326.83,314.51,327.8,1224.62,1222.45,1209.29,1219.17,22.54,14.93,63.83,181.55,5.0851,3.165,1.9642,3.6393,127.77,8546.29,VIBRATION_FAULT,0.641,3.2,872.1
CRUISE,2283.93,322.9,323.77,318.43,323.55,1173.56,1187.45,1174.91,1181.69,22.78,13.75,65.42,169.3,1.9005,1.193,0.7511,1.3661,123.6,8467.48,NOMINAL,0.0544,0.0,2435.2
TAXI,816.97,176.99,182.12,169.41,184.12,221.03,244.57,209.58,229.89,15.27,9.15,54.43,148.7,0.8682,0.5419,0.3477,0.6241,17.01,489.53,NOMINAL,0.1135,0.0,2393.5
CRUISE,2299.45,315.43,324.04,318.86,314.54,1183.74,1187.18,1183.6,1194.74,22.12,13.88,65.54,169.45,1.9116,1.2338,0.8033,1.3931,131.1,8498.07,NOMINAL,0.0024,0.0,2400.0
CRUISE,2317.61,330.37,324.84,316.17,325.55,1192.11,1200.14,1156.29,1211.82,22.67,14.07,64.13,170.1,1.7548,1.2795,0.8092,1.3381,130.57,8461.59,NOMINAL,0.0759,0.0,2374.6
TAKEOFF,2691.08,407.86,407.51,402.09,402.18,1397.85,1406.35,1391.12,1416.7,30.09,21.24,66.85,197.16,5.1534,3.3694,2.1607,3.7674,76.59,816.3,CORROSION,0.7025,3.51,840.0
CLIMB,2436.24,347.3,358.92,346.79,348.7,1243.03,1273.98,1246.37,1261.6,24.71,16.38,70.86,175.82,2.43,1.6872,0.9463,1.7932,99.58,4472.49,NOMINAL,0.0514,0.0,2435.6
CLIMB,2444.99,353.47,353.92,344.68,356.8,1241.02,1275.43,1217.51,1248.41,24.95,16.86,66.9,176.34,2.4218,1.586,0.9082,1.7517,93.7,4543.47,NOMINAL,0.0616,0.0,2417.4
TAKEOFF,2693.79,384.91,388.03,379.08,380.12,1409.89,1427.58,1394.23,1406.61,29.84,19.54,74.11,183.91,3.1732,2.0009,1.3136,2.2948,76.32,788.18,NOMINAL,0.003,0.0,2452.1
CLIMB,2449.45,348.52,350.47,349.37,346.96,1247.55,1255.58,1249.92,1266.98,24.91,18.07,58.93,194.23,5.3719,3.6081,2.2012,3.9464,96.62,4477.87,DELAMINATION,0.9096,4.55,430.3
CRUISE,2288.78,322.48,324.34,312.22,317.76,1188.37,1167.47,1155.87,1206.83,22.41,14.21,65.51,169.66,1.7673,1.1554,0.6929,1.283,131.21,8526.78,NOMINAL,0.0172,0.0,2394.3
CRUISE,2300.1,320.27,323.33,321.73,324.37,1180.88,1191.77,1158.0,1194.77,22.38,14.04,62.72,169.05,1.8913,1.2931,0.7139,1.3855,126.29,8517.79,NOMINAL,0.0135,0.0,2468.7
CRUISE,2299.0,324.86,322.22,317.89,315.14,1184.33,1216.08,1169.7,1181.98,22.81,14.1,65.18,168.17,1.9291,1.1939,0.7756,1.3842,130.12,8543.36,NOMINAL,0.0437,0.0,2445.1
TAXI,799.74,178.58,185.43,178.35,188.43,199.86,222.82,206.3,230.6,15.15,8.33,53.52,143.9,0.8654,0.5256,0.3538,0.6192,21.99,557.77,NOMINAL,0.1355,0.0,2371.0
TAKEOFF,2705.19,382.1,395.41,378.24,384.18,1413.74,1424.38,1387.54,1413.91,30.01,20.52,70.19,181.6,3.3079,2.0322,1.1971,2.3455,70.62,872.07,NOMINAL,0.0593,0.0,2451.4
DESCENT,2110.31,258.97,263.25,259.97,261.91,977.7,1005.11,942.36,995.69,18.1,10.79,59.67,163.98,1.5146,0.9921,0.6852,1.1177,110.46,3144.05,NOMINAL,0.0102,0.0,2477.9
CRUISE,2305.51,317.48,328.07,313.28,312.33,1165.2,1203.5,1177.27,1210.61,22.59,15.1,62.06,180.0,3.2168,2.0629,1.3052,2.3315,128.25,8402.94,DELAMINATION,0.4619,2.31,1335.0
DESCENT,2101.57,262.51,267.82,252.43,259.22,988.03,998.87,980.72,986.12,18.18,11.19,61.13,166.67,1.4206,0.9794,0.6089,1.0564,109.7,3239.63,NOMINAL,0.0513,0.0,2403.6
DESCENT,2117.58,280.99,282.86,273.44,277.82,1013.02,1028.39,1009.17,1019.82,18.5,11.92,63.22,175.74,2.9065,1.895,1.1714,2.1143,108.23,3216.03,CRACK,0.5078,2.54,1231.8
DESCENT,2090.18,259.61,263.32,258.26,266.17,996.0,1002.04,981.01,983.25,17.96,10.85,63.45,168.54,1.4721,0.8448,0.5522,1.0305,108.37,3146.95,NOMINAL,0.062,0.0,2465.6
LAND,1007.92,212.77,224.14,216.13,218.27,582.83,596.59,562.62,579.63,15.57,8.57,55.92,155.04,0.8009,0.4862,0.3665,0.5808,44.59,565.35,NOMINAL,0.0192,0.0,2401.3
CRUISE,2280.74,324.53,327.95,312.67,321.96,1182.14,1197.53,1189.52,1166.66,22.13,14.62,58.12,186.67,4.2482,2.7252,1.708,3.0763,129.26,8529.63,DELAMINATION,0.8719,4.36,503.1
CRUISE,2317.11,317.15,329.84,310.87,326.35,1190.22,1196.13,1179.0,1183.99,22.27,14.51,64.35,171.22,1.9887,1.2834,0.79,1.4406,131.7,8542.3,NOMINAL,0.0079,0.0,2453.1
LAND,1012.34,216.15,225.2,217.49,227.29,566.1,607.52,563.71,581.92,15.27,8.6,58.6,154.59,0.9571,0.5177,0.3948,0.6683,46.08,539.69,NOMINAL,0.0304,0.0,2432.5
DESCENT,2111.62,259.56,268.54,249.66,263.38,1000.79,989.66,978.99,1011.28,18.17,12.51,54.75,175.39,3.0228,1.9481,1.1882,2.1867,109.34,3211.38,DELAMINATION,0.6707,3.35,883.0
CRUISE,2292.01,317.94,331.34,318.0,319.62,1176.26,1186.17,1180.8,1186.98,22.44,15.43,56.71,184.06,3.9864,2.5746,1.5674,2.8854,128.22,8511.3,DELAMINATION,0.7847,3.92,699.5
TAKEOFF,2702.36,378.26,390.43,375.51,385.66,1390.86,1408.59,1368.04,1404.09,29.74,20.12,72.84,186.12,3.2909,2.0268,1.2815,2.3509,72.5,816.57,NOMINAL,0.0258,0.0,2448.9
CRUISE,2289.29,321.53,324.74,315.58,320.62,1177.3,1211.87,1167.05,1182.78,22.52,14.39,58.54,184.58,3.7106,2.3908,1.4975,2.6911,131.84,8553.15,DELAMINATION,0.685,3.43,780.0
TAKEOFF,2700.68,402.27,397.19,398.33,392.09,1383.32,1416.78,1401.67,1404.28,29.65,21.04,69.49,191.13,4.3407,2.9154,1.6819,3.1712,77.7,827.67,CORROSION,0.4197,2.1,1327.1
CLIMB,2443.96,345.56,363.76,349.02,356.79,1248.32,1268.37,1256.97,1265.2,25.15,16.23,66.9,178.47,2.4298,1.5002,0.9779,1.7427,91.95,4500.55,NOMINAL,0.0583,0.0,2465.3
TAXI,796.27,190.14,192.04,185.48,194.84,250.0,261.41,246.3,267.13,15.44,8.89,55.2,147.4,1.368,0.865,0.6066,0.9979,23.14,520.62,CRACK,0.359,1.8,1631.4
CLIMB,2430.38,354.75,359.68,344.35,352.92,1250.46,1260.65,1239.48,1254.69,25.25,16.44,70.87,177.86,2.409,1.5917,1.0019,1.7645,95.19,4520.26,NOMINAL,0.0172,0.0,2485.0
CRUISE,2318.21,322.0,327.15,319.43,331.65,1201.32,1194.0,1207.69,1195.29,22.86,14.57,63.85,173.21,2.5837,1.6441,1.0487,1.8689,127.0,8493.0,CRACK,0.2203,1.1,1706.2
CRUISE,2293.31,317.76,324.6,323.25,318.19,1179.98,1203.58,1182.59,1186.01,22.26,14.09,66.58,169.51,1.8328,1.2416,0.6788,1.3369,129.45,8547.12,NOMINAL,0.1307,0.0,2407.7
LAND,1007.97,214.86,219.42,220.84,222.86,599.63,581.94,566.07,602.35,15.32,9.1,57.85,155.05,0.8053,0.6001,0.4696,0.6401,45.97,568.33,NOMINAL,0.0849,0.0,2430.9
CRUISE,2303.27,325.34,322.97,316.29,326.05,1152.93,1209.12,1166.94,1207.3,22.29,13.58,64.35,168.98,1.8835,1.2069,0.6596,1.3465,129.76,8509.27,NOMINAL,0.0941,0.0,2374.5
CLIMB,2446.39,350.4,355.17,340.78,356.28,1238.33,1253.09,1238.49,1256.21,25.15,16.76,68.86,178.0,2.4443,1.4664,1.0147,1.7468,93.99,4578.8,NOMINAL,0.0778,0.0,2427.0
DESCENT,2100.26,264.14,258.09,255.44,267.95,990.14,987.95,971.77,978.28,17.91,11.3,62.61,166.31,1.5987,0.9034,0.6012,1.1156,107.87,3184.05,NOMINAL,0.1323,0.0,2377.9
TAKEOFF,2686.74,403.8,401.42,398.57,401.49,1438.73,1448.46,1437.39,1448.26,29.59,21.49,72.96,196.72,7.1574,4.6324,2.8104,5.1828,76.67,832.88,CRACK,0.6923,3.46,958.3
TAXI,788.89,175.69,182.72,176.39,177.16,233.53,250.82,213.09,239.72,15.21,8.64,53.44,147.5,0.761,0.5123,0.4444,0.5885,24.45,529.58,NOMINAL,0.1049,0.0,2438.7
CRUISE,2306.95,335.31,336.42,334.03,337.28,1204.67,1226.2,1183.94,1197.75,22.76,15.29,66.01,180.24,3.3957,2.2271,1.3733,2.475,129.86,8556.45,CRACK,0.4391,2.2,1246.3
DESCENT,2086.14,260.08,262.23,260.4,264.4,987.92,1010.87,972.69,996.56,18.36,11.16,62.73,163.1,1.5063,1.1106,0.6407,1.1421,109.79,3210.58,NOMINAL,0.037,0.0,2387.0
CRUISE,2306.36,327.59,332.55,325.52,326.97,1185.82,1207.36,1185.58,1193.82,22.36,14.29,61.9,175.2,2.1051,1.5369,0.9652,1.6047,122.67,8551.01,CORROSION,0.2163,1.08,1631.1
DESCENT,2090.9,264.61,264.43,259.17,261.57,980.66,979.14,954.24,1005.52,17.96,11.29,64.17,164.77,1.4853,1.0474,0.6006,1.1051,110.8,3239.87,NOMINAL,0.0389,0.0,2392.6
CRUISE,2305.06,335.1,338.97,324.93,340.48,1164.94,1185.17,1162.74,1168.48,22.62,14.79,60.78,176.95,2.621,1.7766,0.9909,1.9155,128.98,8438.82,CORROSION,0.4541,2.27,1202.0
DESCENT,2115.2,256.42,267.08,259.92,264.44,989.54,976.6,976.17,980.48,18.17,12.33,57.7,176.07,2.9197,1.86,1.1418,2.1046,107.66,3215.84,DELAMINATION,0.6259,3.13,1092.4
LAND,1008.76,223.0,232.04,218.54,222.04,585.07,594.78,582.63,571.41,15.38,8.93,59.41,154.98,0.8374,0.5723,0.3417,0.6179,44.2,582.59,NOMINAL,0.0892,0.0,2455.9
LAND,1003.6,222.36,231.24,219.01,224.83,583.55,576.85,571.36,591.35,15.76,8.97,57.84,158.52,0.9679,0.6054,0.3828,0.6952,45.15,600.66,NOMINAL,0.0666,0.0,2406.5
LAND,973.96,216.8,224.11,217.58,216.22,573.75,590.21,569.4,595.44,15.34,8.63,57.18,154.3,0.8959,0.6639,0.3094,0.6681,49.38,550.65,NOMINAL,0.0208,0.0,2459.0
DESCENT,2100.98,272.41,274.83,267.45,272.41,958.79,988.01,993.72,1019.95,18.34,11.44,62.23,167.35,2.4173,1.639,0.9773,1.7781,109.17,3199.47,CRACK,0.3502,1.75,1421.8
DESCENT,2097.26,254.27,270.79,259.55,254.24,978.44,997.73,984.42,989.83,18.04,12.03,57.33,176.58,2.5147,1.6467,1.031,1.8347,106.65,3270.62,DELAMINATION,0.5134,2.57,1311.1
CRUISE,2309.56,330.95,338.8,322.47,328.24,1180.8,1204.51,1189.1,1207.17,22.91,14.48,65.0,171.97,2.7178,1.7122,1.1039,1.961,128.94,8548.03,CRACK,0.2189,1.09,1857.3
CRUISE,2295.62,315.52,326.65,310.88,323.03,1136.57,1207.72,1154.76,1178.55,22.84,14.1,66.02,168.19,1.977,1.2268,0.7659,1.4142,133.73,8453.48,NOMINAL,0.0974,0.0,2398.2
DESCENT,2097.31,257.14,270.15,256.32,259.63,962.75,992.44,982.83,991.34,17.95,11.71,61.5,163.55,1.5323,1.0002,0.5707,1.1067,108.01,3257.88,NOMINAL,0.0645,0.0,2468.1
TAXI,794.8,174.92,186.68,179.13,181.33,226.45,225.43,215.54,218.54,15.28,8.73,55.12,142.78,0.7046,0.6156,0.2816,0.5641,26.91,504.74,NOMINAL,0.0014,0.0,2496.9
CRUISE,2320.4,332.21,324.89,314.65,316.27,1160.2,1187.71,1162.66,1189.69,22.67,14.07,65.85,168.89,1.8943,1.2132,0.6967,1.3596,125.06,8473.23,NOMINAL,0.027,0.0,2443.1
CRUISE,2300.26,356.93,349.69,354.47,348.7,1230.19,1232.64,1226.72,1227.53,22.58,15.53,63.28,188.4,5.0063,3.2657,2.0542,3.6491,131.49,8508.8,CRACK,0.9372,4.69,376.4
CRUISE,2288.97,315.3,326.05,324.25,324.66,1153.06,1179.79,1152.41,1168.94,22.43,14.07,63.45,169.6,1.9176,1.2769,0.7678,1.4021,130.83,8498.5,NOMINAL,0.0689,0.0,2444.5
CLIMB,2432.37,366.57,361.48,363.24,367.31,1282.73,1268.74,1262.66,1269.81,24.78,17.08,68.98,183.74,4.06,2.5674,1.5613,2.9162,94.19,4489.42,CRACK,0.3782,1.89,1286.4
CRUISE,2302.74,319.0,323.73,315.39,324.35,1189.93,1195.39,1171.98,1174.04,22.45,14.12,62.26,170.15,1.8865,1.3112,0.7684,1.3986,131.2,8489.14,NOMINAL,0.0831,0.0,2369.0
LAND,984.32,221.09,230.14,219.44,222.1,583.86,608.98,554.33,595.69,15.01,10.28,51.04,169.47,1.8792,1.2479,0.7822,1.3784,46.89,651.98,DELAMINATION,0.8124,4.06,589.9
CRUISE,2315.67,314.85,324.52,314.28,322.04,1164.84,1182.26,1167.74,1180.43,22.84,13.83,63.77,173.01,1.9376,1.398,0.6639,1.4317,130.52,8519.42,NOMINAL,0.1307,0.0,2449.2
CRUISE,2314.95,356.45,347.94,351.25,349.26,1228.28,1244.2,1223.13,1231.72,22.26,15.72,66.48,187.85,5.4281,3.4135,2.0508,3.8868,132.01,8496.17,CRACK,0.9947,4.97,324.5
TAXI,801.11,181.52,190.88,179.1,184.22,235.25,243.88,203.87,240.95,15.42,8.5,53.56,141.79,0.8674,0.5487,0.351,0.6263,27.2,464.04,NOMINAL,0.0625,0.0,2421.4
CLIMB,2464.37,351.23,350.8,346.84,348.06,1231.49,1267.91,1239.95,1258.82,25.11,16.26,68.1,177.13,2.3799,1.5761,1.013,1.7487,95.73,4524.96,NOMINAL,0.1344,0.0,2352.5
CRUISE,2314.53,339.98,346.14,340.11,338.03,1215.57,1204.63,1209.35,1236.96,22.71,15.22,64.55,181.24,3.9268,2.4978,1.5826,2.8381,131.14,8527.79,CRACK,0.5763,2.88,1115.5
CLIMB,2448.87,349.86,353.1,350.16,355.37,1262.36,1286.16,1240.28,1240.13,25.16,16.68,69.86,179.95,2.4107,1.5513,1.0102,1.7549,88.36,4509.66,NOMINAL,0.1437,0.0,2401.2
DESCENT,2116.19,261.58,263.63,260.26,266.94,970.31,1031.58,967.99,1001.38,18.18,11.18,60.45,167.4,1.6161,1.197,0.6115,1.2136,110.04,3173.13,DELAMINATION,0.1265,0.63,1767.0
CRUISE,2306.23,320.78,329.68,316.38,321.94,1167.14,1195.32,1167.77,1165.34,22.28,14.14,65.22,169.54,1.8514,1.1304,0.6512,1.3076,129.23,8559.56,NOMINAL,0.0426,0.0,2481.3
CRUISE,2285.88,338.98,337.93,333.19,340.79,1178.55,1181.37,1169.18,1181.41,22.14,14.47,63.34,181.43,2.6176,1.7949,1.1057,1.9405,129.33,8473.44,CORROSION,0.5139,2.57,1257.6
CRUISE,2307.3,348.63,344.35,343.21,345.87,1220.22,1212.44,1205.59,1223.82,22.72,15.38,63.96,185.43,4.7093,3.0783,1.8434,3.4181,131.07,8488.69,CRACK,0.8525,4.26,639.3
CRUISE,2323.82,322.36,325.16,317.97,328.57,1209.23,1224.26,1188.07,1208.0,22.62,14.47,65.36,171.54,2.6033,1.6832,0.9476,1.8715,131.62,8558.45,CRACK,0.1656,0.83,1660.3
LAND,992.47,215.97,215.74,222.91,219.07,591.57,586.96,570.0,595.4,15.19,9.09,57.76,155.99,1.0164,0.6294,0.3553,0.72,49.86,598.21,NOMINAL,0.1186,0.0,2448.6
CRUISE,2293.35,316.45,325.03,318.89,320.57,1182.64,1191.93,1198.54,1208.1,22.44,14.08,63.39,169.61,1.852,1.2796,0.7135,1.3633,134.14,8497.38,NOMINAL,0.0527,0.0,2428.7
TAXI,801.88,183.07,188.86,178.88,181.04,216.61,235.51,202.07,231.27,15.2,10.25,47.73,158.22,1.7849,1.1309,0.659,1.2779,26.96,488.84,DELAMINATION,0.8332,4.17,580.2
CRUISE,2316.29,317.5,327.32,311.93,325.21,1172.18,1205.43,1176.04,1168.21,22.55,13.85,65.6,168.43,1.8535,1.3069,0.8161,1.3916,127.51,8571.85,NOMINAL,0.0079,0.0,2487.0
LAND,984.59,221.3,225.08,212.44,219.42,570.56,598.92,579.7,613.51,15.46,8.89,59.42,154.19,0.8374,0.7019,0.351,0.6626,45.54,535.85,NOMINAL,0.061,0.0,2408.6
CRUISE,2305.55,350.33,355.22,343.72,347.94,1207.3,1197.4,1167.32,1204.15,22.81,14.91,58.56,188.81,3.3353,2.1791,1.3562,2.4298,131.74,8442.89,CORROSION,0.8695,4.35,607.3
TAXI,813.99,178.91,183.86,175.42,187.59,212.03,244.84,194.16,216.73,15.41,8.99,56.07,141.3,0.7664,0.5343,0.323,0.5707,20.2,448.11,NOMINAL,0.0684,0.0,2427.9
TAXI,798.88,176.35,186.68,170.96,181.82,198.39,218.14,202.55,221.4,15.3,8.49,57.52,144.52,0.536,0.3979,0.2602,0.4137,33.46,498.53,NOMINAL,0.0493,0.0,2412.3
CRUISE,2307.71,312.23,329.42,315.59,324.16,1183.64,1202.28,1169.25,1193.38,22.51,13.59,64.53,173.91,1.9251,1.3035,0.7108,1.4036,127.5,8451.86,NOMINAL,0.062,0.0,2439.6
CLIMB,2460.51,348.91,347.59,347.55,344.89,1252.57,1258.74,1240.79,1242.68,25.19,16.51,67.59,174.95,2.5448,1.5056,0.9731,1.7972,92.63,4651.1,NOMINAL,0.1143,0.0,2451.1
CRUISE,2304.74,318.87,327.54,315.46,321.91,1170.58,1180.44,1174.76,1197.28,22.82,15.14,58.75,180.94,3.8892,2.5516,1.466,2.8158,132.67,8471.52,DELAMINATION,0.749,3.75,847.1
CLIMB,2457.55,349.48,345.08,349.49,347.87,1260.22,1273.88,1235.61,1271.44,25.13,17.35,61.95,187.04,3.9752,2.5828,1.6118,2.8908,98.66,4514.62,DELAMINATION,0.4984,2.49,1318.1
CRUISE,2289.5,314.48,319.86,316.81,325.45,1190.95,1188.03,1184.27,1214.52,22.65,14.45,66.05,169.59,1.8468,1.1382,0.7378,1.323,129.41,8491.41,NOMINAL,0.0236,0.0,2454.5
CRUISE,2309.35,323.13,327.3,311.91,323.28,1180.27,1203.69,1186.61,1187.86,22.55,13.74,66.11,171.26,1.9173,1.1718,0.7258,1.3633,125.42,8472.2,NOMINAL,0.142,0.0,2376.1
DESCENT,2103.65,257.98,263.55,255.19,260.42,991.44,1003.06,964.16,986.62,18.18,12.3,55.54,174.24,2.6217,1.7322,1.0514,1.913,111.02,3190.52,DELAMINATION,0.5306,2.65,1286.7
CLIMB,2459.79,352.28,358.9,342.6,350.22,1263.44,1272.27,1238.67,1256.98,25.32,16.33,66.44,182.18,3.1021,2.1785,1.1464,2.2864,95.3,4521.14,DELAMINATION,0.2388,1.19,1696.6
TAKEOFF,2724.36,383.46,398.3,377.19,384.11,1426.94,1447.63,1429.89,1454.12,29.44,20.94,73.42,199.29,9.4887,6.1206,3.7786,6.8745,74.23,792.25,VIBRATION_FAULT,0.7728,3.86,695.2
DESCENT,2085.84,255.55,265.4,259.21,259.67,988.78,999.21,975.27,986.52,18.05,11.48,61.98,164.06,1.3546,1.0075,0.5614,1.0272,108.7,3157.17,NOMINAL,0.1275,0.0,2385.9
CRUISE,2304.22,317.75,324.4,310.96,318.04,1164.53,1201.24,1173.36,1190.93,22.59,15.21,55.93,185.22,4.3609,2.9184,1.8834,3.2188,127.38,8486.32,DELAMINATION,0.9612,4.81,322.7
CLIMB,2454.0,347.99,353.62,345.36,353.14,1265.39,1272.52,1234.97,1269.97,25.25,16.41,67.82,177.23,2.4657,1.5645,0.8897,1.7624,96.02,4559.59,NOMINAL,0.1178,0.0,2413.3
CRUISE,2299.66,326.64,331.48,317.64,316.01,1184.18,1192.9,1203.5,1182.01,22.95,14.31,63.56,175.9,3.0391,1.8667,1.1942,2.1715,133.44,8483.6,VIBRATION_FAULT,0.2292,1.15,1616.8
CRUISE,2282.47,320.44,326.02,313.34,328.58,1179.95,1208.37,1179.14,1211.13,22.2,13.47,67.07,171.05,1.9101,1.227,0.7445,1.3794,132.15,8442.25,NOMINAL,0.0362,0.0,2473.3
DESCENT,2108.92,282.57,284.25,285.6,284.58,1001.06,977.09,978.88,980.26,17.98,12.59,55.58,180.55,2.4687,1.5819,0.9055,1.7717,109.55,3185.66,CORROSION,0.6521,3.26,966.3
CLIMB,2445.15,349.39,355.56,345.25,353.86,1242.53,1280.22,1230.85,1259.66,24.67,16.82,69.59,179.29,2.4136,1.5578,0.8819,1.735,91.61,4530.02,NOMINAL,0.1248,0.0,2434.2
CRUISE,2310.49,323.33,333.49,326.93,327.79,1207.3,1202.56,1162.31,1198.85,22.84,14.27,63.74,175.6,2.7707,1.7874,1.1239,2.0112,128.27,8476.0,CRACK,0.2486,1.24,1490.2
CRUISE,2319.38,324.3,322.0,321.17,322.53,1196.62,1199.6,1165.87,1186.62,21.89,14.28,64.15,171.73,2.0339,1.2003,0.7282,1.4269,132.52,8481.3,NOMINAL,0.0077,0.0,2460.5
DESCENT,2103.96,263.44,267.79,259.75,256.9,975.11,998.76,958.81,1001.65,17.87,10.97,63.13,163.12,1.4203,1.0055,0.6672,1.076,110.4,3135.37,NOMINAL,0.1177,0.0,2432.5
DESCENT,2113.73,258.54,263.59,249.29,259.69,982.13,999.21,975.34,1004.93,18.01,11.22,63.34,165.42,1.4261,0.9437,0.4935,1.0276,107.66,3132.39,NOMINAL,0.1251,0.0,2370.8
CRUISE,2316.25,316.84,329.3,314.42,322.9,1228.26,1217.04,1206.95,1219.33,22.11,15.33,65.72,184.31,5.7465,3.6488,2.2859,4.1457,131.21,8468.04,VIBRATION_FAULT,0.7869,3.93,691.1
DESCENT,2111.7,255.45,266.38,254.39,259.02,996.91,1000.34,950.28,984.03,18.23,10.94,60.85,164.74,1.5375,0.9313,0.6195,1.0978,110.09,3206.26,NOMINAL,0.1266,0.0,2402.5
CLIMB,2442.15,357.24,364.7,360.45,355.05,1256.16,1282.64,1246.34,1273.83,24.86,17.24,65.18,182.49,2.8868,1.8748,1.0847,2.0837,90.07,4547.07,CORROSION,0.244,1.22,1443.0
LAND,984.41,217.03,228.4,216.57,221.56,593.74,594.52,582.76,577.17,15.2,8.76,58.0,153.45,0.8779,0.6669,0.3403,0.6661,40.16,530.27,NOMINAL,0.0424,0.0,2428.4
CRUISE,2303.13,335.24,330.88,324.22,336.33,1162.08,1198.84,1167.46,1199.41,22.53,14.42,62.08,173.76,2.414,1.6476,0.9566,1.7755,133.52,8529.24,CORROSION,0.3084,1.54,1452.3
LAND,1009.52,234.28,243.76,234.44,230.31,595.97,621.49,611.4,637.32,15.51,9.62,57.27,161.0,1.4484,1.0526,0.6966,1.1092,46.94,603.49,CRACK,0.4218,2.11,1337.5
CRUISE,2290.02,311.52,327.2,319.79,316.58,1189.99,1193.95,1172.04,1178.97,22.25,13.67,65.8,168.88,1.9216,1.2368,0.701,1.38,130.19,8509.48,NOMINAL,0.0104,0.0,2428.5
CRUISE,2273.39,328.13,333.96,312.31,325.45,1176.59,1199.05,1170.35,1196.1,22.75,14.13,63.82,172.29,2.3829,1.5569,0.9299,1.7288,130.91,8551.74,CRACK,0.1471,0.74,1862.7
CLIMB,2465.03,349.79,352.06,341.55,354.75,1258.31,1286.77,1246.05,1258.81,25.12,16.52,67.6,177.01,2.2622,1.5155,0.959,1.6667,88.23,4479.41,NOMINAL,0.1268,0.0,2381.2
CRUISE,2291.36,318.05,330.0,321.7,316.09,1170.26,1175.64,1167.66,1184.14,22.59,14.2,65.66,167.04,1.8979,1.1333,0.8468,1.3667,129.11,8445.34,NOMINAL,0.0309,0.0,2422.0
TAXI,808.8,184.55,186.22,174.83,184.4,227.89,239.43,217.72,222.68,15.19,7.89,56.67,144.11,0.9116,0.4806,0.3351,0.6257,25.14,475.92,NOMINAL,0.0027,0.0,2419.6
CRUISE,2285.48,315.08,329.99,312.51,324.16,1181.61,1213.82,1174.12,1189.63,23.02,14.25,65.67,168.77,1.8083,1.2194,0.6851,1.3199,129.2,8532.04,NOMINAL,0.1021,0.0,2424.3
DESCENT,2099.64,263.99,263.97,256.89,260.74,965.46,1004.39,967.93,990.82,17.99,10.93,63.91,165.45,1.4786,0.8964,0.6702,1.0707,112.29,3200.06,NOMINAL,0.0803,0.0,2406.7
CLIMB,2449.41,351.31,355.41,334.14,352.87,1261.07,1257.31,1256.73,1270.5,25.12,16.2,68.33,178.64,2.3934,1.6135,0.942,1.753,94.32,4473.35,NOMINAL,0.0441,0.0,2448.4
TAXI,811.09,185.26,181.51,181.18,184.36,209.28,234.04,211.41,210.14,15.18,8.66,54.11,142.34,0.8159,0.6525,0.2843,0.6251,23.28,491.98,NOMINAL,0.029,0.0,2449.0
CRUISE,2295.38,316.46,325.13,312.57,320.1,1150.41,1177.19,1172.04,1205.15,23.31,14.28,64.38,166.43,1.9432,1.1478,0.7196,1.3676,132.22,8511.77,NOMINAL,0.1272,0.0,2419.4
CRUISE,2344.54,311.28,326.41,319.21,320.53,1198.68,1213.39,1213.86,1218.21,22.58,15.52,64.52,185.82,5.4859,3.5922,2.1922,3.9918,130.91,8521.55,VIBRATION_FAULT,0.7569,3.78,675.9
LAND,960.03,222.08,219.1,213.88,213.63,600.38,603.01,564.09,607.03,15.63,8.84,58.47,154.31,0.8008,0.6427,0.3565,0.6275,40.6,620.3,NOMINAL,0.1427,0.0,2372.2
CRUISE,2278.52,324.43,325.78,312.97,319.48,1195.58,1203.66,1181.17,1192.94,22.29,14.54,64.53,171.45,1.9867,1.2354,0.7043,1.4106,128.3,8527.09,NOMINAL,0.0865,0.0,2380.4
TAXI,813.67,176.66,191.05,172.41,184.08,249.06,241.75,186.65,226.09,15.74,9.36,51.67,154.36,1.4613,0.9554,0.6934,1.0846,24.24,424.58,DELAMINATION,0.6158,3.08,896.4
LAND,1028.58,220.8,228.29,210.38,222.9,580.23,586.4,576.02,569.52,15.26,9.16,57.13,154.11,0.9072,0.5627,0.3945,0.6571,45.44,539.73,NOMINAL,0.1298,0.0,2428.9
CLIMB,2453.68,343.14,360.73,347.25,349.36,1263.47,1244.16,1221.54,1287.39,25.04,16.34,68.13,178.41,2.5793,1.704,1.0207,1.8795,95.89,4493.68,CRACK,0.0408,0.5,1840.2
CLIMB,2462.44,376.67,378.12,374.7,380.04,1283.94,1282.85,1289.95,1292.45,25.06,17.86,67.31,191.32,5.6654,3.7759,2.2768,4.1448,95.39,4453.74,CRACK,0.7616,3.81,773.8
DESCENT,2117.44,266.73,267.18,253.82,261.99,1014.81,1043.99,1026.28,1030.76,18.43,12.07,62.93,180.11,4.424,2.874,1.8231,3.2226,112.12,3143.11,VIBRATION_FAULT,0.7846,3.92,704.5
CRUISE,2296.62,317.9,330.42,318.47,325.11,1187.8,1213.24,1179.41,1184.45,22.35,14.14,67.75,170.07,1.9941,1.331,0.7651,1.453,131.99,8500.56,CRACK,0.019,0.5,1928.8
CRUISE,2306.26,320.02,322.22,318.92,321.07,1186.31,1188.34,1164.88,1186.47,22.64,14.09,64.79,169.33,1.9252,1.2469,0.7664,1.3962,134.92,8522.08,NOMINAL,0.094,0.0,2415.5
CRUISE,2299.42,318.23,327.06,314.86,320.36,1157.2,1215.59,1163.4,1207.7,22.48,14.19,65.09,170.75,1.8193,1.3059,0.7417,1.362,132.31,8441.57,NOMINAL,0.1144,0.0,2388.6
TAKEOFF,2714.43,386.4,387.89,374.49,380.62,1431.5,1411.6,1415.17,1411.96,30.08,20.48,72.63,191.21,5.8174,3.8918,2.3353,4.26,77.0,759.92,VIBRATION_FAULT,0.341,1.71,1499.4
LAND,1023.2,224.83,226.12,214.52,223.05,606.01,657.85,607.14,635.75,15.52,10.46,58.21,169.5,2.7078,1.7499,1.1307,1.9725,48.43,533.11,VIBRATION_FAULT,0.8695,4.35,551.2
CRUISE,2288.19,321.05,325.8,315.67,320.23,1182.14,1208.05,1166.46,1182.05,22.75,13.93,65.66,169.82,1.9868,1.309,0.8199,1.4529,128.62,8477.52,NOMINAL,0.0474,0.0,2435.3
LAND,999.59,217.57,230.93,219.64,221.58,572.26,589.72,569.6,594.64,15.28,8.43,58.1,156.56,0.9059,0.57,0.3035,0.6423,43.42,635.14,NOMINAL,0.1174,0.0,2393.4
CRUISE,2306.04,321.58,324.47,319.29,319.83,1187.58,1197.58,1164.6,1206.12,22.75,13.67,65.46,173.41,2.0095,1.1804,0.8398,1.4302,132.33,8458.06,NOMINAL,0.0771,0.0,2378.2
CRUISE,2329.16,332.61,332.83,323.63,330.2,1179.49,1200.1,1157.89,1205.28,22.42,14.52,65.14,172.21,2.6813,1.6896,1.1489,1.9463,127.89,8481.2,CRACK,0.2238,1.12,1842.2
TAXI,800.36,175.64,185.34,177.51,180.52,193.56,254.01,211.2,233.34,15.14,8.74,56.13,146.87,0.8215,0.4374,0.3403,0.5721,25.67,478.05,NOMINAL,0.046,0.0,2410.6
TAKEOFF,2720.07,382.35,387.52,380.26,383.16,1391.55,1413.32,1396.78,1417.5,29.91,19.76,72.98,184.88,3.248,2.0302,1.3783,2.3502,75.62,783.3,NOMINAL,0.0612,0.0,2397.1
CRUISE,2313.71,318.79,325.94,308.27,320.38,1174.36,1203.41,1161.7,1170.54,22.56,13.92,64.13,170.16,1.7576,1.2722,0.7509,1.3256,129.33,8538.11,NOMINAL,0.1035,0.0,2391.3
TAXI,798.45,225.31,214.95,209.46,218.78,281.16,272.59,261.12,257.86,15.31,9.76,53.94,163.91,2.3245,1.402,0.9207,1.655,25.53,514.35,CRACK,0.9729,4.86,345.6
TAXI,786.84,175.72,187.81,174.16,178.8,205.49,219.84,184.52,231.33,14.54,8.64,55.56,144.82,0.8059,0.5029,0.3313,0.5808,25.53,552.06,NOMINAL,0.1435,0.0,2358.7
LAND,990.43,244.1,244.93,237.33,238.2,606.12,606.72,588.1,623.55,15.51,9.73,59.11,165.68,1.9593,1.186,0.7199,1.3861,45.03,684.85,CRACK,0.6129,3.06,1035.6
CRUISE,2283.54,320.51,328.87,323.3,316.11,1188.77,1210.77,1173.42,1173.8,22.56,14.13,65.21,168.77,1.8353,1.2624,0.7262,1.3527,128.37,8494.41,NOMINAL,0.0081,0.0,2409.5
CRUISE,2295.41,313.7,328.05,309.02,324.48,1193.31,1201.12,1145.71,1191.27,22.3,13.64,65.7,171.38,2.0029,1.2179,0.7686,1.4243,134.16,8583.81,NOMINAL,0.0516,0.0,2441.8
DESCENT,2108.47,257.13,267.12,257.14,263.34,967.73,1000.97,989.23,984.52,18.06,10.65,62.3,165.39,1.5093,1.0188,0.586,1.1045,112.94,3164.67,NOMINAL,0.078,0.0,2397.1
TAXI,817.32,180.74,185.75,170.99,178.12,224.21,229.4,219.94,233.45,14.84,8.73,54.81,144.92,0.8836,0.4363,0.2638,0.589,25.81,432.05,NOMINAL,0.0029,0.0,2418.4
CLIMB,2452.27,348.58,353.54,358.45,354.01,1246.6,1278.78,1234.51,1253.78,25.07,16.65,69.11,180.56,2.495,1.6114,1.008,1.8109,97.96,4528.39,NOMINAL,0.0713,0.0,2415.7
CLIMB,2467.16,347.19,354.63,345.79,352.67,1244.25,1269.32,1245.25,1236.7,25.02,16.41,65.95,179.34,2.5342,1.6409,1.0342,1.8425,95.8,4470.48,VIBRATION_FAULT,0.0182,0.5,2202.5
CRUISE,2312.81,323.08,325.01,318.14,322.53,1214.84,1230.31,1208.29,1236.18,22.81,14.94,64.8,182.61,5.4362,3.5926,2.0791,3.9489,126.45,8496.66,VIBRATION_FAULT,0.7381,3.69,684.8
TAKEOFF,2702.23,377.81,387.52,374.62,381.43,1415.24,1413.88,1383.67,1411.58,30.07,20.13,71.08,186.61,3.3559,2.2078,1.3146,2.4402,76.19,831.62,CORROSION,0.0316,0.5,2200.5
CRUISE,2311.01,332.88,340.3,331.92,337.42,1203.57,1228.05,1196.36,1231.96,22.33,14.75,63.51,182.69,3.9435,2.4733,1.4529,2.8154,129.48,8509.29,CRACK,0.5606,2.8,922.4
CRUISE,2292.38,328.23,332.39,309.88,317.96,1185.5,1185.14,1170.19,1190.13,22.49,14.31,67.17,170.71,1.803,1.2436,0.7308,1.3331,134.98,8527.73,NOMINAL,0.147,0.0,2355.3
DESCENT,2139.0,262.27,265.87,260.38,260.0,1040.33,1051.27,1016.81,1037.98,18.1,12.34,60.36,180.92,5.1567,3.3797,2.0459,3.7506,114.83,3241.05,VIBRATION_FAULT,0.9762,4.88,317.8
DESCENT,2111.04,281.5,279.59,274.32,273.49,986.34,979.78,967.81,984.96,18.06,12.33,59.44,175.68,2.1454,1.4329,0.8389,1.5663,108.36,3219.3,CORROSION,0.5233,2.62,1090.1
TAKEOFF,2687.16,382.3,384.74,368.24,387.72,1412.16,1393.82,1396.82,1428.27,29.75,20.23,71.15,187.0,3.5465,2.18,1.3502,2.5268,75.25,812.41,DELAMINATION,0.0589,0.5,1838.7
LAND,985.34,218.28,226.06,217.7,220.98,589.04,613.01,560.53,594.7,15.56,9.12,53.44,160.76,1.2957,0.8833,0.4867,0.948,43.33,563.42,DELAMINATION,0.2846,1.42,1560.3
CRUISE,2288.09,318.2,324.18,320.89,329.79,1181.08,1201.16,1174.24,1189.81,22.57,14.01,65.57,166.4,1.8616,1.164,0.7945,1.3481,128.04,8437.4,NOMINAL,0.0817,0.0,2414.1
CLIMB,2449.07,349.52,361.54,347.31,350.21,1250.49,1283.43,1253.96,1280.07,24.4,17.28,65.94,182.38,4.2617,2.5638,1.6558,3.0264,94.31,4498.85,VIBRATION_FAULT,0.2917,1.46,1560.7
LAND,999.78,219.79,233.3,220.68,228.4,584.13,619.42,557.73,585.69,15.35,8.65,58.05,155.37,0.9345,0.6897,0.2838,0.6903,41.99,502.32,NOMINAL,0.0274,0.0,2401.1
TAKEOFF,2689.9,378.45,383.56,372.01,382.31,1395.36,1407.38,1389.81,1403.12,30.09,20.05,71.58,185.47,3.0395,2.1528,1.3192,2.2814,73.02,754.77,NOMINAL,0.0004,0.0,2469.0
CLIMB,2456.87,344.95,346.74,344.73,351.52,1304.27,1307.07,1275.87,1292.04,25.28,17.53,68.2,190.91,7.0708,4.599,2.8096,5.1329,97.66,4465.43,VIBRATION_FAULT,0.7779,3.89,782.5
TAKEOFF,2703.74,377.21,387.22,384.51,382.14,1409.52,1418.06,1391.31,1409.06,29.55,20.98,66.42,193.7,5.658,3.574,2.1559,4.0593,75.6,777.86,DELAMINATION,0.5145,2.57,1262.6
LAND,1009.36,220.44,222.49,217.26,228.77,570.45,607.09,573.02,594.84,15.73,8.72,58.18,155.18,0.8315,0.6125,0.3419,0.6281,49.58,579.69,NOMINAL,0.0799,0.0,2404.8
CLIMB,2454.65,354.66,358.58,344.0,352.45,1246.55,1287.93,1232.75,1261.19,25.04,16.15,67.77,177.68,2.5101,1.5717,0.9411,1.7941,94.64,4497.32,NOMINAL,0.0514,0.0,2390.5
CRUISE,2312.82,322.63,325.82,310.84,322.74,1175.75,1204.66,1175.76,1205.83,22.23,14.64,66.07,171.29,2.0533,1.2541,0.8117,1.466,130.42,8533.63,NOMINAL,0.1075,0.0,2442.6
LAND,981.86,243.03,249.68,244.66,243.85,621.05,609.23,619.39,625.92,15.52,9.8,58.28,167.09,2.0069,1.4286,0.7338,1.484,41.09,631.26,CRACK,0.6992,3.5,943.3
LAND,1012.17,224.41,221.42,209.72,217.73,571.6,620.97,562.84,599.98,15.68,9.2,57.25,154.98,0.8825,0.6173,0.4208,0.6675,50.45,584.37,NOMINAL,0.0651,0.0,2384.9
CRUISE,2307.34,326.0,325.62,314.61,326.82,1183.64,1204.48,1167.13,1201.13,22.28,15.33,53.98,186.52,4.5833,2.9335,1.7573,3.3015,133.57,8505.54,DELAMINATION,0.9807,4.9,391.8
TAXI,802.26,186.42,184.69,172.17,187.6,227.25,254.73,218.58,249.72,15.07,8.44,54.76,144.67,0.6746,0.5298,0.3596,0.537,23.3,463.45,NOMINAL,0.1022,0.0,2369.6
CRUISE,2284.41,318.0,329.97,319.39,325.08,1171.77,1192.05,1157.72,1186.16,22.6,13.74,62.9,172.1,1.8856,1.2799,0.7445,1.3842,131.36,8593.05,NOMINAL,0.069,0.0,2441.6
CLIMB,2449.78,368.75,359.26,364.52,364.81,1289.01,1291.55,1259.78,1299.07,25.42,17.62,68.91,185.54,4.3491,2.7899,1.7433,3.1484,93.51,4493.21,CRACK,0.4469,2.23,1287.6
CRUISE,2298.8,322.61,326.48,315.81,323.49,1184.73,1206.46,1176.78,1188.94,22.47,14.0,65.67,172.02,1.8731,1.2252,0.7193,1.3573,126.26,8450.49,NOMINAL,0.0557,0.0,2448.3
CLIMB,2450.21,352.93,353.1,344.28,347.38,1238.57,1284.44,1244.06,1285.79,24.82,16.95,67.13,177.1,2.6178,1.5099,1.0393,1.8451,94.92,4456.92,NOMINAL,0.0961,0.0,2411.8
CLIMB,2444.48,348.97,349.33,347.24,346.6,1260.65,1259.36,1266.36,1244.92,24.93,17.01,68.43,179.85,3.6257,2.494,1.4998,2.6842,92.32,4532.71,VIBRATION_FAULT,0.2275,1.14,1504.9
CLIMB,2440.45,351.15,361.43,341.11,350.81,1248.03,1273.57,1249.86,1258.09,24.84,16.67,66.03,174.14,2.6072,1.5115,0.9393,1.8225,96.36,4513.88,NOMINAL,0.0345,0.0,2392.6
TAXI,782.69,184.44,187.79,177.32,183.48,193.21,235.48,196.4,216.67,15.08,9.84,49.53,158.86,1.578,1.0715,0.6355,1.1607,27.37,527.83,DELAMINATION,0.7265,3.63,689.7
CRUISE,2301.43,348.49,347.83,350.3,346.14,1176.98,1205.04,1173.3,1176.11,22.57,15.9,58.92,185.01,3.4779,2.3246,1.3925,2.5455,125.67,8524.67,CORROSION,0.8616,4.31,635.2
CRUISE,2311.25,319.29,330.6,315.75,323.2,1184.32,1206.57,1173.37,1179.21,22.43,14.0,66.48,170.87,1.8474,1.1798,0.7927,1.3458,128.81,8530.13,NOMINAL,0.084,0.0,2389.2
CRUISE,2311.8,318.46,322.93,322.75,318.84,1183.68,1202.14,1168.12,1199.38,22.27,15.15,60.96,176.61,2.7994,1.9572,1.2602,2.102,135.02,8545.39,DELAMINATION,0.3814,1.91,1394.8
TAXI,825.07,175.75,184.97,179.18,178.97,233.98,251.91,267.44,246.6,15.08,9.63,55.31,160.31,2.486,1.5862,0.9344,1.786,27.25,429.45,VIBRATION_FAULT,0.827,4.13,664.6
LAND,1028.04,217.36,224.04,216.19,221.93,590.02,604.27,563.78,588.82,15.73,9.43,52.32,168.14,1.6645,0.925,0.7723,1.1864,44.95,549.7,DELAMINATION,0.6745,3.37,856.5
DESCENT,2087.58,261.29,266.18,253.85,259.31,967.69,1006.83,953.02,980.43,18.03,11.64,62.16,166.06,1.5082,1.0294,0.6969,1.1284,108.91,3200.56,NOMINAL,0.1464,0.0,2351.1
CRUISE,2301.59,318.1,325.98,324.51,323.1,1157.07,1193.26,1168.16,1188.31,22.48,14.09,65.61,170.47,1.976,1.1453,0.7474,1.3874,131.09,8510.25,NOMINAL,0.0031,0.0,2475.3
TAKEOFF,2689.9,417.61,406.87,409.13,414.24,1455.37,1433.18,1454.14,1456.13,29.93,21.59,72.51,203.41,8.8651,5.7524,3.5267,6.4322,74.8,809.21,CRACK,0.977,4.88,365.4
CRUISE,2314.59,321.39,322.29,313.43,328.4,1171.44,1204.84,1156.14,1205.41,22.38,15.32,57.8,186.5,4.2178,2.7872,1.7144,3.0821,130.7,8526.06,DELAMINATION,0.8662,4.33,509.4
DESCENT,2108.48,261.42,263.19,249.74,260.98,974.57,994.28,978.23,1008.33,18.28,11.65,59.25,171.76,2.244,1.5498,1.0196,1.681,109.16,3233.33,DELAMINATION,0.4244,2.12,1432.6
CLIMB,2446.24,348.1,361.15,343.98,352.74,1243.16,1279.09,1253.56,1251.91,25.14,17.38,64.5,188.96,4.0551,2.5057,1.6339,2.9093,96.27,4509.76,DELAMINATION,0.4565,2.28,1075.2
DESCENT,2103.4,261.08,272.98,253.64,256.37,965.85,1017.09,962.63,1006.37,18.0,10.91,64.4,167.37,1.4856,1.0348,0.6062,1.1023,111.09,3270.49,NOMINAL,0.0684,0.0,2398.9
TAXI,781.76,178.74,186.1,177.17,177.63,231.0,224.15,193.0,226.99,15.67,9.26,55.59,144.57,0.8125,0.5401,0.3933,0.6073,21.95,547.78,NOMINAL,0.0125,0.0,2454.4
CLIMB,2467.35,350.61,356.14,340.68,354.01,1284.59,1301.51,1289.98,1287.3,25.35,17.25,66.26,188.68,5.4412,3.4983,2.1497,3.9356,96.19,4486.5,VIBRATION_FAULT,0.497,2.49,1065.9
CRUISE,2326.93,320.26,330.23,312.16,321.36,1186.62,1215.66,1160.77,1185.17,22.3,13.96,63.78,167.41,1.9207,1.2752,0.703,1.3916,128.31,8496.0,NOMINAL,0.0535,0.0,2432.7
CRUISE,2291.45,344.41,347.67,344.09,351.02,1181.23,1208.33,1173.4,1198.33,22.31,15.16,59.06,181.89,3.2263,1.9281,1.3283,2.3015,124.45,8493.85,CORROSION,0.7323,3.66,726.5
CRUISE,2303.92,318.78,324.37,310.5,321.64,1191.01,1192.53,1163.13,1209.08,22.46,15.42,58.65,185.44,4.2792,2.8054,1.7351,3.1194,132.54,8416.69,DELAMINATION,0.874,4.37,508.9
TAKEOFF,2710.67,380.37,385.52,375.21,380.6,1397.1,1434.65,1366.83,1425.29,30.37,20.48,70.81,184.12,3.2827,2.0651,1.2547,2.3533,74.75,755.13,NOMINAL,0.0333,0.0,2471.9
CRUISE,2300.62,318.44,327.34,318.88,323.0,1171.6,1191.24,1196.32,1201.38,22.45,13.83,63.27,172.03,1.8431,1.2982,0.8014,1.3814,133.38,8530.35,NOMINAL,0.1108,0.0,2366.7
DESCENT,2097.48,293.16,292.57,291.47,286.11,954.14,1007.11,965.83,1001.52,17.91,12.62,55.55,184.82,2.7515,1.7449,1.1714,1.999,109.28,3180.59,CORROSION,0.9458,4.73,359.2
CLIMB,2451.22,350.87,353.91,351.55,355.14,1244.55,1266.73,1248.73,1260.96,25.35,16.67,68.3,178.44,2.6519,1.4989,0.9053,1.8347,94.4,4556.19,NOMINAL,0.0957,0.0,2447.8
TAXI,795.2,187.42,186.09,171.93,184.88,239.94,230.34,213.45,231.88,15.34,8.36,55.75,146.51,0.8571,0.4227,0.2483,0.5701,23.28,510.7,NOMINAL,0.0697,0.0,2400.3
TAXI,803.89,183.31,188.34,174.39,180.71,204.43,258.88,213.69,210.65,15.51,8.7,56.43,143.99,0.7665,0.4712,0.4259,0.5747,23.75,461.79,NOMINAL,0.0996,0.0,2432.3
TAKEOFF,2714.8,381.0,385.37,372.35,387.58,1411.89,1430.98,1399.1,1401.48,29.87,20.43,73.13,185.28,3.358,2.112,1.3461,2.4186,75.5,785.13,NOMINAL,0.1145,0.0,2386.2
DESCENT,2112.13,257.22,268.72,252.16,259.04,983.51,1004.95,970.6,983.67,18.28,11.24,62.23,164.72,1.4422,1.0426,0.5679,1.0785,114.24,3167.0,NOMINAL,0.0981,0.0,2403.0
LAND,1024.45,221.88,222.28,211.9,217.69,598.46,638.35,593.07,634.46,15.49,9.49,58.71,162.17,1.8805,1.1083,0.7005,1.3236,40.8,629.01,VIBRATION_FAULT,0.4277,2.14,1367.3
CLIMB,2442.24,368.25,372.53,374.13,379.37,1256.1,1252.21,1226.34,1242.14,24.97,17.37,62.76,187.48,3.6753,2.4556,1.5319,2.7009,92.04,4518.95,CORROSION,0.6339,3.17,923.8
CRUISE,2318.91,324.57,331.04,314.75,326.66,1190.82,1190.18,1177.36,1188.34,22.35,14.03,64.72,170.54,1.94,1.3257,0.8293,1.4386,130.37,8435.3,CORROSION,0.0604,0.5,1769.3
CLIMB,2446.64,348.04,355.56,348.63,345.6,1252.76,1261.94,1243.17,1269.59,24.83,16.09,67.63,180.32,2.4669,1.5373,0.9283,1.7617,93.6,4448.09,NOMINAL,0.1103,0.0,2382.3
CRUISE,2295.35,318.47,323.73,314.67,319.62,1178.45,1207.66,1176.58,1180.22,22.54,14.2,63.87,170.37,2.0186,1.2343,0.6677,1.4194,123.71,8512.43,CRACK,0.0063,0.5,2318.7
CRUISE,2290.32,321.48,328.58,315.1,316.99,1184.08,1198.61,1155.3,1166.2,22.64,13.81,65.22,170.27,1.8082,1.2601,0.717,1.3381,126.26,8435.06,NOMINAL,0.0878,0.0,2390.6
CRUISE,2317.39,321.81,331.51,321.11,326.13,1157.39,1195.16,1159.68,1204.05,22.42,15.28,61.08,179.04,3.2135,2.0974,1.311,2.3413,129.83,8481.41,DELAMINATION,0.5052,2.53,1249.7
CRUISE,2310.19,317.1,324.86,312.19,325.57,1185.81,1206.11,1178.66,1179.56,22.42,14.13,64.59,170.12,1.836,1.3148,0.8069,1.3845,133.09,8526.36,NOMINAL,0.1005,0.0,2426.4
TAKEOFF,2691.58,379.1,389.7,370.85,379.96,1395.27,1402.23,1390.46,1405.9,30.08,20.02,72.55,185.21,3.0015,1.9939,1.2992,2.2115,75.84,797.25,NOMINAL,0.0018,0.0,2438.5
DESCENT,2120.81,257.87,266.09,260.15,254.6,976.96,1010.11,960.6,1000.96,18.17,11.25,62.72,167.33,1.5482,1.0307,0.5559,1.1208,111.45,3219.57,NOMINAL,0.0798,0.0,2438.8
CRUISE,2328.09,316.89,321.92,314.98,325.67,1184.26,1218.15,1164.39,1184.12,22.32,13.84,63.32,168.83,1.8032,1.2781,0.834,1.3639,130.55,8473.04,NOMINAL,0.1109,0.0,2410.7
LAND,989.49,222.54,225.93,219.24,219.0,585.2,604.56,549.55,589.96,15.0,9.24,56.42,154.66,0.8996,0.5273,0.4525,0.6563,43.27,589.21,NOMINAL,0.1089,0.0,2437.1
CLIMB,2467.06,347.35,355.98,341.22,356.14,1265.55,1277.71,1240.6,1273.38,25.42,17.33,69.33,186.0,4.7855,3.251,2.0081,3.5356,97.24,4498.53,VIBRATION_FAULT,0.4325,2.16,1234.1
LAND,990.74,219.65,224.8,217.83,221.66,568.12,604.8,559.13,586.21,15.38,8.87,56.35,155.06,0.9864,0.5907,0.3266,0.6901,44.09,611.83,NOMINAL,0.1354,0.0,2442.0
TAKEOFF,2680.49,380.92,386.65,375.77,383.24,1397.25,1406.01,1390.56,1417.79,29.79,21.31,66.98,196.48,5.7242,3.9375,2.3289,4.2306,73.78,789.37,DELAMINATION,0.5917,2.96,956.8
CLIMB,2476.09,349.88,355.71,341.79,350.29,1285.37,1284.94,1281.62,1288.46,24.96,17.57,68.58,191.31,6.5703,4.2194,2.4906,4.732,92.29,4489.01,VIBRATION_FAULT,0.6686,3.34,941.5
TAKEOFF,2714.28,385.09,379.66,371.0,385.84,1410.44,1424.03,1388.13,1408.76,29.93,20.15,73.57,183.77,3.2014,2.1334,1.2882,2.3424,76.68,826.34,NOMINAL,0.1227,0.0,2438.0
CLIMB,2427.73,353.82,349.4,352.52,350.15,1246.66,1249.82,1242.61,1256.87,25.02,16.26,68.58,176.52,2.4063,1.5877,1.0326,1.768,97.01,4503.6,NOMINAL,0.0474,0.0,2390.6
LAND,999.9,221.1,228.68,213.39,225.16,568.76,603.48,574.5,581.94,15.11,8.72,54.84,154.68,0.8001,0.7718,0.4129,0.6847,45.18,653.3,NOMINAL,0.0181,0.0,2470.1
CRUISE,2288.47,321.38,328.36,315.09,322.53,1189.98,1207.41,1173.38,1189.84,22.65,13.87,64.22,175.51,2.6907,1.8232,1.1284,1.9864,127.56,8502.7,DELAMINATION,0.3194,1.6,1366.3
LAND,998.44,217.62,223.11,217.37,220.36,577.74,600.38,568.76,591.62,15.53,8.99,61.17,157.21,0.871,0.6579,0.3073,0.6547,43.58,628.28,NOMINAL,0.1138,0.0,2380.2
DESCENT,2092.92,257.96,266.46,255.12,265.11,976.67,994.32,948.49,1000.5,18.08,10.51,62.53,164.28,1.5621,0.9687,0.5598,1.1093,114.32,3262.88,NOMINAL,0.0063,0.0,2404.8
CLIMB,2465.81,347.21,360.46,348.44,353.01,1249.51,1276.42,1226.84,1276.01,25.04,16.95,67.85,178.26,2.4211,1.5946,1.0505,1.7803,93.9,4494.88,NOMINAL,0.0661,0.0,2438.3
CRUISE,2331.66,320.9,327.73,310.86,321.78,1191.23,1228.2,1159.79,1168.21,22.31,13.77,64.09,171.63,1.9274,1.1673,0.8308,1.3866,134.73,8431.8,NOMINAL,0.026,0.0,2393.5
LAND,988.7,214.91,224.42,214.17,222.52,605.75,591.9,551.12,586.04,15.76,8.73,58.78,155.31,0.9049,0.6802,0.3116,0.6779,42.4,563.65,NOMINAL,0.1271,0.0,2394.9
LAND,997.65,221.15,231.94,211.93,218.78,580.49,622.39,555.14,589.88,15.28,8.92,55.52,153.13,1.0023,0.5856,0.3227,0.6956,44.89,597.47,NOMINAL,0.1406,0.0,2412.5
CRUISE,2307.55,319.98,331.04,318.9,320.79,1179.41,1213.53,1185.2,1188.85,22.25,13.37,62.48,170.85,1.9362,1.1945,0.8251,1.3972,129.48,8476.46,NOMINAL,0.0414,0.0,2416.5
CRUISE,2323.6,327.61,325.54,311.87,324.19,1203.43,1215.23,1194.84,1191.32,22.57,14.57,64.63,177.45,4.0517,2.6512,1.6205,2.9479,132.89,8530.25,VIBRATION_FAULT,0.4536,2.27,1120.9
CRUISE,2297.95,315.38,327.45,325.08,320.23,1187.47,1212.95,1161.72,1160.9,22.67,14.02,65.37,170.1,1.9928,1.2291,0.8685,1.4418,131.75,8540.46,NOMINAL,0.1341,0.0,2350.9
CRUISE,2312.93,319.77,322.06,313.61,319.58,1179.53,1187.99,1185.08,1192.5,22.15,14.46,64.95,170.91,1.9245,1.26,0.7428,1.3956,130.83,8494.03,NOMINAL,0.043,0.0,2455.8
LAND,1001.61,214.88,225.98,216.79,228.47,593.03,594.4,564.55,599.76,15.31,8.85,57.1,157.03,1.2862,0.6784,0.5557,0.8988,44.49,574.64,VIBRATION_FAULT,0.1455,0.73,1757.1
DESCENT,2108.35,262.66,264.55,260.62,262.13,995.94,986.51,955.04,983.84,17.9,11.55,62.35,163.63,1.5009,0.9493,0.5598,1.0751,109.8,3192.37,NOMINAL,0.0569,0.0,2472.7
CLIMB,2440.81,347.28,358.85,347.48,355.3,1246.59,1254.95,1231.11,1272.33,24.6,16.93,66.67,179.4,2.3184,1.5243,0.8571,1.6766,99.63,4522.99,NOMINAL,0.1492,0.0,2420.2
DESCENT,2085.56,259.42,261.62,256.43,255.29,962.23,987.68,975.38,983.62,18.25,12.0,59.76,166.55,2.0689,1.202,0.7515,1.448,105.75,3238.53,DELAMINATION,0.2341,1.17,1765.1
CRUISE,2293.7,315.34,331.0,327.82,319.47,1187.11,1196.13,1173.3,1202.72,22.21,13.86,66.44,170.92,1.9262,1.2656,0.7904,1.4067,132.89,8530.15,NOMINAL,0.0465,0.0,2384.6
CRUISE,2299.38,319.6,320.06,318.71,325.31,1186.53,1208.62,1165.89,1183.83,22.74,13.68,63.69,170.81,1.9337,1.2908,0.6745,1.3976,129.76,8454.79,NOMINAL,0.0691,0.0,2374.2
TAKEOFF,2739.11,384.67,387.77,374.05,379.38,1436.27,1436.76,1435.54,1438.08,29.45,21.45,72.55,202.9,9.7594,6.2527,3.9584,7.0713,77.32,845.68,VIBRATION_FAULT,0.8243,4.12,639.8
CRUISE,2296.06,336.25,337.68,327.4,338.17,1193.75,1233.76,1181.91,1195.25,22.33,15.03,63.12,178.57,3.3617,2.0797,1.2664,2.3965,130.2,8455.1,CRACK,0.3845,1.92,1396.3
CRUISE,2285.35,317.17,326.63,311.47,316.73,1183.53,1210.07,1178.98,1189.28,22.43,15.47,58.42,185.22,4.4215,2.8918,1.7814,3.219,129.86,8499.0,DELAMINATION,0.9713,4.86,390.3
TAXI,780.78,177.67,189.02,173.72,181.86,221.54,241.79,226.77,238.34,15.45,8.46,56.77,145.13,0.6436,0.6675,0.3223,0.5668,26.32,457.26,NOMINAL,0.086,0.0,2422.1
CRUISE,2304.37,319.01,320.6,315.76,322.33,1177.03,1176.15,1171.49,1174.79,22.72,13.83,66.11,170.03,1.9052,1.3116,0.7192,1.3985,127.26,8522.23,NOMINAL,0.0652,0.0,2439.9
CLIMB,2437.97,359.77,361.13,357.92,362.35,1277.14,1264.2,1251.46,1292.58,25.26,16.81,67.94,187.74,3.793,2.4123,1.5286,2.7412,94.79,4467.91,CRACK,0.3446,1.72,1599.1
TAXI,792.75,178.11,183.39,178.9,180.35,205.69,249.54,204.68,213.68,15.63,8.68,55.06,144.62,0.7776,0.502,0.3063,0.5629,23.53,495.87,NOMINAL,0.1321,0.0,2385.0
TAXI,798.96,181.9,178.1,178.02,177.71,214.49,204.04,214.79,221.12,15.08,8.53,52.64,145.11,0.8519,0.5305,0.3003,0.6048,25.1,496.98,NOMINAL,0.0728,0.0,2397.7
CRUISE,2291.99,321.46,327.61,315.42,323.82,1180.04,1197.42,1157.44,1192.06,22.36,14.39,63.28,172.07,2.1131,1.4031,0.8507,1.5446,127.95,8543.75,DELAMINATION,0.088,0.5,2033.9
CLIMB,2468.35,349.04,356.34,351.61,351.5,1253.11,1275.26,1221.44,1254.17,25.03,16.02,69.64,179.36,2.4486,1.6392,0.9962,1.7958,94.43,4434.71,NOMINAL,0.0398,0.0,2388.5
CLIMB,2457.43,350.28,350.52,349.03,356.65,1267.71,1254.44,1241.86,1247.92,25.48,16.51,67.56,177.0,2.4267,1.5909,0.8776,1.7503,98.49,4518.84,NOMINAL,0.0316,0.0,2426.6
CRUISE,2308.92,318.36,331.5,313.41,322.69,1191.71,1205.96,1189.07,1227.71,22.63,14.93,62.83,178.2,4.0172,2.6606,1.7394,2.9576,124.02,8515.98,VIBRATION_FAULT,0.4522,2.26,1257.8
CRUISE,2294.99,320.93,323.22,323.17,321.27,1201.27,1229.02,1209.61,1227.57,22.98,14.72,67.06,184.11,4.669,3.0345,1.8945,3.3959,129.5,8568.36,VIBRATION_FAULT,0.5959,2.98,1052.2
TAKEOFF,2725.7,386.38,387.32,378.2,383.65,1396.35,1441.0,1403.83,1412.81,29.75,20.05,72.41,184.94,3.2912,2.1087,1.2323,2.3662,72.13,839.63,NOMINAL,0.011,0.0,2493.1
TAKEOFF,2694.72,375.67,387.09,375.57,379.77,1425.02,1388.83,1377.64,1403.08,29.46,20.78,74.7,183.77,3.3015,2.1158,1.3628,2.3968,74.73,817.26,NOMINAL,0.0251,0.0,2400.5
DESCENT,2101.82,279.61,281.65,274.73,285.37,1015.27,1024.38,1006.97,1005.73,18.08,12.36,60.96,176.73,3.2153,2.1107,1.2501,2.335,109.33,3265.1,CRACK,0.6545,3.27,821.7
CLIMB,2471.51,354.92,355.5,343.75,345.84,1239.06,1244.31,1246.88,1276.03,24.91,16.62,66.69,174.51,2.4045,1.583,1.0452,1.7682,100.16,4488.86,NOMINAL,0.0104,0.0,2415.9
LAND,1000.03,250.47,249.98,249.31,255.34,626.3,649.51,609.69,595.36,15.38,9.86,56.21,173.08,2.2097,1.5408,1.0273,1.6645,42.13,590.76,CRACK,0.8744,4.37,515.2
DESCENT,2102.08,283.02,282.94,279.22,286.22,972.11,1012.35,987.07,976.12,18.18,12.87,55.35,179.81,2.4934,1.6491,0.9416,1.8096,114.76,3173.21,CORROSION,0.7026,3.51,819.6
LAND,985.27,221.0,224.71,214.6,223.91,562.06,612.48,569.43,599.15,15.63,8.97,56.56,157.1,0.9218,0.5565,0.3537,0.6544,45.91,607.21,NOMINAL,0.1013,0.0,2390.3
CRUISE,2287.56,322.63,325.62,320.0,327.69,1182.35,1205.45,1182.59,1201.98,22.81,13.91,64.38,167.95,1.8844,1.2299,0.7528,1.37,131.23,8520.73,NOMINAL,0.0023,0.0,2404.6
LAND,1024.28,217.2,229.27,213.86,227.04,602.5,613.12,571.13,616.35,15.52,9.47,57.89,163.51,1.8888,1.2139,0.795,1.3752,43.2,576.29,VIBRATION_FAULT,0.4101,2.05,1492.6
CRUISE,2285.57,319.35,319.74,316.91,321.74,1169.03,1191.38,1169.32,1172.08,22.35,13.92,64.64,169.51,2.0087,1.2919,0.7278,1.4415,127.41,8483.47,NOMINAL,0.0923,0.0,2425.0
CRUISE,2314.38,323.43,320.86,320.19,313.83,1187.35,1206.42,1188.22,1192.73,22.33,13.7,66.75,173.05,1.8641,1.2363,0.8282,1.3771,131.92,8492.53,NOMINAL,0.0941,0.0,2441.6
CLIMB,2445.12,352.14,356.28,347.36,350.87,1245.61,1259.19,1246.51,1261.02,25.07,16.19,68.83,178.56,2.4584,1.5807,0.9743,1.7787,90.45,4545.51,NOMINAL,0.1289,0.0,2386.4
CLIMB,2448.97,344.75,359.88,344.19,348.36,1257.93,1267.49,1244.24,1258.63,25.29,16.38,66.11,176.03,2.4348,1.5205,1.0242,1.7597,92.07,4540.73,NOMINAL,0.0732,0.0,2393.0
CRUISE,2307.97,356.99,351.98,345.4,355.63,1223.46,1261.42,1216.83,1227.47,22.69,15.63,65.51,185.81,5.0025,3.2713,1.9623,3.6321,135.16,8459.02,CRACK,0.9343,4.67,475.9
CLIMB,2450.06,351.2,358.1,347.47,354.05,1254.69,1255.56,1250.97,1260.87,24.85,16.55,68.65,181.16,2.6211,1.6552,1.0692,1.8932,95.04,4569.83,CORROSION,0.0935,0.5,2040.1
CRUISE,2339.56,314.94,319.08,308.74,331.59,1205.49,1199.73,1173.21,1193.01,22.06,14.44,66.59,167.78,1.9261,1.2306,0.7494,1.3887,128.3,8495.51,NOMINAL,0.0855,0.0,2386.4
CLIMB,2455.07,347.58,355.91,345.51,351.36,1265.85,1270.08,1240.41,1250.63,25.0,17.11,67.85,179.88,3.2659,2.0588,1.3894,2.3689,96.21,4530.79,VIBRATION_FAULT,0.1544,0.77,1574.9
CRUISE,2295.0,318.56,329.87,323.08,318.95,1177.97,1200.6,1156.23,1190.63,22.59,13.98,65.75,170.0,1.6707,1.1774,0.8316,1.274,131.3,8385.95,NOMINAL,0.0383,0.0,2425.0
CLIMB,2462.71,352.53,353.1,350.36,349.23,1242.53,1262.17,1215.25,1264.95,25.13,16.36,68.85,175.14,2.4549,1.5795,0.9255,1.768,96.04,4464.74,NOMINAL,0.0727,0.0,2407.9
DESCENT,2109.3,264.21,271.62,254.09,264.86,996.75,995.08,984.87,991.91,17.75,10.99,60.27,164.93,1.4872,0.9863,0.6681,1.1001,109.96,3189.31,NOMINAL,0.1175,0.0,2426.8
CRUISE,2300.96,319.3,326.45,311.41,322.0,1172.75,1198.42,1155.82,1195.74,22.51,13.61,66.14,169.07,1.8713,1.2829,0.8137,1.3916,128.84,8504.46,NOMINAL,0.1398,0.0,2371.3
CRUISE,2309.58,314.71,327.94,313.18,318.76,1217.06,1216.78,1205.96,1201.03,22.27,15.37,64.21,180.2,4.7082,2.9838,1.9433,3.4082,130.02,8490.54,VIBRATION_FAULT,0.5872,2.94,923.7
TAXI,823.6,204.1,214.18,206.45,210.98,268.44,255.93,241.93,241.3,14.7,9.41,56.52,157.28,1.8003,1.2474,0.6987,1.3273,29.6,489.53,CRACK,0.7323,3.66,759.0
DESCENT,2123.74,263.94,266.8,261.23,259.26,997.9,1000.45,1023.25,1030.96,17.93,12.29,63.28,176.71,3.8711,2.5029,1.55,2.8079,110.26,3162.34,VIBRATION_FAULT,0.6698,3.35,834.8
CRUISE,2294.66,320.02,329.77,316.42,324.59,1192.06,1202.71,1157.24,1194.86,22.87,13.91,65.67,170.95,1.8705,1.2912,0.7408,1.3802,131.13,8490.43,NOMINAL,0.0647,0.0,2385.6
CRUISE,2308.49,317.99,325.89,312.58,319.2,1183.25,1229.5,1175.97,1179.82,22.69,14.17,62.93,169.43,1.8886,1.2421,0.7584,1.3766,130.37,8462.59,NOMINAL,0.0498,0.0,2480.7
CRUISE,2313.92,317.56,325.14,314.75,327.56,1187.98,1186.8,1172.77,1177.86,22.57,14.41,62.65,168.19,1.9125,1.2112,0.7707,1.3807,129.79,8432.77,NOMINAL,0.0194,0.0,2469.1
CRUISE,2302.47,318.41,334.4,315.58,323.23,1186.65,1202.05,1167.68,1178.11,22.47,13.44,65.59,175.26,1.9141,1.2554,0.6824,1.3791,127.96,8535.79,NOMINAL,0.0191,0.0,2454.5
CLIMB,2448.69,375.8,376.72,369.6,374.58,1252.9,1266.94,1214.89,1278.43,24.73,17.61,62.59,190.23,3.9855,2.5314,1.6937,2.896,94.35,4535.96,CORROSION,0.725,3.62,834.6
CLIMB,2437.22,347.03,356.39,356.07,361.57,1246.14,1279.51,1222.95,1234.75,25.01,16.66,68.94,179.94,2.3736,1.5643,1.0011,1.74,97.98,4463.71,NOMINAL,0.0564,0.0,2386.5
CRUISE,2305.0,317.82,326.01,317.85,319.34,1170.25,1225.95,1175.79,1205.42,22.55,14.45,65.1,172.72,2.25,1.4143,0.9117,1.6221,126.44,8415.32,VIBRATION_FAULT,0.0924,0.5,2137.0
TAKEOFF,2711.39,385.04,380.95,377.01,388.5,1394.34,1425.33,1416.71,1389.87,29.55,20.27,74.61,183.72,3.3949,2.0879,1.1816,2.4001,78.98,781.46,NOMINAL,0.0806,0.0,2442.8
CRUISE,2280.76,320.34,327.98,314.09,316.97,1164.69,1202.46,1169.33,1194.66,22.89,14.17,65.49,174.26,1.878,1.378,0.8312,1.4279,129.26,8532.19,NOMINAL,0.0583,0.0,2457.3
CRUISE,2302.8,322.8,325.24,316.81,322.75,1190.13,1199.07,1164.22,1199.59,22.54,13.36,64.58,169.07,1.9118,1.2374,0.6625,1.3693,126.27,8461.89,NOMINAL,0.0748,0.0,2388.9
LAND,980.76,235.93,240.46,232.85,238.76,587.68,588.92,571.93,588.63,15.21,9.54,54.37,166.95,1.4547,0.826,0.4979,1.0077,45.1,578.29,CORROSION,0.5224,2.61,1156.5
DESCENT,2120.77,261.07,266.92,255.49,258.84,1028.04,1005.98,1020.16,1018.33,17.85,12.17,62.94,177.79,3.4143,2.2793,1.4767,2.5188,111.87,3219.44,VIBRATION_FAULT,0.5385,2.69,1106.6
DESCENT,2124.14,261.04,263.05,260.67,264.96,981.76,1005.02,955.79,985.65,17.98,11.53,61.34,164.95,1.6153,1.1265,0.5565,1.1815,110.35,3139.68,NOMINAL,0.058,0.0,2477.2
CRUISE,2284.28,325.32,323.78,316.69,323.03,1170.55,1188.56,1181.52,1198.12,22.5,13.96,65.38,170.69,2.0009,1.2337,0.7821,1.4303,131.8,8529.43,NOMINAL,0.1012,0.0,2412.3
DESCENT,2107.69,259.62,274.0,256.04,258.66,983.87,1016.47,958.21,979.86,17.95,11.01,60.38,162.23,1.5186,1.0179,0.5649,1.1047,109.82,3207.4,NOMINAL,0.0183,0.0,2424.3
CLIMB,2481.71,358.49,352.41,342.88,357.89,1291.47,1292.38,1272.64,1287.5,24.95,17.06,69.17,186.49,6.3695,4.1584,2.6821,4.6568,94.75,4512.66,VIBRATION_FAULT,0.6729,3.36,947.1
CLIMB,2445.97,342.89,358.43,342.55,349.35,1261.18,1262.32,1236.87,1269.0,24.82,16.11,68.56,179.36,2.3538,1.5224,0.905,1.7007,96.78,4576.76,NOMINAL,0.0829,0.0,2422.8
DESCENT,2104.42,256.2,265.57,259.76,264.84,986.82,1003.0,959.17,991.71,18.2,11.13,61.75,164.15,1.4772,0.9286,0.6012,1.0655,109.2,3141.03,NOMINAL,0.1112,0.0,2410.9
CRUISE,2293.58,321.34,324.46,320.36,323.41,1190.98,1217.29,1167.46,1201.41,22.88,14.03,65.83,170.01,2.1573,1.31,0.8598,1.5394,132.49,8452.84,CRACK,0.0472,0.5,1807.4
CLIMB,2453.91,352.54,356.59,350.46,345.26,1257.29,1265.82,1219.94,1247.03,25.39,16.69,68.96,179.73,2.2915,1.5747,1.0149,1.7089,93.99,4554.5,NOMINAL,0.1018,0.0,2402.8
TAXI,832.77,182.64,184.99,179.54,183.5,240.34,288.04,244.51,289.03,15.16,9.6,55.48,158.14,2.2492,1.5535,0.9788,1.6763,28.84,452.35,VIBRATION_FAULT,0.8,4.0,643.8
LAND,993.86,238.56,244.19,239.37,233.9,572.64,596.28,577.77,586.99,15.52,9.95,53.49,166.89,1.1874,0.8317,0.4581,0.8778,45.29,630.04,CORROSION,0.5134,2.57,1304.0
LAND,1029.4,218.34,221.24,221.88,221.92,619.34,648.09,617.5,619.37,15.32,9.89,56.72,169.87,3.1078,1.8255,1.0912,2.1742,45.7,596.96,VIBRATION_FAULT,0.8954,4.48,452.9
DESCENT,2089.58,266.05,260.52,257.48,264.59,990.14,994.55,953.36,1008.24,17.89,11.67,62.44,164.23,1.5465,1.0538,0.6101,1.1364,108.16,3128.5,CRACK,0.0056,0.5,2242.1
TAXI,787.88,193.27,194.81,190.59,183.61,202.96,232.45,230.4,220.95,15.17,9.61,53.03,152.15,0.9726,0.7364,0.4762,0.7561,26.25,496.56,CORROSION,0.3112,1.56,1413.2
CRUISE,2296.66,324.61,329.84,310.33,318.68,1187.68,1177.13,1185.03,1191.42,22.85,13.78,64.21,171.86,1.8763,1.1605,0.7881,1.3526,126.02,8557.69,NOMINAL,0.1117,0.0,2447.9
CRUISE,2300.04,351.77,352.93,343.32,347.16,1229.72,1208.19,1212.26,1212.43,22.29,15.06,65.24,179.34,4.254,2.7322,1.7605,3.0909,132.91,8465.76,CRACK,0.6803,3.4,900.0
DESCENT,2086.23,255.74,259.61,256.07,254.79,969.6,1005.88,985.92,976.22,18.15,11.11,61.38,165.28,1.4476,0.9699,0.6035,1.0647,112.9,3255.1,NOMINAL,0.0478,0.0,2391.8
TAKEOFF,2709.65,379.37,388.5,379.16,385.57,1401.05,1404.04,1385.99,1403.91,29.99,20.56,73.86,186.59,3.1252,2.1642,1.3013,2.3198,72.94,834.48,NOMINAL,0.0136,0.0,2463.9
CRUISE,2288.24,319.77,325.63,312.27,324.63,1186.24,1180.77,1199.6,1175.42,22.39,14.11,64.45,172.62,1.886,1.1797,0.7907,1.3631,122.75,8521.35,NOMINAL,0.0446,0.0,2440.9
CRUISE,2323.6,314.24,326.05,323.85,322.8,1218.02,1192.56,1203.5,1224.98,22.52,15.32,65.92,183.0,5.7645,3.7151,2.2576,4.1684,127.82,8521.63,VIBRATION_FAULT,0.8129,4.06,632.8
CRUISE,2317.63,319.77,324.03,318.3,322.28,1177.85,1197.47,1172.73,1181.74,22.38,13.71,63.55,173.33,1.8275,1.2949,0.7422,1.3623,131.35,8499.92,NOMINAL,0.0804,0.0,2419.5
CLIMB,2477.86,352.84,358.87,349.25,343.83,1258.46,1295.31,1247.11,1256.85,24.72,16.14,66.4,177.28,2.3145,1.5509,0.9702,1.7033,90.7,4469.4,NOMINAL,0.1042,0.0,2382.2
TAXI,800.21,180.44,184.51,173.65,181.93,237.31,220.53,221.58,210.4,15.29,8.81,53.41,145.63,0.7163,0.5902,0.24,0.5535,22.77,505.26,NOMINAL,0.0316,0.0,2408.3
LAND,1008.54,220.32,227.73,214.08,218.18,597.58,603.99,562.15,570.15,15.81,9.18,57.74,153.81,0.8793,0.5724,0.3985,0.6479,42.16,576.66,NOMINAL,0.1343,0.0,2359.9
CLIMB,2471.03,377.36,385.78,376.57,378.36,1298.68,1312.96,1286.12,1304.34,24.92,17.13,67.95,191.62,6.3066,4.1099,2.4402,4.5687,92.53,4474.84,CRACK,0.8808,4.4,566.7
DESCENT,2101.1,266.76,267.0,252.19,263.2,988.46,993.9,977.54,998.48,17.89,11.67,61.06,165.79,1.4518,0.8734,0.6179,1.0412,114.82,3197.85,NOMINAL,0.079,0.0,2469.2
CRUISE,2290.18,323.69,325.2,309.8,323.78,1182.51,1194.4,1155.53,1211.47,22.39,14.27,64.44,171.23,1.9043,1.2367,0.7187,1.375,131.32,8556.2,NOMINAL,0.033,0.0,2485.3
LAND,1035.33,216.49,224.06,220.84,226.95,550.86,607.19,565.66,588.21,15.79,8.7,57.39,154.42,0.8721,0.6058,0.4262,0.6606,46.07,599.49,NOMINAL,0.0374,0.0,2403.3
CRUISE,2305.1,312.58,331.37,321.36,325.11,1194.95,1197.11,1158.99,1174.95,22.75,13.77,64.55,170.4,1.897,1.2509,0.6696,1.3677,129.42,8532.97,NOMINAL,0.1154,0.0,2369.8
TAXI,811.46,178.52,186.65,175.26,182.0,238.36,244.86,193.34,225.54,15.1,8.56,56.09,145.06,0.8002,0.3861,0.3862,0.5593,24.58,510.35,NOMINAL,0.0484,0.0,2472.1
CRUISE,2316.6,312.22,322.66,314.87,327.24,1188.49,1178.34,1166.61,1198.66,23.06,13.9,63.58,170.58,1.8965,1.2628,0.7945,1.3932,130.8,8521.13,NOMINAL,0.056,0.0,2388.7
TAXI,785.31,181.1,181.52,172.07,179.12,204.99,252.02,208.59,238.48,15.33,8.44,56.15,144.13,0.7866,0.4775,0.39,0.577,24.73,523.92,NOMINAL,0.112,0.0,2376.3
CLIMB,2450.05,350.41,354.95,350.85,347.74,1244.62,1257.81,1250.36,1247.66,24.54,16.63,67.83,179.87,2.465,1.5575,0.8878,1.7597,92.0,4429.07,NOMINAL,0.0893,0.0,2388.4
TAXI,798.34,177.7,185.37,176.61,188.65,226.98,238.86,189.23,230.32,15.42,8.62,53.74,144.32,0.806,0.4956,0.2892,0.5712,19.63,469.27,CRACK,0.0001,0.5,2306.4
CRUISE,2299.06,335.37,339.1,338.04,337.66,1172.29,1179.31,1157.28,1185.24,22.35,14.5,62.65,180.57,2.9766,1.7245,1.1362,2.0916,128.91,8500.79,CORROSION,0.527,2.64,1115.0
CRUISE,2293.16,312.61,330.5,320.64,324.04,1163.94,1201.33,1178.39,1194.66,22.49,14.42,64.15,169.7,1.95,1.2541,0.788,1.4138,131.33,8520.99,NOMINAL,0.0385,0.0,2473.5
CLIMB,2449.7,352.1,356.39,353.12,351.52,1257.23,1259.37,1224.55,1259.92,25.3,17.48,61.29,188.78,4.0429,2.7579,1.6934,2.9899,94.63,4529.09,DELAMINATION,0.5254,2.63,1224.6
TAXI,782.74,179.1,189.23,171.34,184.87,195.78,223.72,204.22,231.84,15.06,8.32,56.33,147.14,0.766,0.4964,0.3056,0.5558,30.54,500.68,NOMINAL,0.0187,0.0,2433.0
CRUISE,2309.35,317.25,324.65,318.31,321.16,1175.26,1194.3,1159.76,1195.39,22.51,13.59,64.42,169.34,1.8701,1.2709,0.7249,1.3709,136.76,8555.42,NOMINAL,0.0642,0.0,2440.2
CRUISE,2303.52,319.43,324.15,309.91,319.65,1177.08,1192.06,1161.99,1180.42,22.91,14.21,66.15,170.49,1.7932,1.2793,0.8274,1.3585,133.74,8524.95,NOMINAL,0.0494,0.0,2475.8
CRUISE,2307.66,318.3,333.73,314.95,322.68,1181.74,1189.69,1173.49,1194.11,22.76,14.22,65.22,168.53,1.8368,1.3344,0.7644,1.3831,135.19,8467.27,NOMINAL,0.0858,0.0,2422.6
CRUISE,2311.97,328.69,324.36,320.94,323.68,1163.42,1197.81,1142.66,1202.0,22.69,14.76,62.28,171.51,2.2928,1.5033,0.9509,1.6754,132.89,8508.77,CORROSION,0.1805,0.9,1997.2
LAND,994.48,222.96,224.76,216.79,221.01,583.2,612.9,563.81,583.98,15.47,8.46,58.71,155.41,0.906,0.6105,0.2898,0.6526,48.5,579.21,CORROSION,0.0109,0.5,2270.8
CLIMB,2438.42,365.93,367.19,367.61,368.35,1269.11,1286.43,1258.56,1303.26,24.83,17.15,65.14,184.92,4.7248,3.0834,1.9447,3.4455,91.26,4518.09,CRACK,0.549,2.75,1199.1
DESCENT,2106.49,266.18,270.9,262.62,262.84,972.9,967.64,953.09,983.7,17.91,10.96,62.41,165.35,1.5033,1.0221,0.5765,1.1011,112.74,3151.85,NOMINAL,0.1022,0.0,2377.2
TAKEOFF,2708.54,378.5,379.62,372.89,377.29,1405.95,1419.41,1369.26,1390.34,29.62,20.11,71.19,185.63,3.2252,2.1119,1.2093,2.3327,74.31,843.02,NOMINAL,0.0479,0.0,2388.8
LAND,994.14,218.2,226.43,213.96,214.93,594.22,604.08,569.79,588.87,15.42,8.56,55.75,157.93,0.9017,0.4883,0.3087,0.6183,45.76,611.38,NOMINAL,0.0388,0.0,2462.2
CLIMB,2443.13,346.03,356.56,347.43,359.84,1244.59,1271.03,1257.18,1247.19,24.84,16.46,65.36,178.96,2.6646,1.7222,1.0877,1.9364,93.42,4454.83,CORROSION,0.0794,0.5,1930.9
CRUISE,2298.92,309.68,331.09,307.91,323.01,1190.11,1206.18,1186.67,1202.21,22.96,13.97,64.5,169.38,2.0099,1.1966,0.8024,1.4277,127.85,8466.33,NOMINAL,0.0709,0.0,2411.8
DESCENT,2069.15,258.69,265.04,254.34,266.22,984.96,1027.59,974.41,996.63,18.07,11.12,61.22,164.58,1.4849,0.9693,0.6318,1.0868,110.75,3179.32,NOMINAL,0.0569,0.0,2416.1
TAXI,793.62,188.49,181.54,173.23,180.06,214.58,250.0,204.95,214.11,15.56,8.58,55.5,146.17,0.7014,0.5196,0.3611,0.5454,23.4,512.27,NOMINAL,0.0225,0.0,2467.1
CRUISE,2287.61,312.0,326.79,322.6,319.58,1177.69,1210.16,1171.19,1178.32,22.88,14.06,64.72,169.73,1.9473,1.1982,0.8386,1.406,133.15,8500.34,NOMINAL,0.1436,0.0,2437.8
CRUISE,2297.55,320.22,320.43,318.41,318.95,1184.94,1207.69,1183.68,1203.16,22.91,14.24,65.2,169.15,1.8904,1.3328,0.7501,1.4039,129.99,8559.05,NOMINAL,0.051,0.0,2471.3
CLIMB,2471.63,347.1,357.41,346.8,353.11,1232.44,1285.4,1251.06,1277.73,25.13,16.94,67.52,181.44,3.7733,2.4658,1.4899,2.7409,97.36,4486.89,VIBRATION_FAULT,0.2296,1.15,1777.8
TAXI,822.57,182.65,190.95,187.13,190.05,237.07,245.1,187.65,241.75,15.29,9.13,54.1,151.49,1.0522,0.6711,0.3948,0.7557,27.62,456.16,CRACK,0.1924,0.96,1892.7
LAND,1007.58,217.17,225.85,210.66,224.75,578.2,604.69,565.85,596.33,15.49,9.02,58.64,155.35,0.828,0.5588,0.3214,0.6058,48.57,631.21,NOMINAL,0.134,0.0,2445.8
CRUISE,2322.12,320.02,330.21,316.96,323.97,1174.29,1195.64,1158.03,1193.66,22.44,14.11,63.82,170.82,1.9135,1.2432,0.7795,1.3922,129.41,8652.27,NOMINAL,0.0118,0.0,2435.2
LAND,1008.9,221.99,227.11,222.99,228.54,594.3,580.9,566.48,593.96,15.68,9.12,56.11,157.89,1.0139,0.6615,0.3405,0.7261,42.66,672.49,CORROSION,0.1089,0.54,1857.4
DESCENT,2100.54,276.99,277.14,274.32,271.77,1011.1,1030.51,1013.06,1003.94,17.43,12.05,63.58,171.06,2.812,1.8687,1.0947,2.0492,105.68,3170.25,CRACK,0.497,2.49,1125.7
CRUISE,2300.35,344.13,338.08,339.24,339.39,1215.76,1187.2,1201.34,1225.28,22.56,15.16,64.28,176.01,4.0963,2.651,1.6818,2.9797,130.19,8516.65,CRACK,0.6165,3.08,971.6
CRUISE,2302.55,320.23,320.81,321.14,325.74,1195.39,1197.74,1164.15,1189.92,22.92,14.84,61.88,180.76,3.4611,2.1697,1.4406,2.5008,131.92,8453.98,DELAMINATION,0.6127,3.06,951.6
CRUISE,2312.88,313.1,329.73,315.49,320.81,1189.9,1209.53,1144.14,1174.52,22.8,15.28,59.13,181.92,3.9594,2.6239,1.6856,2.9099,129.11,8535.08,DELAMINATION,0.761,3.81,711.4
CRUISE,2300.9,318.1,324.73,313.39,318.66,1185.4,1211.35,1155.43,1181.66,22.56,13.67,65.29,169.51,1.769,1.2633,0.7319,1.3242,132.56,8492.18,NOMINAL,0.1079,0.0,2363.8
TAKEOFF,2714.9,386.45,388.08,373.94,382.11,1398.82,1416.2,1384.95,1398.41,30.04,20.36,72.03,187.27,3.2473,2.013,1.2623,2.3231,78.7,785.57,NOMINAL,0.009,0.0,2418.5
CLIMB,2446.64,351.96,355.87,343.21,349.57,1229.77,1254.74,1245.54,1274.47,24.85,16.09,69.37,180.1,2.4578,1.4729,0.9858,1.7495,96.38,4536.02,NOMINAL,0.1381,0.0,2440.6
CRUISE,2304.55,329.06,342.88,335.05,340.09,1193.61,1186.86,1171.96,1197.24,22.16,14.23,62.77,178.49,2.7558,1.6525,0.9424,1.9333,129.62,8533.74,CORROSION,0.3897,1.95,1433.6
TAXI,792.29,184.18,188.61,173.13,180.17,211.85,215.68,198.86,208.73,15.43,8.8,54.64,145.37,0.8857,0.567,0.4202,0.6538,25.65,558.11,NOMINAL,0.0122,0.0,2484.3
DESCENT,2092.7,257.12,266.26,249.38,260.92,968.21,991.08,958.66,999.21,18.11,12.45,54.98,181.63,3.2947,2.088,1.3568,2.3844,109.53,3208.19,DELAMINATION,0.8203,4.1,577.1
TAKEOFF,2704.51,376.32,387.98,382.28,379.69,1391.39,1418.1,1404.54,1404.74,30.26,20.13,70.4,186.05,4.1496,2.7331,1.7033,3.0326,78.1,772.03,DELAMINATION,0.2287,1.14,1514.8
CRUISE,2312.45,346.52,343.99,342.15,342.26,1212.15,1211.97,1210.62,1224.44,22.75,15.1,66.06,180.43,4.2505,2.6743,1.5522,3.0347,129.03,8523.07,CRACK,0.654,3.27,805.2
DESCENT,2100.99,253.2,266.75,256.44,258.6,986.77,996.39,944.59,998.34,18.04,11.65,60.96,164.58,1.5853,0.9201,0.6515,1.1231,112.64,3212.55,NOMINAL,0.1366,0.0,2442.1
CLIMB,2415.47,351.78,356.55,346.64,356.0,1237.68,1286.16,1255.35,1281.1,24.87,16.72,68.99,179.68,2.8145,1.866,1.1337,2.0566,92.32,4404.78,CRACK,0.1064,0.53,1822.7
CRUISE,2277.82,334.5,340.62,324.71,339.91,1197.55,1227.22,1193.41,1201.09,21.77,14.22,65.82,179.41,3.0505,2.0523,1.2429,2.2407,131.04,8503.53,CRACK,0.3693,1.85,1576.8
CLIMB,2459.24,347.46,354.74,344.05,353.58,1254.19,1261.78,1242.09,1226.26,25.21,16.77,67.39,176.73,2.3954,1.5054,0.9223,1.718,95.77,4532.36,NOMINAL,0.0085,0.0,2440.8
CRUISE,2308.39,346.72,348.9,345.75,349.46,1214.39,1220.43,1227.43,1218.45,22.26,14.91,65.9,188.4,4.4107,2.9518,1.8004,3.2357,132.82,8525.46,CRACK,0.7549,3.77,757.4
DESCENT,2102.54,261.63,264.66,263.05,265.29,954.99,996.53,955.64,1012.88,17.45,11.33,62.15,166.47,1.5258,1.0992,0.6459,1.148,105.4,3256.17,NOMINAL,0.0315,0.0,2408.3
CRUISE,2296.2,350.31,348.85,357.15,355.42,1172.9,1165.96,1181.2,1165.55,23.04,15.02,57.24,187.92,3.5919,2.3352,1.4316,2.608,128.91,8491.06,CORROSION,0.9723,4.86,393.3
LAND,978.95,221.1,225.65,218.95,220.94,587.23,604.62,566.33,594.23,15.16,9.2,57.35,154.68,0.8158,0.5389,0.4422,0.6195,45.34,588.13,NOMINAL,0.0088,0.0,2446.4
TAXI,802.58,208.96,210.73,211.96,210.87,261.0,264.11,268.42,276.92,15.45,9.94,52.51,165.8,2.1239,1.3564,0.8469,1.5349,24.01,467.25,CRACK,0.9199,4.6,435.3
LAND,997.28,216.23,224.17,216.83,219.85,574.29,599.16,561.92,577.34,15.07,8.9,57.38,152.0,0.9997,0.6053,0.3006,0.6967,43.24,641.86,NOMINAL,0.0744,0.0,2469.5
CLIMB,2447.89,383.15,386.32,383.49,387.46,1294.5,1295.77,1297.54,1316.09,25.06,18.01,67.03,194.09,6.7502,4.4016,2.7211,4.9106,96.98,4517.86,CRACK,0.9891,4.95,287.4
TAKEOFF,2706.74,413.24,414.67,415.94,407.65,1460.85,1450.69,1462.73,1468.17,29.54,21.53,69.76,201.47,8.7228,5.7021,3.4812,6.3435,76.11,771.9,CRACK,0.9539,4.77,336.1
CRUISE,2299.32,315.2,326.69,318.47,318.79,1194.9,1190.84,1158.88,1168.63,22.57,15.39,60.96,178.76,3.4313,2.2517,1.4141,2.5063,126.91,8562.12,DELAMINATION,0.5603,2.8,964.5
TAXI,802.56,186.14,186.54,178.02,178.68,231.82,225.08,211.23,224.83,15.18,8.83,54.57,146.99,0.7674,0.5279,0.4275,0.5917,25.3,496.97,NOMINAL,0.1436,0.0,2440.7
CRUISE,2295.12,330.11,337.81,334.23,335.17,1201.47,1211.47,1199.57,1219.67,22.45,15.44,66.25,177.93,3.3029,2.2223,1.404,2.4371,132.05,8425.89,CRACK,0.441,2.21,1110.6
CRUISE,2272.59,321.29,319.18,317.58,331.06,1196.32,1201.11,1160.09,1205.29,22.66,13.92,64.35,168.37,1.93,1.21,0.7684,1.388,132.32,8482.33,NOMINAL,0.1175,0.0,2378.5
CRUISE,2304.83,344.88,348.79,348.94,347.33,1177.68,1195.99,1166.44,1201.37,22.37,14.76,59.89,182.81,3.2314,1.888,1.2555,2.2791,128.99,8532.41,CORROSION,0.7093,3.55,718.3
CLIMB,2448.83,372.74,378.86,375.37,376.32,1278.05,1283.11,1297.09,1296.91,24.81,17.45,68.1,189.65,5.2174,3.4803,2.1227,3.8227,100.63,4551.42,CRACK,0.6576,3.29,992.3
CRUISE,2296.22,339.65,338.35,334.54,337.07,1220.65,1218.56,1169.47,1214.35,22.26,14.64,66.38,176.87,3.5672,2.2829,1.4468,2.5839,125.78,8435.77,CRACK,0.5162,2.58,1293.7
CLIMB,2451.33,356.59,356.12,358.12,352.25,1249.22,1278.88,1247.48,1276.21,24.92,16.33,66.17,183.62,2.9564,1.9274,1.2823,2.1679,93.77,4500.97,CRACK,0.1344,0.67,1718.5
CLIMB,2462.25,353.46,358.64,343.41,353.02,1243.95,1236.92,1251.43,1266.66,24.67,16.39,69.26,178.24,2.2641,1.4872,1.0529,1.6779,95.16,4542.34,NOMINAL,0.0837,0.0,2465.0
CLIMB,2454.22,343.12,353.88,348.02,351.33,1255.42,1279.16,1244.72,1263.97,25.05,16.33,66.89,180.44,2.4634,1.5127,0.9632,1.7592,91.52,4480.88,NOMINAL,0.1047,0.0,2458.8
CLIMB,2451.39,378.81,377.72,384.42,386.64,1302.18,1297.84,1307.4,1290.92,25.26,17.69,67.34,193.81,6.33,4.1746,2.47,4.6042,93.49,4508.39,CRACK,0.9116,4.56,434.5
CRUISE,2291.61,318.47,327.76,307.98,324.29,1173.89,1193.91,1179.66,1206.14,22.34,13.8,64.57,168.8,1.7852,1.2331,0.727,1.3211,130.24,8568.35,NOMINAL,0.0627,0.0,2469.3
CRUISE,2298.01,320.06,321.83,320.45,320.7,1200.45,1195.61,1165.29,1186.96,22.54,13.83,64.19,172.17,2.0173,1.397,0.8808,1.5052,131.67,8509.35,CRACK,0.0581,0.5,1698.3
TAKEOFF,2683.74,378.68,386.11,371.83,381.4,1408.21,1406.02,1378.18,1424.17,29.57,20.2,73.49,182.87,3.1115,2.0661,1.2834,2.2801,73.4,878.85,NOMINAL,0.0559,0.0,2381.8
DESCENT,2083.61,259.78,267.54,262.44,262.27,977.09,986.28,972.44,1002.2,17.55,11.22,60.78,162.56,1.6355,1.0282,0.5697,1.1629,109.6,3187.31,NOMINAL,0.108,0.0,2455.6
TAXI,809.41,178.02,187.62,174.05,177.86,234.33,212.44,229.42,241.98,15.25,8.37,54.56,145.36,0.8148,0.4624,0.3234,0.5722,25.65,487.97,NOMINAL,0.0292,0.0,2396.1
TAKEOFF,2726.87,379.53,379.83,372.46,384.46,1391.33,1406.07,1404.74,1412.04,29.65,19.27,72.74,185.03,3.3041,2.0143,1.2613,2.3498,75.75,850.24,NOMINAL,0.0496,0.0,2472.1
CRUISE,2302.16,322.63,331.47,317.29,331.06,1178.93,1201.52,1160.58,1193.87,22.57,14.31,65.53,169.05,1.9205,1.1947,0.7875,1.3827,128.6,8444.08,NOMINAL,0.1217,0.0,2422.9
CLIMB,2449.73,348.63,357.81,347.34,350.87,1264.91,1256.88,1250.08,1261.87,24.9,16.84,68.67,176.06,2.4291,1.5818,1.0104,1.7723,96.46,4526.28,NOMINAL,0.0441,0.0,2453.7
TAXI,796.97,174.4,190.5,172.08,182.94,216.03,235.14,216.13,220.64,15.31,8.64,54.07,146.64,0.9094,0.6415,0.3069,0.6665,25.48,510.09,NOMINAL,0.0139,0.0,2425.3
CRUISE,2305.84,321.8,322.17,323.17,320.34,1148.08,1170.69,1171.9,1174.72,22.51,13.55,65.37,171.02,1.9141,1.1932,0.8039,1.3825,129.0,8492.47,NOMINAL,0.0248,0.0,2462.1
TAXI,784.76,176.64,185.03,173.22,185.32,203.0,236.57,220.13,222.44,15.31,8.49,54.96,145.92,0.6513,0.5922,0.2252,0.5246,27.84,517.36,NOMINAL,0.1063,0.0,2386.5
CRUISE,2296.47,344.84,349.83,346.3,346.55,1216.61,1219.21,1196.08,1231.29,22.45,15.04,62.82,183.59,4.342,2.8671,1.8201,3.1825,130.16,8495.78,CRACK,0.7459,3.73,698.9
TAKEOFF,2694.45,404.33,406.62,404.7,404.14,1414.04,1442.32,1429.23,1466.44,30.47,21.35,71.19,198.92,7.1284,4.6898,2.8244,5.1893,76.38,751.57,CRACK,0.7056,3.53,806.9
TAXI,804.04,175.61,192.09,172.38,182.14,227.5,246.19,217.3,210.89,14.97,8.54,55.58,147.26,0.7589,0.4657,0.2927,0.5411,30.65,560.02,NOMINAL,0.0707,0.0,2390.9
CRUISE,2283.45,321.25,329.57,314.86,324.15,1173.26,1201.64,1162.22,1199.83,22.18,14.16,64.08,171.18,2.6768,1.7648,1.1089,1.9587,128.81,8454.97,DELAMINATION,0.3113,1.56,1594.6
CRUISE,2326.31,313.73,327.07,316.64,319.67,1200.63,1225.6,1230.1,1240.68,22.49,15.14,65.88,183.82,5.98,3.9521,2.5127,4.3853,133.96,8447.29,VIBRATION_FAULT,0.8818,4.41,533.4
CRUISE,2292.55,325.67,329.42,320.17,320.44,1176.16,1187.88,1178.97,1171.4,22.46,14.53,65.71,172.22,1.8784,1.2468,0.8632,1.3938,130.31,8458.41,VIBRATION_FAULT,0.0231,0.5,1854.2
DESCENT,2130.45,262.1,262.77,259.08,267.65,979.93,988.78,968.53,982.65,17.94,10.78,63.05,162.93,1.5487,0.9568,0.6111,1.1086,108.81,3207.85,NOMINAL,0.0148,0.0,2473.6
DESCENT,2079.25,261.18,267.37,250.99,258.57,975.83,970.46,976.49,984.13,18.07,10.88,64.42,162.44,1.4601,1.0469,0.5425,1.0836,110.23,3225.07,NOMINAL,0.0234,0.0,2451.5
CLIMB,2464.01,356.44,357.68,348.72,354.51,1265.34,1290.5,1278.73,1287.64,25.05,16.89,68.15,189.73,6.3232,4.2454,2.5379,4.6349,94.05,4489.82,VIBRATION_FAULT,0.6821,3.41,748.6
TAXI,806.54,177.89,184.62,176.25,175.85,215.11,236.67,229.17,218.96,15.4,8.5,53.64,143.86,0.8693,0.5666,0.294,0.6227,25.86,458.52,NOMINAL,0.064,0.0,2380.5
DESCENT,2111.18,261.62,263.63,253.98,261.9,978.06,994.65,963.78,1006.55,17.89,11.29,64.91,163.48,1.5154,0.9897,0.5994,1.1008,110.1,3164.84,NOMINAL,0.048,0.0,2452.4
CRUISE,2296.05,323.68,324.97,316.03,319.62,1189.84,1191.02,1177.42,1189.5,22.5,13.55,65.07,167.94,1.9049,1.3514,0.6905,1.4062,129.63,8474.58,NOMINAL,0.0866,0.0,2437.3
CLIMB,2437.44,372.0,369.26,366.28,363.37,1305.01,1301.78,1265.49,1289.9,24.9,17.67,67.59,188.24,4.8895,3.2489,2.0875,3.5972,94.29,4488.17,CRACK,0.5885,2.94,1183.5
CRUISE,2300.99,313.87,324.08,309.0,320.28,1168.62,1205.52,1159.18,1185.61,21.96,14.31,63.7,169.13,1.9622,1.2819,0.7045,1.413,131.32,8454.05,NOMINAL,0.0322,0.0,2478.5
CRUISE,2291.32,327.07,323.84,311.83,318.85,1179.79,1199.34,1171.71,1200.94,22.08,14.29,63.9,170.72,2.0377,1.1871,0.718,1.4233,127.44,8486.48,NOMINAL,0.0171,0.0,2459.8
CRUISE,2307.49,329.89,334.57,332.01,338.01,1200.41,1214.56,1159.96,1211.82,22.32,14.0,62.47,178.64,2.5218,1.6002,1.0021,1.8188,131.33,8505.9,CORROSION,0.3326,1.66,1301.8
CLIMB,2450.04,353.66,355.13,345.27,352.66,1281.51,1254.9,1251.1,1256.41,24.98,16.11,70.26,178.4,2.4527,1.4701,0.9279,1.7357,96.03,4493.56,NOMINAL,0.1253,0.0,2387.6
CRUISE,2292.18,317.32,324.5,314.65,322.42,1186.34,1203.23,1169.59,1192.41,23.13,13.78,64.96,166.79,1.8694,1.1811,0.7235,1.3432,127.04,8445.92,NOMINAL,0.125,0.0,2422.2
LAND,1010.85,212.9,226.39,217.64,224.36,596.47,610.84,589.15,606.98,15.3,9.51,57.7,165.55,2.125,1.4168,0.8317,1.5508,40.61,621.62,VIBRATION_FAULT,0.5745,2.87,992.2
CRUISE,2305.43,321.46,322.17,319.26,315.59,1175.23,1192.44,1158.68,1204.71,22.58,13.58,63.48,173.88,1.8619,1.1872,0.8178,1.3595,125.56,8555.48,NOMINAL,0.1373,0.0,2376.9
TAKEOFF,2702.14,383.32,377.78,371.95,386.33,1404.77,1423.57,1399.17,1415.61,29.84,20.43,71.53,184.97,3.2661,2.0341,1.3512,2.3545,75.73,754.04,NOMINAL,0.0639,0.0,2456.4
CRUISE,2301.03,321.68,325.38,313.08,321.94,1177.83,1193.54,1150.96,1190.26,22.25,14.41,65.59,171.09,2.1732,1.3222,0.7538,1.5318,132.96,8564.56,CORROSION,0.086,0.5,1662.9
TAXI,817.25,177.33,181.68,174.77,190.67,213.47,253.16,216.0,248.16,14.89,8.65,53.92,146.22,1.1625,0.6502,0.4559,0.8128,25.14,461.85,VIBRATION_FAULT,0.1518,0.76,1891.6
TAKEOFF,2705.11,378.96,385.92,381.04,383.85,1409.72,1412.92,1396.52,1409.12,29.6,19.88,71.99,192.79,5.0219,3.2977,2.0505,3.6651,74.28,791.21,VIBRATION_FAULT,0.2258,1.13,1688.1
TAKEOFF,2713.78,377.28,395.97,377.41,381.92,1423.27,1390.6,1384.57,1404.8,29.75,20.17,71.75,187.52,3.2348,2.109,1.3031,2.353,71.78,808.08,NOMINAL,0.0791,0.0,2455.5
CRUISE,2330.24,319.87,323.01,318.16,324.19,1204.55,1219.39,1152.04,1186.76,22.27,14.22,66.7,167.63,1.8949,1.1971,0.8022,1.3745,131.02,8547.03,NOMINAL,0.0837,0.0,2431.3
TAXI,803.59,184.45,193.47,174.29,189.52,213.97,248.43,202.07,217.64,15.51,8.49,56.54,146.35,0.8329,0.5531,0.3744,0.6164,27.32,483.82,NOMINAL,0.1334,0.0,2353.8
CLIMB,2450.54,348.27,353.83,348.97,351.16,1254.35,1264.54,1252.09,1261.8,25.36,17.78,63.3,190.73,4.3012,2.8293,1.6923,3.1288,96.48,4512.05,DELAMINATION,0.5739,2.87,968.2
CRUISE,2305.99,322.36,329.95,314.58,322.73,1171.59,1214.41,1159.49,1204.14,22.44,14.47,65.22,170.29,1.8397,1.365,0.8095,1.4027,131.28,8509.58,NOMINAL,0.0574,0.0,2399.9
CLIMB,2460.69,355.27,359.48,355.72,352.98,1230.14,1258.45,1239.82,1268.33,24.81,17.79,67.24,180.47,2.5605,1.6448,0.9763,1.8453,98.43,4548.5,CORROSION,0.1221,0.61,1654.8
CRUISE,2293.95,316.84,324.67,314.97,324.58,1153.51,1200.03,1159.64,1183.57,22.69,14.27,61.67,178.85,3.1255,2.0439,1.2603,2.2756,131.8,8464.77,DELAMINATION,0.4433,2.22,1229.0
CRUISE,2279.39,318.0,325.59,320.85,328.37,1178.44,1181.33,1152.33,1199.26,22.68,13.82,63.59,171.79,1.8018,1.2083,0.7837,1.3317,125.0,8538.13,NOMINAL,0.1058,0.0,2409.7
CRUISE,2302.7,324.18,327.45,322.17,328.59,1168.02,1181.84,1162.71,1174.0,22.67,13.26,62.06,176.01,2.2111,1.4598,0.8851,1.6128,128.43,8543.81,CORROSION,0.1923,0.96,1558.4
CLIMB,2446.57,348.18,354.94,344.29,353.31,1263.2,1273.51,1233.96,1267.58,25.19,16.61,69.26,173.77,2.4021,1.5785,0.8859,1.7365,95.55,4536.6,NOMINAL,0.0835,0.0,2376.7
CLIMB,2463.95,377.48,372.41,369.61,363.78,1269.65,1305.32,1269.66,1293.96,25.06,17.85,65.58,190.31,5.2291,3.33,2.1289,3.7844,91.5,4542.58,CRACK,0.6487,3.24,911.5
CLIMB,2435.78,353.65,358.64,352.66,354.46,1252.87,1263.34,1247.0,1296.71,25.01,16.88,69.66,180.12,3.8481,2.5042,1.5698,2.8014,97.13,4497.65,VIBRATION_FAULT,0.2342,1.17,1597.8
CLIMB,2435.32,365.55,366.54,365.39,373.38,1294.46,1263.12,1257.94,1269.09,24.78,17.29,67.52,189.24,4.7225,3.1386,2.019,3.4751,98.51,4566.59,CRACK,0.5733,2.87,938.7
CRUISE,2293.63,344.16,331.67,337.52,340.23,1209.83,1221.01,1204.69,1219.65,22.42,14.68,63.37,180.44,3.7379,2.4666,1.4124,2.7111,125.69,8515.05,CRACK,0.5069,2.53,1225.8
CLIMB,2423.54,353.91,356.62,339.4,353.16,1251.3,1274.38,1247.81,1231.14,24.88,16.48,67.65,177.42,2.4978,1.4649,0.9508,1.7596,94.47,4495.62,CRACK,0.0031,0.5,2128.0
CRUISE,2307.68,341.81,341.3,342.53,341.21,1205.06,1239.3,1185.18,1205.82,23.2,15.02,61.84,181.68,3.6885,2.4163,1.6357,2.7153,134.14,8579.92,CRACK,0.5469,2.73,1039.2
TAXI,795.9,207.57,204.52,204.31,198.17,214.97,240.95,202.49,242.57,15.47,9.33,50.99,159.47,1.3155,0.8399,0.5575,0.9569,29.2,560.72,CORROSION,0.5999,3.0,1135.2
CRUISE,2296.42,319.81,327.68,310.93,323.29,1171.7,1183.77,1177.54,1186.87,22.55,13.93,64.26,170.21,1.791,1.2292,0.859,1.3487,127.0,8557.05,NOMINAL,0.0314,0.0,2485.4
LAND,1025.04,217.25,227.15,211.45,216.93,582.01,602.91,561.2,576.43,15.3,9.18,58.49,157.48,0.9617,0.5806,0.4626,0.7014,49.1,579.0,DELAMINATION,0.0734,0.5,1764.8
CRUISE,2311.32,346.62,339.74,332.19,344.26,1209.04,1206.17,1222.84,1207.0,22.22,14.99,63.44,181.55,3.6529,2.4494,1.5139,2.6855,130.66,8448.49,CRACK,0.5395,2.7,957.7
CLIMB,2447.58,345.97,354.44,341.6,344.36,1247.88,1269.2,1246.39,1265.61,25.15,17.17,66.9,184.71,3.909,2.6569,1.5543,2.8726,94.72,4516.17,DELAMINATION,0.4567,2.28,1278.2
DESCENT,2106.48,258.97,264.36,252.74,266.18,978.54,996.62,976.16,973.65,18.01,11.65,61.92,165.4,1.5158,1.0387,0.6101,1.1178,116.17,3209.25,NOMINAL,0.0213,0.0,2416.1
CRUISE,2285.74,321.68,324.4,313.28,320.02,1175.64,1207.99,1173.8,1188.27,22.64,13.97,65.25,168.8,1.8474,1.2441,0.7677,1.3601,132.53,8519.97,NOMINAL,0.0525,0.0,2459.5
CLIMB,2461.63,382.22,386.81,378.92,379.7,1303.22,1308.97,1294.41,1280.27,24.56,17.7,68.03,190.38,6.1766,4.0554,2.4686,4.4978,95.74,4523.51,CRACK,0.8748,4.37,543.2
CLIMB,2442.07,353.76,351.9,350.83,360.37,1231.39,1260.97,1245.35,1248.08,24.93,16.55,67.14,178.15,2.4759,1.5553,0.9081,1.7676,97.91,4555.56,NOMINAL,0.0135,0.0,2480.5
CRUISE,2292.89,323.73,323.61,312.65,325.58,1193.82,1191.57,1174.11,1179.59,22.41,13.45,65.43,169.81,1.8462,1.2295,0.7492,1.3517,127.93,8515.94,NOMINAL,0.0697,0.0,2443.9
TAXI,797.85,177.11,187.86,168.62,180.31,223.72,263.18,191.61,231.06,15.34,8.52,53.52,144.13,0.6047,0.5202,0.2492,0.4825,26.14,473.86,NOMINAL,0.0313,0.0,2428.9
TAXI,796.86,201.2,198.41,204.8,198.15,228.7,246.79,212.8,227.15,15.11,9.41,47.78,156.05,1.3627,0.7949,0.4959,0.9547,22.44,507.43,CORROSION,0.6164,3.08,1060.7
CLIMB,2432.68,375.15,376.36,369.43,376.53,1287.28,1307.1,1261.56,1280.51,25.02,17.82,68.55,187.93,5.3338,3.3569,2.0309,3.8229,93.06,4446.71,CRACK,0.6462,3.23,927.5
CLIMB,2461.81,351.32,356.15,340.61,354.96,1273.36,1284.9,1222.03,1259.06,24.93,16.38,68.03,181.9,2.4086,1.5333,0.9749,1.7419,91.72,4471.36,NOMINAL,0.0358,0.0,2429.3
DESCENT,2085.05,254.45,269.51,252.35,258.04,973.82,1009.96,963.59,979.9,18.3,11.51,64.0,167.43,1.5847,0.9299,0.633,1.122,113.04,3274.23,NOMINAL,0.0992,0.0,2368.4
CLIMB,2439.39,353.43,353.67,346.38,348.92,1248.09,1273.27,1241.23,1268.86,24.66,16.47,67.44,176.23,2.34,1.5064,0.9775,1.703,96.0,4535.02,NOMINAL,0.098,0.0,2392.2
LAND,994.03,219.79,227.11,222.26,218.11,593.82,590.06,584.41,613.01,15.32,9.4,58.03,165.98,2.1422,1.3934,0.8767,1.5598,40.42,605.16,VIBRATION_FAULT,0.5517,2.76,1260.4
CLIMB,2442.99,349.28,357.41,351.63,346.08,1256.86,1282.61,1222.75,1257.85,25.07,17.1,70.61,175.71,2.3758,1.572,0.9878,1.7408,95.5,4462.08,NOMINAL,0.0004,0.0,2468.0
CLIMB,2463.94,352.49,357.94,345.22,351.85,1246.78,1248.96,1245.77,1270.23,24.71,16.15,68.42,178.62,2.4586,1.6448,0.9071,1.7863,94.8,4459.98,NOMINAL,0.0634,0.0,2459.3
TAXI,817.28,183.87,185.74,168.45,183.37,224.44,226.8,217.97,218.57,15.41,8.57,53.25,144.35,0.8116,0.538,0.3717,0.6017,27.89,490.46,NOMINAL,0.0226,0.0,2418.6
CRUISE,2280.14,317.79,326.72,308.59,323.53,1174.33,1197.25,1153.97,1188.77,22.92,13.88,62.34,172.18,1.9434,1.2406,0.7884,1.4068,130.21,8565.73,NOMINAL,0.0297,0.0,2460.2
DESCENT,2110.92,261.42,263.01,258.4,263.36,979.68,1006.39,969.04,996.59,18.26,10.8,60.77,163.36,1.6552,1.013,0.6363,1.1791,112.82,3158.13,NOMINAL,0.0869,0.0,2418.0
CLIMB,2433.56,346.83,351.87,343.86,347.94,1251.76,1261.43,1245.6,1248.28,25.06,16.49,68.48,178.97,2.4515,1.6098,0.9871,1.7866,95.74,4473.33,NOMINAL,0.1343,0.0,2423.1
DESCENT,2128.05,256.98,262.91,254.89,261.18,1015.31,1029.82,1023.97,1024.03,18.57,12.65,62.14,180.01,4.8916,3.1868,1.9521,3.5541,113.55,3131.94,VIBRATION_FAULT,0.9015,4.51,424.6
TAKEOFF,2689.24,385.1,392.59,391.22,388.41,1395.72,1423.06,1381.05,1404.72,29.64,20.38,68.2,189.94,4.1501,2.7372,1.6885,3.0313,75.34,866.35,CORROSION,0.3003,1.5,1540.8
CRUISE,2285.56,329.03,328.42,331.89,324.82,1209.25,1231.85,1209.53,1190.41,22.03,14.33,66.06,178.41,3.1388,2.0374,1.3523,2.2972,128.8,8468.88,CRACK,0.3467,1.73,1505.2
TAKEOFF,2708.98,382.2,384.66,375.43,381.76,1400.15,1430.71,1419.41,1416.64,30.28,20.72,71.25,191.22,6.5978,4.1678,2.6102,4.751,77.21,822.17,VIBRATION_FAULT,0.411,2.06,1472.8
CLIMB,2464.68,347.85,355.39,347.08,350.14,1259.08,1254.75,1231.11,1274.71,25.01,16.18,68.09,178.72,2.2731,1.6593,1.0495,1.7341,95.3,4492.0,NOMINAL,0.0782,0.0,2379.7
CRUISE,2316.59,355.95,348.23,354.3,354.82,1229.04,1237.18,1219.15,1216.68,22.97,14.97,67.02,186.33,5.1257,3.2682,2.0572,3.7053,131.12,8473.22,CRACK,0.914,4.57,409.8
DESCENT,2103.43,256.41,261.53,256.25,262.64,967.38,1004.86,975.38,991.87,18.0,10.82,60.46,165.71,1.4338,0.9295,0.6139,1.0483,115.09,3184.1,NOMINAL,0.1407,0.0,2397.9
CRUISE,2312.39,321.19,325.2,318.9,323.48,1174.77,1214.91,1173.49,1181.01,22.28,15.62,58.92,183.7,3.7544,2.4639,1.5853,2.7495,132.49,8533.43,DELAMINATION,0.6858,3.43,778.3
TAKEOFF,2729.03,379.85,385.63,377.01,382.67,1419.11,1424.48,1372.28,1402.08,29.8,20.41,70.18,185.89,3.2585,2.1329,1.276,2.3661,77.62,767.4,NOMINAL,0.0561,0.0,2431.6
DESCENT,2107.8,256.13,269.1,259.05,260.94,980.03,987.69,954.08,992.37,18.05,12.45,53.29,182.05,3.3642,2.1605,1.421,2.4498,107.56,3222.48,DELAMINATION,0.9015,4.51,464.9
CLIMB,2435.97,353.32,357.3,338.55,355.36,1237.23,1247.51,1228.15,1259.5,25.02,16.01,66.3,176.63,2.3442,1.6057,0.9393,1.7278,96.86,4543.83,NOMINAL,0.1314,0.0,2405.0
CRUISE,2299.35,312.71,323.33,311.23,318.76,1176.9,1189.1,1157.76,1187.62,22.38,14.06,64.5,167.18,1.8175,1.2153,0.7376,1.3322,126.47,8527.06,NOMINAL,0.0111,0.0,2485.4
CRUISE,2310.24,327.24,323.74,320.28,318.99,1173.62,1215.2,1166.56,1198.24,22.43,13.46,67.8,169.61,1.9125,1.191,0.799,1.3802,131.77,8437.71,NOMINAL,0.0666,0.0,2384.8
CRUISE,2308.81,345.29,343.44,344.81,342.08,1209.96,1216.13,1203.31,1231.33,22.25,15.72,66.19,186.12,4.5008,2.9734,1.7702,3.2778,130.54,8429.29,CRACK,0.7766,3.88,663.6
DESCENT,2093.35,283.2,286.37,287.4,284.88,987.24,1007.53,965.69,988.65,18.03,12.66,55.65,180.41,2.5229,1.5824,0.9989,1.8135,107.2,3146.16,CORROSION,0.7426,3.71,832.0
CRUISE,2299.6,320.93,324.59,317.44,329.62,1193.21,1197.85,1167.35,1186.47,22.15,13.89,65.81,168.72,1.9524,1.2165,0.8292,1.4118,126.82,8523.71,CRACK,0.0219,0.5,1955.4
DESCENT,2119.23,264.7,265.74,252.91,261.19,959.72,991.33,973.41,985.59,17.85,11.42,60.44,169.14,1.7185,1.2176,0.7275,1.2865,111.09,3144.44,DELAMINATION,0.1546,0.77,1900.2
DESCENT,2092.98,253.76,263.12,261.02,263.03,971.28,999.6,967.26,967.09,17.57,11.53,62.88,162.33,1.4899,0.9321,0.6544,1.0827,111.12,3155.82,NOMINAL,0.103,0.0,2452.3
LAND,1001.44,254.36,253.47,252.17,253.14,619.09,618.25,612.2,621.78,15.61,10.41,59.75,172.33,2.5533,1.626,1.0138,1.8431,47.02,623.28,CRACK,0.9859,4.93,288.9
CRUISE,2302.1,318.62,328.87,311.15,320.74,1168.23,1196.54,1182.96,1197.69,22.03,14.66,58.71,182.0,3.3458,2.2096,1.3631,2.445,130.51,8384.29,DELAMINATION,0.561,2.81,956.3
CRUISE,2307.58,317.45,322.05,319.12,323.97,1182.67,1200.65,1173.05,1174.49,22.77,13.95,64.85,169.25,1.7024,1.2695,0.7101,1.2928,130.27,8467.19,NOMINAL,0.1354,0.0,2434.6
TAKEOFF,2694.23,376.36,390.11,373.19,383.97,1408.02,1429.09,1381.45,1407.62,29.76,20.26,71.71,185.83,3.1795,2.147,1.2794,2.335,74.67,813.58,NOMINAL,0.0151,0.0,2452.4
CRUISE,2300.53,317.22,324.7,313.63,324.44,1174.03,1204.36,1161.68,1189.93,22.86,13.78,64.13,169.56,1.8986,1.2722,0.7621,1.3909,130.61,8453.83,NOMINAL,0.1131,0.0,2361.4
DESCENT,2108.06,287.62,288.99,290.11,284.18,958.46,984.69,960.33,1002.87,18.51,12.16,55.32,178.84,2.648,1.713,1.0,1.9102,108.45,3194.28,CORROSION,0.8218,4.11,594.5
DESCENT,2105.97,268.63,277.23,272.81,273.76,1014.49,1017.36,993.43,1008.77,18.03,12.01,61.82,173.24,2.5045,1.618,0.9764,1.8114,109.25,3212.76,CRACK,0.3628,1.81,1496.4
DESCENT,2108.88,269.39,265.03,254.38,264.87,969.67,1015.95,972.95,989.68,17.81,11.46,61.47,166.28,1.5319,1.0525,0.6079,1.129,117.79,3222.2,NOMINAL,0.0608,0.0,2472.0
CRUISE,2310.52,318.72,323.29,314.36,321.33,1207.0,1201.51,1160.07,1203.07,22.55,14.39,67.29,167.31,1.71,1.3545,0.7256,1.3273,125.75,8479.01,NOMINAL,0.003,0.0,2470.2
CLIMB,2430.59,350.11,353.02,345.13,351.33,1260.15,1261.94,1246.37,1240.86,25.22,16.89,67.72,176.53,2.3138,1.5585,1.0208,1.7151,93.94,4544.46,NOMINAL,0.1308,0.0,2411.1
TAKEOFF,2730.86,380.76,384.84,380.36,386.42,1442.74,1443.14,1434.6,1462.77,29.63,21.01,70.43,202.34,10.265,6.7193,4.1548,7.4785,70.79,807.29,VIBRATION_FAULT,0.8968,4.48,461.6
CRUISE,2327.09,321.77,326.9,318.56,318.69,1198.77,1208.94,1200.89,1246.24,22.3,14.91,64.72,182.15,5.4209,3.3256,2.2195,3.889,130.36,8538.46,VIBRATION_FAULT,0.7107,3.55,921.4
CRUISE,2331.12,326.7,322.31,318.51,326.05,1187.92,1195.5,1192.29,1198.25,22.27,13.88,63.72,169.81,1.8888,1.2803,0.797,1.3955,130.97,8514.46,NOMINAL,0.0533,0.0,2438.0
DESCENT,2089.07,262.43,264.81,260.89,258.63,971.47,992.03,974.65,992.68,18.14,11.24,63.12,166.71,1.6212,0.9956,0.617,1.1547,114.42,3247.9,NOMINAL,0.0706,0.0,2381.3
LAND,1006.22,215.39,220.32,218.44,224.53,571.71,602.52,557.51,597.22,15.65,8.99,58.4,154.61,0.8956,0.6627,0.3858,0.6807,46.22,603.46,CRACK,0.0078,0.5,2232.4
CRUISE,2292.46,322.07,325.21,317.1,324.92,1162.58,1184.99,1160.09,1181.24,22.46,14.51,66.41,168.95,1.9695,1.2324,0.7772,1.4144,127.55,8447.17,NOMINAL,0.0162,0.0,2442.0
LAND,997.13,219.2,232.19,216.06,219.19,588.83,595.15,558.13,591.08,15.71,9.32,51.96,165.24,1.5392,0.9811,0.6512,1.1189,47.77,631.52,DELAMINATION,0.5771,2.89,914.4
DESCENT,2120.82,278.26,277.95,279.66,282.2,983.04,1012.67,958.62,965.19,17.76,11.97,58.13,175.24,2.0191,1.3017,0.8933,1.4798,106.41,3189.17,CORROSION,0.4725,2.36,1066.0
CRUISE,2321.98,318.84,325.4,325.43,317.24,1167.46,1214.85,1149.32,1195.94,22.35,13.52,65.63,171.0,1.9001,1.3591,0.7214,1.4116,132.17,8513.09,NOMINAL,0.0814,0.0,2436.5
DESCENT,2099.23,262.38,266.06,256.75,268.04,979.71,991.61,973.28,969.41,17.57,11.16,60.88,163.91,1.5748,1.0066,0.5962,1.1326,110.21,3183.02,NOMINAL,0.0379,0.0,2411.4
DESCENT,2100.65,282.98,285.76,284.38,282.52,1035.88,1043.04,1010.15,1035.06,18.14,12.14,62.49,176.68,3.391,2.2785,1.409,2.4951,116.74,3193.78,CRACK,0.7265,3.63,867.1
CLIMB,2442.97,349.37,359.69,347.51,349.08,1272.02,1257.11,1229.15,1274.0,25.37,16.61,66.45,178.17,2.2906,1.7091,0.9744,1.7433,97.0,4485.19,NOMINAL,0.0724,0.0,2428.4
CRUISE,2310.56,331.55,334.93,324.69,323.29,1177.38,1191.57,1173.22,1172.31,22.84,13.87,63.62,171.38,2.1933,1.5341,0.872,1.6252,131.25,8537.0,CRACK,0.1172,0.59,2089.1
TAKEOFF,2690.37,376.21,384.53,376.24,377.16,1392.3,1419.89,1388.42,1377.99,29.96,20.47,71.31,181.88,3.1388,2.0324,1.34,2.2934,72.27,785.68,NOMINAL,0.0378,0.0,2433.5
CRUISE,2311.73,321.41,332.49,322.87,323.1,1179.55,1199.96,1161.2,1191.6,22.14,13.79,65.94,170.97,1.8898,1.2601,0.8353,1.3973,129.04,8442.59,NOMINAL,0.1408,0.0,2369.8
DESCENT,2082.0,260.93,266.68,254.75,267.06,979.88,1012.77,978.54,976.92,17.78,10.82,62.52,165.18,1.608,1.0107,0.5351,1.1392,108.84,3115.58,NOMINAL,0.0993,0.0,2405.8
CRUISE,2326.7,321.25,325.45,318.16,319.3,1209.66,1209.39,1213.73,1211.32,22.86,15.02,62.64,181.79,5.562,3.6474,2.2382,4.0517,127.94,8477.15,VIBRATION_FAULT,0.7687,3.84,771.4
TAKEOFF,2692.09,378.17,386.03,380.69,382.65,1395.96,1413.03,1408.42,1419.9,30.04,20.32,71.94,187.16,3.0826,2.1731,1.3171,2.3065,76.21,769.72,NOMINAL,0.0929,0.0,2392.7
CRUISE,2287.6,321.92,325.66,323.43,316.63,1169.55,1198.14,1175.98,1197.44,22.52,14.11,65.14,171.89,1.8555,1.2084,0.7945,1.3582,133.93,8474.63,NOMINAL,0.0323,0.0,2478.0
DESCENT,2106.66,254.26,264.79,253.99,260.8,949.53,1022.29,938.07,995.71,17.68,10.83,62.17,166.24,1.414,0.9085,0.5353,1.0184,110.54,3158.11,NOMINAL,0.1372,0.0,2414.3
CRUISE,2300.83,313.73,327.4,315.14,321.85,1199.03,1198.62,1174.16,1182.06,22.43,15.21,60.49,181.04,3.5354,2.3437,1.3243,2.5655,128.77,8558.32,DELAMINATION,0.5847,2.92,1030.0
CRUISE,2302.81,348.55,352.93,340.15,344.62,1187.66,1192.05,1171.44,1203.04,22.9,15.27,60.46,184.49,3.2283,2.0216,1.2509,2.3147,130.01,8501.03,CORROSION,0.791,3.96,718.9
CRUISE,2321.94,318.75,324.22,320.28,323.7,1179.47,1197.27,1165.94,1188.79,22.5,15.04,59.65,184.88,3.8553,2.5895,1.4966,2.8172,131.26,8522.15,DELAMINATION,0.7521,3.76,807.6
TAXI,800.01,178.09,189.99,168.64,181.53,197.19,225.23,201.08,246.08,15.49,8.52,55.08,146.87,0.8905,0.4855,0.3536,0.6202,22.61,484.42,NOMINAL,0.046,0.0,2463.2
DESCENT,2105.41,256.91,263.13,260.74,259.59,989.03,1011.19,979.01,987.01,17.89,10.93,59.89,166.39,1.5542,1.0036,0.4581,1.1004,109.56,3225.18,NOMINAL,0.0674,0.0,2470.5
DESCENT,2102.33,257.62,267.32,255.17,259.45,966.11,986.65,971.9,973.35,17.93,11.59,60.28,165.81,1.5438,0.9575,0.6311,1.1103,109.53,3231.81,NOMINAL,0.1222,0.0,2390.8
CRUISE,2314.07,317.98,331.01,319.53,318.19,1186.9,1189.59,1174.46,1190.55,22.32,13.6,65.28,170.84,1.8874,1.1886,0.7358,1.356,127.26,8529.44,NOMINAL,0.082,0.0,2414.2
CLIMB,2472.59,350.41,354.63,349.87,346.0,1287.26,1269.67,1260.06,1296.65,25.56,17.2,66.37,187.33,4.9937,3.1842,2.0097,3.6109,91.73,4507.8,VIBRATION_FAULT,0.4328,2.16,1409.4
LAND,980.06,217.87,227.76,220.39,227.0,561.86,595.31,560.68,588.72,15.85,8.85,59.04,158.98,0.7748,0.5565,0.3886,0.5947,45.67,641.95,NOMINAL,0.0652,0.0,2403.0
TAXI,800.51,184.91,190.94,171.51,187.48,231.17,236.12,218.09,223.91,15.54,9.0,53.58,149.46,1.1706,0.7994,0.4746,0.8631,26.4,469.61,DELAMINATION,0.3108,1.55,1299.4
LAND,1016.05,217.36,225.94,214.27,221.28,576.69,610.71,587.96,587.75,15.59,9.58,58.38,162.79,1.6547,1.0902,0.6825,1.21,45.36,506.01,VIBRATION_FAULT,0.3542,1.77,1542.8
CLIMB,2464.57,349.14,355.82,341.31,357.53,1283.85,1281.68,1286.85,1287.24,25.01,17.95,67.35,192.38,6.4799,4.2338,2.6181,4.7176,94.14,4459.33,VIBRATION_FAULT,0.6845,3.42,734.2
CRUISE,2307.52,344.14,342.04,342.66,343.1,1190.35,1199.18,1175.16,1184.2,22.67,14.57,59.56,180.08,3.2577,1.9743,1.1367,2.2951,126.58,8430.17,CORROSION,0.6299,3.15,905.8
CLIMB,2460.01,349.3,358.5,342.27,350.66,1238.74,1273.31,1235.83,1281.28,24.83,16.19,68.36,177.68,2.4402,1.5563,0.953,1.7592,93.33,4489.22,NOMINAL,0.0245,0.0,2428.8
CLIMB,2465.24,353.52,354.59,344.06,353.96,1238.92,1281.88,1209.83,1254.88,24.73,16.88,69.29,179.14,2.5824,1.5795,1.0032,1.8412,91.01,4487.19,CRACK,0.0067,0.5,1801.4
CRUISE,2306.0,318.48,323.24,318.6,327.12,1190.7,1188.26,1176.02,1186.93,22.78,14.07,63.23,169.56,1.834,1.1884,0.7438,1.3328,130.69,8536.32,NOMINAL,0.0786,0.0,2390.9
CLIMB,2474.58,346.0,360.38,345.91,351.75,1261.22,1277.54,1254.01,1257.04,25.04,16.42,66.67,178.31,2.3868,1.4477,1.0155,1.715,95.37,4471.99,NOMINAL,0.0476,0.0,2470.5
CRUISE,2304.79,318.3,322.39,313.5,324.84,1179.32,1204.72,1164.64,1178.8,22.65,14.57,60.16,177.59,3.2722,2.2293,1.3912,2.423,132.73,8543.8,DELAMINATION,0.544,2.72,1237.5
CLIMB,2452.33,349.55,349.45,347.14,349.5,1262.61,1258.85,1241.95,1261.35,24.57,16.4,68.43,179.84,2.4015,1.6144,0.9869,1.7651,96.43,4524.62,NOMINAL,0.1112,0.0,2445.3
CLIMB,2503.45,352.69,355.76,348.16,353.39,1289.19,1298.56,1313.25,1304.44,25.09,18.36,67.99,194.12,8.3424,5.3832,3.2638,6.034,97.01,4489.75,VIBRATION_FAULT,0.9889,4.94,329.3
CRUISE,2303.19,326.83,325.99,319.74,324.26,1172.93,1202.18,1166.03,1181.75,22.37,13.88,64.6,170.87,1.9861,1.3071,0.7182,1.434,127.48,8488.3,DELAMINATION,0.0489,0.5,2024.5
CRUISE,2299.98,329.81,336.75,334.61,330.44,1187.25,1233.46,1195.18,1202.06,22.47,14.68,64.77,179.52,3.2546,2.1502,1.3028,2.3744,129.91,8535.72,CRACK,0.3938,1.97,1296.6
CRUISE,2294.65,339.03,344.32,331.31,336.39,1186.06,1216.7,1202.52,1220.15,22.89,14.77,63.62,177.38,3.5434,2.3553,1.5592,2.6163,129.82,8554.96,CRACK,0.4984,2.49,1061.3
CRUISE,2298.53,321.42,323.7,318.77,325.67,1176.84,1209.02,1144.69,1161.7,22.71,13.87,67.64,169.83,1.82,1.3362,0.7928,1.3816,133.87,8476.54,NOMINAL,0.0335,0.0,2474.3
CRUISE,2279.05,353.73,349.31,346.76,345.16,1182.19,1198.77,1162.2,1181.91,22.69,14.59,58.64,186.85,3.3225,2.1076,1.3978,2.4107,127.07,8562.94,CORROSION,0.8894,4.45,507.9
CRUISE,2279.53,319.0,324.39,313.77,323.37,1181.58,1207.43,1162.68,1197.23,22.5,14.18,64.91,173.2,1.7047,1.2725,0.8028,1.3127,126.83,8573.0,NOMINAL,0.0439,0.0,2404.3
LAND,1004.46,223.11,226.46,216.35,224.93,591.63,602.04,549.43,577.78,15.77,8.72,57.28,155.79,0.9253,0.5719,0.3972,0.6686,41.83,530.7,NOMINAL,0.0882,0.0,2429.4
CRUISE,2282.29,318.86,325.9,314.33,321.2,1162.94,1206.57,1149.64,1190.27,22.56,14.19,65.27,168.04,1.8671,1.1928,0.6813,1.3383,131.09,8469.73,NOMINAL,0.0031,0.0,2478.5
DESCENT,2095.98,255.4,269.46,260.71,264.74,984.19,998.74,955.43,999.93,18.34,11.1,61.96,163.55,1.4735,0.8995,0.5855,1.0525,111.08,3213.01,NOMINAL,0.049,0.0,2442.7
CRUISE,2318.64,323.97,325.65,317.39,318.49,1213.81,1226.18,1191.57,1196.94,22.39,14.5,65.72,178.76,4.5011,2.7946,1.7361,3.2189,128.09,8511.03,VIBRATION_FAULT,0.5355,2.68,1116.2
CLIMB,2445.63,353.83,358.23,345.49,346.41,1240.75,1252.8,1223.5,1251.18,25.2,16.23,65.19,178.28,2.5363,1.6424,0.9904,1.8359,94.39,4508.62,CORROSION,0.0734,0.5,2076.0
CLIMB,2453.16,360.58,361.15,366.22,362.3,1248.83,1260.77,1254.11,1259.1,24.65,17.06,65.92,184.14,3.2003,2.2052,1.2811,2.3626,90.75,4462.19,CORROSION,0.4283,2.14,1459.6
LAND,1012.21,221.35,227.2,212.23,224.96,601.83,612.73,571.1,594.45,15.57,9.37,56.75,163.0,1.4997,1.0386,0.5416,1.0987,45.44,548.15,VIBRATION_FAULT,0.2726,1.36,1804.5
CRUISE,2305.85,317.31,319.53,317.02,320.5,1174.85,1186.57,1167.0,1189.58,22.76,13.39,63.38,170.77,1.7215,1.1898,0.8772,1.31,129.23,8526.78,NOMINAL,0.1483,0.0,2386.6
CLIMB,2456.32,348.09,357.6,341.97,352.08,1255.88,1261.17,1226.09,1254.17,25.27,16.93,68.06,182.55,2.7436,1.7936,0.9976,1.9782,92.72,4520.46,DELAMINATION,0.1021,0.51,1754.3
CRUISE,2298.95,342.32,341.03,336.96,334.36,1185.36,1223.93,1201.28,1212.93,22.17,14.63,64.26,177.95,3.6054,2.374,1.4491,2.629,130.49,8504.54,CRACK,0.4933,2.47,1049.4
CRUISE,2307.66,322.62,325.6,312.78,317.82,1178.69,1191.37,1214.86,1188.59,22.49,14.28,66.7,174.42,2.8972,1.8716,1.1591,2.1008,130.81,8474.9,VIBRATION_FAULT,0.2028,1.01,1458.7
TAXI,793.56,180.65,182.22,170.84,177.52,219.11,218.61,231.4,253.43,15.42,8.39,54.42,145.53,0.8477,0.5378,0.2545,0.5979,24.53,521.33,NOMINAL,0.0144,0.0,2476.0
LAND,1006.31,218.91,224.91,219.88,221.81,574.32,594.3,564.69,579.99,15.44,8.46,57.6,154.07,0.9185,0.6759,0.373,0.6927,45.26,609.35,NOMINAL,0.0626,0.0,2466.6
TAXI,804.88,179.84,187.24,177.15,183.15,231.93,228.9,223.73,210.77,15.37,8.87,52.12,150.73,0.8961,0.7743,0.5293,0.7489,24.59,458.89,DELAMINATION,0.2153,1.08,1844.3
CLIMB,2454.6,353.13,357.8,348.36,357.62,1247.46,1288.62,1236.15,1273.52,24.96,17.11,68.78,177.83,2.304,1.5724,0.919,1.6956,96.1,4526.36,NOMINAL,0.0741,0.0,2434.4
LAND,1000.96,253.17,253.87,243.7,253.85,635.51,616.3,594.37,641.14,15.55,9.89,58.38,171.81,2.0582,1.451,0.8912,1.5423,48.74,633.14,CRACK,0.8152,4.08,596.5
DESCENT,2108.03,258.3,265.62,258.01,262.3,983.79,1013.76,963.62,977.55,17.77,10.86,63.93,166.18,1.5856,1.0285,0.5901,1.1431,114.07,3172.36,NOMINAL,0.1498,0.0,2352.9
DESCENT,2121.46,256.33,264.49,250.39,265.65,983.04,1022.2,962.19,1006.04,18.02,11.17,61.65,163.48,1.5299,0.9877,0.5214,1.0936,103.72,3187.48,NOMINAL,0.1021,0.0,2372.0
TAXI,784.37,173.79,190.04,170.21,184.66,226.83,257.62,200.45,241.27,15.55,8.1,55.16,144.93,0.7149,0.5359,0.2616,0.5375,25.96,586.95,NOMINAL,0.1269,0.0,2448.8
TAXI,797.55,179.67,190.96,180.41,179.84,228.26,202.57,195.95,242.84,15.07,8.44,53.89,143.05,0.6003,0.4982,0.3433,0.4921,25.62,466.72,NOMINAL,0.023,0.0,2474.0
TAXI,784.05,177.31,186.45,172.95,186.5,207.45,230.74,218.2,238.29,15.33,8.31,55.7,146.43,0.8353,0.5181,0.3489,0.6022,24.81,516.16,NOMINAL,0.0329,0.0,2465.8
CRUISE,2276.75,341.46,341.01,333.75,330.54,1202.88,1205.07,1209.75,1202.61,22.43,14.76,64.23,179.97,3.4426,2.1402,1.394,2.4749,132.02,8557.52,CRACK,0.458,2.29,1374.0
CRUISE,2290.63,311.95,325.24,318.28,316.48,1195.53,1196.77,1157.24,1171.0,22.92,14.35,64.52,171.67,1.8832,1.1987,0.7273,1.3556,129.42,8484.06,NOMINAL,0.1005,0.0,2386.2
CRUISE,2305.51,320.73,327.86,314.42,323.9,1163.44,1238.59,1171.49,1198.76,22.22,13.79,63.24,172.62,1.8112,1.2237,0.7528,1.3347,131.18,8448.3,NOMINAL,0.0876,0.0,2393.9
CRUISE,2307.52,320.89,322.5,318.45,327.29,1198.11,1204.9,1177.19,1185.33,22.27,13.98,67.72,169.04,1.9348,1.2577,0.7413,1.3993,133.71,8563.55,NOMINAL,0.0079,0.0,2449.1
CRUISE,2291.76,351.54,353.68,351.63,349.06,1229.87,1218.6,1220.47,1237.89,22.47,15.37,67.17,189.95,5.2166,3.3256,2.1245,3.7765,136.32,8554.6,CRACK,0.9678,4.84,360.4
TAKEOFF,2713.62,383.9,392.21,378.37,381.84,1402.25,1407.13,1404.44,1401.11,29.7,20.01,68.31,186.56,3.1242,2.1214,1.2576,2.298,73.86,755.58,NOMINAL,0.0422,0.0,2422.0
CRUISE,2312.0,320.93,326.48,319.8,321.56,1195.81,1186.45,1179.78,1205.42,22.23,13.75,64.95,170.76,1.8506,1.2405,0.6567,1.341,131.91,8532.48,NOMINAL,0.1269,0.0,2435.7
TAXI,795.56,176.45,183.15,175.69,179.04,210.78,237.55,188.66,218.11,15.25,8.58,56.04,145.28,0.8025,0.5582,0.3295,0.5956,22.57,468.02,NOMINAL,0.1112,0.0,2406.6
CRUISE,2322.79,318.49,327.49,315.93,322.65,1174.72,1213.57,1165.79,1197.35,22.65,13.97,63.19,168.51,1.957,1.2534,0.7192,1.4045,130.11,8508.39,NOMINAL,0.1049,0.0,2391.5
CRUISE,2272.61,324.24,326.76,312.39,322.58,1197.36,1218.95,1155.75,1179.82,22.18,15.53,57.53,189.34,4.5309,2.9758,1.7289,3.285,134.38,8551.89,DELAMINATION,0.9758,4.88,316.5
CLIMB,2441.18,346.4,355.66,344.45,349.25,1239.4,1260.33,1223.72,1266.51,25.28,16.62,69.66,176.49,2.3401,1.5865,0.9886,1.7292,95.04,4499.01,NOMINAL,0.0903,0.0,2461.6
TAKEOFF,2706.69,383.44,384.47,374.07,379.69,1395.5,1430.07,1376.78,1417.75,29.68,19.5,71.59,187.95,3.1452,2.0658,1.2804,2.2948,75.49,861.69,NOMINAL,0.0714,0.0,2422.6
TAXI,800.88,183.44,184.18,175.39,177.97,231.36,239.9,202.9,226.3,15.2,8.6,54.22,143.97,0.7789,0.5291,0.4003,0.5907,22.99,433.88,NOMINAL,0.1166,0.0,2454.1
CRUISE,2317.61,324.35,327.91,320.25,315.59,1163.77,1201.41,1163.36,1180.58,22.7,14.08,66.26,169.33,1.8987,1.3274,0.6958,1.3966,129.78,8465.02,NOMINAL,0.1071,0.0,2360.5
CRUISE,2302.52,321.72,325.64,315.5,322.29,1163.81,1205.92,1156.18,1185.75,22.51,13.77,65.72,169.14,1.9852,1.1827,0.7517,1.403,127.32,8539.3,NOMINAL,0.08,0.0,2371.2
LAND,996.27,218.05,225.34,215.62,223.42,586.47,596.18,567.53,552.72,15.39,10.69,50.77,170.55,2.0925,1.3445,0.9029,1.5277,47.42,568.76,DELAMINATION,0.9711,4.86,407.5
LAND,992.48,217.94,223.54,217.28,226.72,579.28,585.34,570.5,592.51,15.45,9.36,58.29,156.03,0.7206,0.5272,0.3857,0.5616,45.71,584.86,NOMINAL,0.0755,0.0,2387.3
CRUISE,2296.93,321.74,324.0,318.99,320.31,1173.29,1226.16,1153.18,1199.38,22.05,14.2,68.23,171.9,2.007,1.2292,0.8071,1.4365,130.62,8581.04,NOMINAL,0.0361,0.0,2417.5
CLIMB,2446.71,344.4,344.57,341.8,350.64,1250.97,1252.28,1234.2,1262.84,24.86,16.18,67.12,180.41,2.2619,1.6293,1.0283,1.7154,94.11,4518.41,NOMINAL,0.0997,0.0,2398.9
TAKEOFF,2693.96,375.38,384.97,376.96,384.53,1398.69,1439.43,1388.39,1404.3,29.93,20.31,71.08,183.31,3.0686,2.0627,1.3408,2.2708,76.67,844.95,NOMINAL,0.0876,0.0,2428.0
TAXI,816.11,176.27,191.69,175.18,178.21,216.21,245.54,207.35,223.06,15.35,8.71,54.79,144.36,0.7564,0.5487,0.2398,0.557,23.09,493.52,NOMINAL,0.0543,0.0,2416.7
TAXI,790.86,197.71,196.85,202.31,203.93,226.54,253.77,238.85,248.73,15.08,9.49,57.15,155.58,1.5992,0.9733,0.6629,1.1466,27.54,481.01,CRACK,0.507,2.54,1080.3
CRUISE,2283.77,318.48,322.26,318.82,321.44,1186.39,1183.35,1183.59,1195.87,22.6,14.28,65.38,168.18,1.9502,1.1878,0.7705,1.3914,128.07,8566.49,NOMINAL,0.1371,0.0,2433.4
LAND,1039.31,223.53,223.34,217.05,222.67,626.0,606.02,645.18,629.75,15.63,9.75,59.76,173.57,2.9788,1.9082,1.281,2.1722,47.46,545.36,VIBRATION_FAULT,0.8935,4.47,557.4
TAXI,802.69,182.04,186.37,178.01,187.04,217.74,233.44,194.97,207.61,15.12,8.3,54.75,143.95,0.714,0.487,0.3457,0.5374,23.66,492.45,NOMINAL,0.018,0.0,2437.6
CRUISE,2291.48,347.2,347.96,347.9,347.65,1166.46,1205.15,1161.12,1213.07,22.81,14.73,58.14,187.64,3.3537,2.1508,1.204,2.403,129.46,8508.41,CORROSION,0.8191,4.1,635.1
CLIMB,2441.58,351.71,356.99,345.83,355.36,1254.32,1301.25,1260.46,1248.7,25.3,16.31,66.59,175.68,2.4526,1.6732,1.0004,1.8088,96.27,4370.92,CRACK,0.0188,0.5,1804.7
CRUISE,2300.85,322.3,322.81,318.06,324.86,1183.96,1187.7,1162.03,1193.93,22.32,14.19,63.67,170.69,1.9726,1.2465,0.7105,1.4082,125.92,8455.71,NOMINAL,0.0528,0.0,2448.4
LAND,976.17,219.08,222.13,211.27,220.2,609.67,605.59,554.43,604.53,15.17,9.46,55.87,157.61,1.2355,0.6736,0.5193,0.866,44.82,596.52,DELAMINATION,0.1338,0.67,1687.2
TAXI,794.05,199.53,194.09,188.55,197.09,237.07,254.32,214.34,247.86,15.29,9.57,54.43,152.22,1.4259,0.8664,0.5859,1.021,31.25,501.18,CRACK,0.3674,1.84,1465.5
DESCENT,2110.29,263.42,270.5,260.55,262.61,973.33,1003.1,950.56,997.42,18.19,11.19,61.84,167.13,1.5965,1.0545,0.6536,1.1673,110.27,3199.41,CORROSION,0.0272,0.5,2180.1
CRUISE,2334.96,324.57,318.89,317.13,322.29,1205.42,1211.6,1228.03,1232.15,22.7,14.58,66.28,188.29,6.1033,4.1235,2.5751,4.505,126.67,8504.31,VIBRATION_FAULT,0.9082,4.54,439.0
CRUISE,2289.68,326.4,327.29,313.23,322.16,1162.44,1203.14,1165.69,1184.89,22.14,14.62,61.79,175.31,3.1356,1.9986,1.1772,2.2518,129.76,8533.48,DELAMINATION,0.432,2.16,1355.1
CRUISE,2291.48,315.1,329.82,315.39,326.42,1162.99,1189.73,1158.42,1204.86,22.68,13.39,64.44,171.73,1.9891,1.2598,0.769,1.43,127.67,8542.81,NOMINAL,0.0922,0.0,2430.1
CLIMB,2452.49,348.45,358.53,347.7,357.98,1254.85,1280.72,1227.78,1268.54,24.93,16.35,66.92,180.78,2.3994,1.5127,0.9939,1.7353,93.9,4468.06,NOMINAL,0.137,0.0,2400.2
CRUISE,2307.51,319.64,328.58,311.16,316.74,1189.2,1176.64,1153.98,1188.92,22.18,13.65,64.51,166.07,1.7879,1.3154,0.8078,1.3638,135.66,8523.79,NOMINAL,0.0995,0.0,2422.3
DESCENT,2097.75,295.95,286.98,295.87,290.87,1023.82,1044.47,1008.53,1035.02,18.11,12.52,62.04,182.9,4.2336,2.6942,1.6021,3.0413,108.56,3186.05,CRACK,0.9858,4.93,344.0
TAXI,789.23,180.45,190.51,177.03,185.75,221.31,230.35,218.32,213.11,15.06,9.84,48.43,163.84,1.8972,1.234,0.775,1.3812,27.51,454.49,DELAMINATION,0.9192,4.6,457.7
CRUISE,2297.83,321.3,321.4,315.09,320.8,1174.91,1207.77,1169.25,1175.67,22.21,13.41,66.06,169.6,1.9604,1.4234,0.7151,1.4584,130.82,8557.73,NOMINAL,0.0387,0.0,2461.6
TAKEOFF,2734.42,388.9,388.23,373.05,379.47,1434.22,1424.22,1434.18,1446.16,29.81,20.87,72.41,197.66,9.5934,6.2036,3.9027,6.9701,73.29,853.82,VIBRATION_FAULT,0.8016,4.01,754.6
TAKEOFF,2701.64,381.47,386.29,373.02,383.42,1394.84,1421.81,1395.25,1432.89,29.92,20.39,72.79,184.6,3.2543,2.0725,1.2594,2.3432,72.28,826.11,NOMINAL,0.0892,0.0,2385.5
CLIMB,2439.64,354.55,354.63,351.55,349.14,1268.09,1269.01,1248.33,1244.39,24.67,16.58,66.78,180.39,2.4291,1.5213,0.914,1.7369,94.28,4477.29,NOMINAL,0.0762,0.0,2428.6
LAND,989.6,245.91,244.89,243.12,240.38,630.44,640.91,603.12,612.17,15.64,9.73,59.53,167.8,1.9972,1.4016,0.8377,1.4894,45.37,586.04,CRACK,0.7829,3.91,744.5
DESCENT,2099.99,255.11,267.36,258.56,263.22,977.58,1005.08,970.84,998.52,17.98,12.15,54.45,179.79,3.3872,2.231,1.4192,2.4809,111.67,3208.35,DELAMINATION,0.9164,4.58,457.8
DESCENT,2102.43,258.67,262.26,257.95,256.51,968.82,1000.13,957.81,990.21,18.04,11.03,62.07,165.08,1.4088,1.0078,0.4985,1.0406,114.7,3221.36,NOMINAL,0.1466,0.0,2376.3
DESCENT,2099.49,257.3,265.91,258.93,259.12,981.88,976.28,958.3,979.7,18.42,10.8,62.48,167.87,1.5804,1.0663,0.6835,1.1693,110.14,3219.0,NOMINAL,0.1416,0.0,2353.6
CRUISE,2305.06,326.01,327.02,312.66,324.09,1188.77,1188.14,1157.65,1201.41,22.37,13.88,64.45,170.44,1.9883,1.2751,0.7369,1.4285,133.35,8534.78,NOMINAL,0.0117,0.0,2424.0
CRUISE,2295.94,323.47,321.87,311.4,315.65,1164.93,1188.53,1169.49,1176.18,22.67,14.01,62.55,169.97,1.9113,1.35,0.7721,1.4226,125.58,8509.18,NOMINAL,0.0473,0.0,2388.8
CRUISE,2292.17,321.64,332.39,318.35,320.8,1191.82,1219.53,1158.77,1177.99,22.51,14.09,66.66,169.16,1.9322,1.3284,0.7712,1.4251,129.01,8522.81,NOMINAL,0.087,0.0,2383.6
TAKEOFF,2695.17,377.99,389.48,376.66,386.46,1373.0,1411.76,1379.11,1406.95,29.54,19.62,72.81,183.93,3.2445,2.0093,1.1982,2.3094,75.6,825.31,NOMINAL,0.0165,0.0,2489.7
TAXI,814.99,179.8,182.51,170.76,179.59,215.27,247.15,207.8,228.37,14.97,8.91,56.17,146.61,0.7951,0.5441,0.1912,0.5671,25.51,576.92,NOMINAL,0.0477,0.0,2463.2
CLIMB,2438.91,350.93,358.89,346.96,347.99,1241.97,1271.85,1245.89,1257.5,24.78,16.73,70.17,180.02,2.5588,1.5227,1.0116,1.8156,98.22,4480.52,NOMINAL,0.0649,0.0,2451.1
CLIMB,2449.82,344.73,361.91,341.51,353.48,1224.14,1293.45,1254.55,1242.04,25.08,16.47,68.19,179.61,2.4916,1.6579,0.9318,1.8097,95.21,4417.64,VIBRATION_FAULT,0.0259,0.5,1923.3
LAND,1003.53,222.9,232.52,222.21,226.88,579.81,611.39,571.31,594.33,15.34,9.32,57.04,153.07,0.9326,0.4775,0.3659,0.6407,49.09,616.6,NOMINAL,0.0941,0.0,2456.6
CRUISE,2300.34,332.52,326.6,329.93,338.25,1210.86,1211.9,1173.19,1204.75,22.54,14.29,64.5,179.09,2.8329,1.8659,1.1921,2.0759,135.45,8487.96,CRACK,0.2954,1.48,1519.2
CRUISE,2330.24,313.32,326.27,310.71,319.24,1172.22,1174.54,1182.63,1195.17,22.39,13.83,66.31,170.16,2.0669,1.2081,0.7813,1.4539,126.92,8482.67,NOMINAL,0.148,0.0,2374.2
CRUISE,2314.83,322.18,324.55,310.7,321.19,1166.26,1210.66,1181.34,1177.81,22.78,13.65,66.73,169.71,1.9367,1.322,0.7898,1.4285,129.67,8534.99,NOMINAL,0.1047,0.0,2424.7
CRUISE,2311.06,320.49,325.95,312.69,320.42,1180.16,1200.38,1157.16,1198.92,22.7,14.15,64.47,171.55,1.9497,1.1178,0.7706,1.3717,134.83,8538.88,NOMINAL,0.0981,0.0,2429.7
DESCENT,2099.97,258.2,261.68,256.23,259.27,987.03,997.63,944.87,1006.58,18.11,11.06,61.6,162.79,1.495,1.0159,0.6872,1.1164,109.78,3201.96,NOMINAL,0.1169,0.0,2359.7
TAXI,801.75,177.35,186.46,179.28,176.22,233.33,242.32,209.68,246.15,15.0,8.1,53.77,145.96,0.7604,0.4676,0.2711,0.5386,25.44,498.9,NOMINAL,0.1019,0.0,2424.8
CLIMB,2444.89,355.75,364.43,358.14,356.63,1235.39,1276.93,1223.23,1269.43,24.61,16.52,65.53,182.26,3.031,2.007,1.2013,2.2104,92.63,4519.62,CORROSION,0.3119,1.56,1568.6
LAND,987.87,218.79,223.25,215.96,220.63,580.22,596.89,589.18,573.37,15.45,8.47,57.42,153.53,0.9511,0.4966,0.399,0.6609,46.32,682.22,NOMINAL,0.0736,0.0,2430.1
CRUISE,2303.65,326.02,323.35,316.2,315.18,1190.66,1223.23,1174.88,1206.42,22.79,13.79,65.39,170.89,1.8067,1.3217,0.7348,1.3602,129.46,8489.45,NOMINAL,0.1232,0.0,2398.0
CRUISE,2301.96,316.98,324.57,318.17,318.19,1175.63,1201.52,1158.66,1189.53,22.57,13.97,65.19,170.64,1.8461,1.1469,0.7082,1.3197,127.0,8549.3,NOMINAL,0.0613,0.0,2419.8
CLIMB,2444.94,350.11,357.81,350.39,350.0,1242.6,1274.14,1218.96,1239.39,25.09,17.17,65.9,183.45,3.4065,2.3375,1.4657,2.5309,95.27,4472.65,DELAMINATION,0.3124,1.56,1581.6
TAKEOFF,2694.19,381.78,391.14,376.88,383.74,1411.79,1428.67,1381.38,1420.45,30.06,20.19,72.16,186.08,3.2396,1.9682,1.3014,2.3139,77.95,839.55,NOMINAL,0.0495,0.0,2413.9
LAND,1008.73,221.35,229.16,214.18,225.79,572.58,600.43,561.26,588.82,16.01,8.95,58.27,157.54,0.6948,0.5755,0.335,0.5556,42.86,538.85,NOMINAL,0.0059,0.0,2406.0
CLIMB,2465.67,354.08,354.24,339.45,346.47,1265.19,1272.26,1256.31,1292.71,24.62,17.59,67.03,183.38,4.929,3.301,1.9404,3.6035,93.5,4478.63,VIBRATION_FAULT,0.4233,2.12,1270.9
DESCENT,2098.68,291.77,299.7,302.64,289.07,1015.02,1032.0,998.18,1033.67,18.5,12.46,63.3,184.88,4.0165,2.6662,1.6519,2.9422,111.82,3232.07,CRACK,0.9576,4.79,362.9
DESCENT,2119.09,260.79,264.14,259.62,263.88,986.18,1007.31,956.59,1000.17,18.04,12.34,57.76,175.65,2.6567,1.6703,1.003,1.9021,112.02,3165.73,DELAMINATION,0.5334,2.67,1009.1
TAKEOFF,2681.32,402.17,403.06,402.38,397.26,1413.61,1418.72,1386.39,1419.06,29.93,21.31,66.33,197.89,5.3005,3.4333,2.1796,3.8572,75.35,826.03,CORROSION,0.7059,3.53,948.2
DESCENT,2115.98,258.45,263.74,258.24,263.59,1013.99,1009.52,975.73,1004.88,18.19,11.06,61.99,172.1,2.7475,1.7522,1.0314,1.9734,109.97,3151.03,VIBRATION_FAULT,0.3277,1.64,1506.3
LAND,995.92,222.57,230.0,218.71,218.66,574.23,571.17,568.55,603.96,15.5,8.97,58.66,154.43,0.7055,0.6655,0.3816,0.6017,41.87,614.84,NOMINAL,0.085,0.0,2386.3
CRUISE,2302.39,317.31,328.35,315.91,318.67,1172.09,1184.37,1180.72,1213.75,22.79,15.34,58.4,184.14,3.9885,2.7606,1.5753,2.9445,127.88,8492.18,DELAMINATION,0.8148,4.07,720.0
CRUISE,2297.22,319.43,325.14,315.09,320.77,1164.11,1215.55,1184.87,1206.75,22.2,14.12,64.49,169.14,1.8257,1.3889,0.7476,1.393,127.7,8505.53,NOMINAL,0.067,0.0,2432.7
LAND,988.54,241.3,240.31,236.03,246.74,578.93,585.26,566.66,575.49,15.45,9.48,53.89,169.12,1.3645,0.8576,0.556,0.9843,48.73,620.65,CORROSION,0.5908,2.95,973.7
CRUISE,2327.98,324.59,323.64,314.59,321.58,1212.07,1211.33,1202.56,1206.59,22.32,15.04,65.37,179.82,4.1213,2.7378,1.602,3.0026,127.74,8537.68,VIBRATION_FAULT,0.4711,2.36,1059.3
CLIMB,2438.97,352.82,362.53,348.13,350.43,1266.64,1272.31,1232.8,1275.31,24.95,16.07,67.62,178.96,2.3426,1.4477,1.0335,1.6982,102.48,4480.98,NOMINAL,0.1351,0.0,2425.4
CLIMB,2434.34,350.01,350.47,340.86,352.72,1242.59,1272.28,1233.9,1257.77,25.2,16.34,68.85,177.24,2.3343,1.4956,0.8772,1.6788,91.9,4429.06,NOMINAL,0.0583,0.0,2407.1
CLIMB,2441.7,349.72,356.11,342.1,353.62,1246.09,1271.56,1237.62,1242.98,25.33,16.5,67.56,179.05,2.3074,1.4655,0.9878,1.6781,97.87,4511.46,NOMINAL,0.0735,0.0,2446.5
CRUISE,2312.33,321.73,329.61,313.84,318.04,1195.95,1198.31,1180.78,1189.22,23.05,14.35,64.81,170.04,1.9019,1.1668,0.7359,1.3565,128.61,8509.3,NOMINAL,0.0438,0.0,2441.2
TAXI,817.62,183.83,181.41,175.82,180.94,212.24,263.84,201.68,224.51,15.64,8.79,54.47,146.37,0.7808,0.5096,0.2797,0.562,18.92,443.01,NOMINAL,0.0041,0.0,2436.0
TAKEOFF,2685.56,405.57,407.38,397.37,396.98,1392.39,1420.38,1410.59,1408.86,29.4,21.5,67.11,197.55,4.8391,3.104,1.9639,3.5076,73.16,788.36,CORROSION,0.5518,2.76,1041.0
TAXI,781.34,178.13,184.73,178.05,177.1,228.48,224.48,210.98,243.37,14.89,9.78,48.32,157.77,1.6058,1.065,0.641,1.1725,24.49,482.94,DELAMINATION,0.807,4.04,718.3
CRUISE,2281.65,322.79,325.61,316.24,319.81,1160.29,1191.77,1172.71,1194.67,22.24,13.81,64.45,171.11,2.1505,1.2849,0.7388,1.5079,131.53,8424.4,CORROSION,0.1049,0.52,1815.3
CLIMB,2448.62,354.61,350.69,344.7,354.91,1276.01,1243.33,1289.0,1270.01,25.07,16.86,70.56,185.87,4.4187,2.791,1.7456,3.1813,92.39,4489.42,VIBRATION_FAULT,0.3084,1.54,1582.0
DESCENT,2113.99,264.03,269.65,257.02,262.04,993.49,1009.24,957.29,993.8,18.16,11.0,63.08,166.29,1.4667,0.8936,0.6293,1.0561,114.91,3210.22,NOMINAL,0.0837,0.0,2446.8
CRUISE,2289.36,321.54,327.4,314.97,321.96,1204.64,1190.55,1154.42,1176.14,22.56,13.24,64.39,168.26,1.8954,1.2318,0.7772,1.3801,131.54,8545.67,NOMINAL,0.0456,0.0,2471.2
CLIMB,2459.09,350.5,357.57,347.28,352.48,1252.13,1254.67,1230.18,1281.33,25.17,16.82,67.59,178.14,2.4421,1.6323,0.9524,1.7828,96.19,4528.43,NOMINAL,0.0894,0.0,2424.9
DESCENT,2086.45,261.68,267.59,255.18,260.45,974.85,987.21,967.46,971.33,18.28,11.31,63.55,165.29,1.497,0.9825,0.565,1.0841,106.89,3160.62,NOMINAL,0.0951,0.0,2449.8
CLIMB,2454.72,352.05,360.33,348.39,351.39,1270.47,1253.07,1226.72,1262.64,25.02,16.75,68.19,178.66,2.4797,1.5684,0.994,1.7886,93.11,4472.41,NOMINAL,0.1122,0.0,2402.3
LAND,995.1,221.0,224.95,212.98,219.02,572.35,593.93,564.68,608.82,15.73,8.89,60.23,154.79,0.938,0.6047,0.3836,0.6814,43.13,587.82,NOMINAL,0.0907,0.0,2397.7
TAKEOFF,2706.16,380.76,391.96,379.24,385.89,1386.45,1431.42,1385.66,1401.7,29.21,20.49,71.66,184.78,3.2257,2.1917,1.2687,2.3677,74.96,838.75,NOMINAL,0.0751,0.0,2461.0
CLIMB,2452.86,351.91,354.3,348.38,349.96,1251.95,1269.29,1251.55,1267.76,24.84,16.68,67.56,176.54,2.4441,1.5716,0.9002,1.7563,93.71,4529.82,NOMINAL,0.0626,0.0,2392.4
DESCENT,2098.6,258.59,263.62,254.39,256.4,965.41,1005.89,986.42,990.66,17.82,10.18,64.04,162.59,1.3822,0.9572,0.5979,1.0302,110.03,3165.8,NOMINAL,0.097,0.0,2448.6
DESCENT,2091.88,255.61,261.84,252.13,263.6,984.79,994.77,965.37,1004.01,18.13,11.67,61.31,162.9,1.5798,0.9738,0.5599,1.1191,111.22,3171.8,NOMINAL,0.0147,0.0,2420.4
DESCENT,2097.29,254.1,262.77,261.31,268.11,1011.12,1002.8,954.92,1006.07,17.93,11.0,62.4,168.41,1.4916,0.976,0.5234,1.0726,110.27,3226.62,NOMINAL,0.002,0.0,2456.8
TAXI,772.67,179.64,185.21,178.0,190.39,235.55,213.32,238.25,237.97,15.13,8.94,51.94,144.02,0.8158,0.524,0.3957,0.6046,27.95,527.28,NOMINAL,0.0868,0.0,2380.0
CLIMB,2441.25,351.03,350.9,349.62,350.44,1233.57,1256.44,1234.32,1249.05,25.18,16.8,67.05,182.15,3.3271,2.1258,1.2949,2.399,92.4,4502.71,DELAMINATION,0.2588,1.29,1479.5
DESCENT,2123.23,261.09,266.31,254.3,265.09,979.99,997.22,967.12,976.73,18.37,11.48,62.01,164.81,1.4295,0.8864,0.556,1.0228,112.86,3184.53,NOMINAL,0.0734,0.0,2423.5
DESCENT,2102.96,254.33,263.32,254.41,264.87,983.4,1000.25,973.56,1002.41,18.01,10.89,62.23,163.49,1.3345,0.9863,0.6258,1.0239,110.87,3220.21,NOMINAL,0.0335,0.0,2456.4
CRUISE,2305.39,324.3,324.09,318.53,319.31,1187.75,1171.19,1186.27,1176.92,22.54,14.42,63.6,173.17,2.0682,1.2763,0.7608,1.4703,129.54,8522.97,NOMINAL,0.0612,0.0,2441.9
CRUISE,2291.25,317.52,321.47,321.42,319.94,1178.26,1194.25,1161.41,1195.0,22.42,14.18,66.88,168.02,1.9258,1.2526,0.7012,1.3868,131.62,8489.51,NOMINAL,0.0455,0.0,2421.8
CRUISE,2320.79,317.97,326.93,315.77,326.18,1195.26,1204.51,1161.67,1188.12,22.19,14.07,64.03,174.03,1.8562,1.2965,0.8364,1.3936,132.07,8479.73,NOMINAL,0.0748,0.0,2416.8
CRUISE,2333.61,321.06,324.82,312.95,319.83,1202.7,1235.68,1183.58,1217.14,22.72,14.34,66.2,176.96,3.32,2.0856,1.3345,2.3912,132.97,8538.23,VIBRATION_FAULT,0.2835,1.42,1533.0
DESCENT,2094.52,278.19,290.15,279.72,280.13,1015.46,1017.8,984.37,1030.32,18.22,11.88,61.97,175.02,3.2083,2.0939,1.3372,2.3428,115.03,3183.47,CRACK,0.6582,3.29,1036.7
LAND,1035.21,222.79,218.55,211.15,229.16,609.84,628.58,615.14,596.78,15.33,10.1,56.87,167.25,2.4197,1.585,0.9801,1.7633,40.35,646.86,VIBRATION_FAULT,0.7182,3.59,794.1
TAKEOFF,2685.21,377.26,381.32,367.57,383.78,1400.39,1420.63,1397.73,1411.3,29.69,20.65,68.87,192.67,4.5809,2.9893,1.8758,3.3386,80.84,759.11,DELAMINATION,0.3147,1.57,1372.1
LAND,991.02,222.45,226.69,212.08,224.62,602.17,588.41,571.9,563.66,15.41,8.89,57.83,155.2,0.8378,0.6606,0.3395,0.6464,41.93,598.45,NOMINAL,0.025,0.0,2421.3
DESCENT,2099.1,269.42,280.41,272.47,275.61,1012.68,1010.28,990.93,994.77,17.87,11.93,61.29,169.92,2.7409,1.7892,1.1105,1.9956,107.69,3199.17,CRACK,0.4403,2.2,1454.3
CRUISE,2320.67,315.77,320.29,305.73,324.44,1197.39,1190.41,1146.78,1200.49,22.18,14.19,63.89,169.21,1.9255,1.2546,0.7653,1.3985,133.68,8568.57,NOMINAL,0.0916,0.0,2460.5
CRUISE,2301.27,324.82,323.72,314.5,322.07,1179.77,1194.56,1156.78,1200.25,22.4,14.05,64.99,171.22,1.9365,1.2197,0.7393,1.3885,129.72,8455.61,NOMINAL,0.1082,0.0,2387.6
TAKEOFF,2698.56,374.53,386.47,374.82,389.33,1407.05,1406.56,1376.4,1417.65,30.02,20.66,73.39,185.86,3.3139,2.0845,1.2815,2.3783,71.97,860.33,NOMINAL,0.0922,0.0,2445.1
DESCENT,2111.84,256.84,267.79,258.79,257.64,987.69,1003.29,975.48,1013.84,18.74,12.08,59.59,172.28,2.2496,1.5808,0.8928,1.669,108.96,3221.95,DELAMINATION,0.3404,1.7,1440.8
CRUISE,2292.49,317.45,321.81,312.67,325.29,1183.43,1183.03,1177.18,1194.86,22.74,13.84,63.53,171.51,2.0412,1.2176,0.802,1.4483,128.46,8538.85,VIBRATION_FAULT,0.0158,0.5,2202.2
CRUISE,2295.55,318.14,327.29,312.23,327.32,1200.93,1211.31,1174.0,1188.52,22.55,13.77,65.19,170.6,1.834,1.3323,0.7558,1.3796,127.43,8491.79,NOMINAL,0.0319,0.0,2400.8
TAXI,818.86,180.03,189.6,177.44,183.67,219.84,232.82,223.6,237.85,15.15,8.8,56.81,145.66,0.9241,0.4914,0.275,0.6248,24.14,501.65,NOMINAL,0.0415,0.0,2440.7
DESCENT,2104.61,263.85,267.64,254.27,257.52,994.63,985.37,963.46,990.41,18.32,11.5,62.18,167.18,1.6146,0.9464,0.5803,1.1313,111.87,3267.88,NOMINAL,0.0097,0.0,2464.1
CRUISE,2307.8,324.78,326.45,325.22,319.07,1171.09,1188.93,1169.05,1191.32,22.31,14.34,65.32,168.14,1.9491,1.2098,0.7651,1.3962,132.22,8539.96,NOMINAL,0.1497,0.0,2435.9
LAND,988.3,218.88,226.08,221.41,220.16,582.42,583.2,572.09,589.45,15.47,9.05,57.18,157.52,0.8392,0.667,0.2802,0.6397,45.76,624.41,NOMINAL,0.1357,0.0,2370.1
TAKEOFF,2695.64,381.57,386.88,383.76,377.17,1402.41,1412.95,1389.49,1408.37,29.71,19.94,72.86,184.33,3.1983,2.0911,1.2438,2.3201,76.52,761.65,NOMINAL,0.0168,0.0,2415.1
DESCENT,2100.08,256.39,265.61,258.76,261.95,995.05,1001.54,977.28,998.6,18.35,10.81,61.37,165.05,1.5641,0.9851,0.5997,1.1219,112.58,3186.49,NOMINAL,0.0683,0.0,2388.1
CLIMB,2478.73,349.93,353.74,344.02,350.72,1265.91,1263.61,1241.65,1258.9,24.67,16.4,65.03,178.32,2.4392,1.5093,0.9329,1.7414,91.65,4411.35,NOMINAL,0.1463,0.0,2385.0
CLIMB,2474.49,353.5,357.89,344.3,357.46,1264.82,1278.72,1237.94,1248.91,25.38,16.91,66.97,179.27,2.6331,1.8207,1.1009,1.9545,95.99,4537.21,DELAMINATION,0.0985,0.5,1729.8
CRUISE,2324.27,314.43,322.48,318.3,324.25,1225.61,1197.81,1210.33,1218.18,22.24,14.26,66.13,177.7,4.2931,2.886,1.7588,3.1545,131.44,8517.22,VIBRATION_FAULT,0.5259,2.63,1142.4
CRUISE,2318.75,318.23,322.81,315.26,323.54,1174.46,1187.48,1157.23,1192.47,22.64,14.19,63.13,168.5,1.9745,1.2095,0.7701,1.4089,136.57,8409.82,NOMINAL,0.1082,0.0,2366.2
CRUISE,2285.6,322.02,323.65,314.49,325.14,1186.67,1209.68,1189.09,1190.88,23.03,14.06,66.58,169.95,1.9672,1.2094,0.827,1.4162,132.88,8491.45,NOMINAL,0.0169,0.0,2482.9
CRUISE,2285.21,327.6,327.39,315.19,326.2,1173.74,1213.68,1153.88,1187.34,22.48,14.96,58.11,182.63,3.8535,2.5043,1.6302,2.8154,131.08,8496.48,DELAMINATION,0.7504,3.75,734.9
LAND,1011.87,212.21,220.72,217.77,221.94,597.51,590.27,577.23,587.88,15.64,8.85,58.6,155.39,0.9235,0.5197,0.3638,0.6468,46.51,597.93,NOMINAL,0.0601,0.0,2448.0
CRUISE,2292.58,317.24,327.04,317.2,324.31,1188.45,1218.68,1164.33,1180.02,22.44,13.67,64.59,167.21,1.8331,1.1338,0.8204,1.3315,130.28,8575.21,NOMINAL,0.0945,0.0,2372.6
TAXI,798.32,205.25,201.69,200.02,203.23,232.75,255.46,257.86,254.38,15.02,9.39,55.9,157.75,1.7502,1.1504,0.7502,1.2845,28.27,481.01,CRACK,0.6724,3.36,974.2
CRUISE,2289.28,316.98,324.55,317.29,328.6,1179.0,1205.91,1181.61,1207.84,22.78,13.78,63.26,168.87,1.9135,1.1904,0.6787,1.3588,126.96,8620.26,NOMINAL,0.09,0.0,2394.5
CRUISE,2311.59,320.03,328.72,314.59,317.82,1189.35,1201.58,1191.82,1184.36,22.58,14.95,64.39,175.67,3.8639,2.4976,1.504,2.7946,128.13,8523.35,VIBRATION_FAULT,0.3803,1.9,1311.6
CLIMB,2455.43,348.33,348.92,348.05,357.11,1257.92,1262.01,1212.32,1261.76,24.84,16.23,65.66,181.38,2.3122,1.4507,1.0447,1.6874,95.08,4495.04,NOMINAL,0.0018,0.0,2411.4
DESCENT,2107.43,254.73,260.46,253.45,260.21,982.63,1005.61,972.99,988.09,18.1,11.62,61.03,165.04,2.0359,1.2888,0.8504,1.4753,107.54,3151.77,VIBRATION_FAULT,0.1391,0.7,1966.5
TAKEOFF,2694.06,383.55,387.69,370.67,385.15,1407.08,1431.02,1381.66,1398.73,29.78,20.15,73.42,186.15,3.2119,2.0723,1.2808,2.3275,74.01,827.16,NOMINAL,0.0046,0.0,2448.1
CLIMB,2473.34,346.23,354.23,349.59,357.08,1254.29,1271.97,1259.45,1243.58,24.57,15.92,66.98,176.71,2.4304,1.6205,1.0054,1.7836,97.2,4461.68,NOMINAL,0.103,0.0,2455.3
DESCENT,2107.21,260.15,269.1,264.32,261.89,966.76,978.43,957.24,1002.8,18.12,11.27,62.46,166.29,1.3754,1.0342,0.6195,1.0559,106.4,3213.42,NOMINAL,0.1043,0.0,2399.7
CLIMB,2454.96,352.83,353.99,348.74,351.03,1260.49,1266.85,1252.08,1249.04,24.78,16.26,68.15,177.73,2.4229,1.4902,0.9241,1.7268,98.18,4514.86,NOMINAL,0.0818,0.0,2465.2
LAND,1003.54,218.34,219.52,219.62,222.64,571.22,598.02,562.41,607.98,15.67,8.46,56.46,155.45,0.9107,0.6161,0.3528,0.6667,43.38,620.39,NOMINAL,0.137,0.0,2444.1
CLIMB,2458.81,347.07,356.9,345.0,348.69,1228.53,1294.97,1231.29,1258.49,25.05,17.48,59.92,189.07,4.6642,2.9269,1.8908,3.3614,95.08,4485.95,DELAMINATION,0.6317,3.16,991.3
LAND,983.63,221.96,226.33,221.83,221.88,561.83,601.87,568.91,584.83,15.65,8.95,56.56,154.16,0.9876,0.5262,0.3514,0.6772,45.57,553.84,NOMINAL,0.0768,0.0,2460.9
CLIMB,2450.0,347.84,359.73,347.45,349.28,1245.25,1269.5,1233.24,1241.82,25.07,16.66,68.89,179.69,2.3337,1.6071,0.9029,1.717,95.89,4471.65,NOMINAL,0.0666,0.0,2451.2
CRUISE,2305.79,321.3,327.35,316.17,317.91,1197.88,1196.44,1166.41,1206.62,22.28,13.99,65.2,169.58,1.9219,1.2001,0.7566,1.3792,130.33,8554.68,NOMINAL,0.1089,0.0,2406.6
CRUISE,2327.02,319.14,325.89,317.86,324.98,1177.94,1173.9,1175.87,1179.08,22.69,14.23,65.23,171.63,1.8608,1.3175,0.7681,1.389,129.54,8545.65,NOMINAL,0.1143,0.0,2421.2
CRUISE,2303.0,333.45,339.47,331.17,332.6,1193.09,1196.75,1177.23,1208.62,22.46,14.7,64.9,174.69,3.1753,2.0623,1.2631,2.3044,130.39,8578.63,CRACK,0.3672,1.84,1343.8
CLIMB,2461.49,350.32,349.22,346.78,351.8,1288.71,1305.58,1296.27,1320.3,25.15,17.85,65.26,196.09,7.9466,5.1959,3.0342,5.7548,95.51,4526.34,VIBRATION_FAULT,0.9119,4.56,483.8
DESCENT,2098.6,261.36,268.74,250.45,263.03,962.33,1001.19,954.23,972.68,18.45,10.79,61.24,164.96,1.3334,1.0221,0.565,1.0234,107.45,3236.98,NOMINAL,0.0784,0.0,2460.8
TAXI,800.28,180.2,185.8,176.45,174.03,209.51,227.04,221.29,231.9,15.2,9.06,52.57,147.55,0.8009,0.4747,0.2933,0.5636,23.75,560.0,NOMINAL,0.0317,0.0,2396.7
CRUISE,2310.91,323.94,321.31,318.83,321.49,1184.38,1191.66,1186.31,1193.12,22.35,13.85,66.03,171.3,1.9064,1.2118,0.8078,1.3851,128.68,8476.94,NOMINAL,0.0106,0.0,2444.6
CRUISE,2297.48,324.37,328.9,313.73,320.84,1164.21,1201.16,1120.39,1171.51,22.52,13.21,67.74,168.4,1.9387,1.3111,0.7734,1.4231,129.99,8477.29,NOMINAL,0.062,0.0,2437.1
CLIMB,2438.54,353.72,350.99,348.08,354.98,1252.86,1287.97,1242.87,1276.55,24.33,16.78,68.7,178.96,2.4494,1.5311,0.9979,1.7644,99.45,4424.89,NOMINAL,0.1475,0.0,2398.4
DESCENT,2092.09,255.76,267.33,261.54,260.64,988.0,997.87,948.28,987.85,17.83,10.9,61.48,164.43,1.5805,0.9764,0.5298,1.1154,113.02,3215.4,NOMINAL,0.0314,0.0,2399.7
CRUISE,2304.16,322.18,327.33,318.84,322.35,1168.05,1190.45,1184.47,1190.39,22.22,13.63,63.39,171.48,1.9248,1.3457,0.7888,1.4304,131.59,8579.59,NOMINAL,0.0722,0.0,2441.9
CLIMB,2453.57,354.29,358.67,351.31,348.82,1260.77,1258.73,1258.03,1265.38,25.13,16.33,67.36,178.73,2.5399,1.6549,0.9779,1.839,93.95,4522.92,NOMINAL,0.1376,0.0,2392.8
DESCENT,2097.12,268.82,273.85,269.4,270.27,979.55,999.72,963.42,1008.59,18.46,11.54,58.74,169.34,1.9237,1.222,0.6913,1.375,109.61,3216.28,CORROSION,0.2874,1.44,1633.4
CRUISE,2296.99,316.69,323.55,313.57,323.14,1170.01,1207.9,1181.79,1176.49,22.17,13.84,64.52,172.28,1.896,1.2602,0.7809,1.3896,127.8,8489.97,NOMINAL,0.0372,0.0,2387.0
CRUISE,2299.72,317.92,326.04,314.46,317.09,1195.51,1198.22,1213.59,1207.93,22.48,14.43,65.28,179.96,4.1241,2.6747,1.6542,2.9943,126.5,8515.21,VIBRATION_FAULT,0.4837,2.42,1130.3
CRUISE,2265.91,316.14,323.88,317.99,323.53,1168.9,1217.5,1159.6,1179.98,22.21,15.06,60.17,181.69,3.8842,2.5261,1.5454,2.8199,130.81,8536.24,DELAMINATION,0.7397,3.7,849.6
CRUISE,2286.81,321.92,330.28,314.92,322.99,1162.07,1198.26,1147.92,1190.73,22.02,14.51,64.94,169.84,2.0527,1.239,0.6795,1.4388,128.92,8577.81,NOMINAL,0.026,0.0,2482.0
TAXI,818.56,177.3,185.67,180.73,179.99,210.42,215.88,194.76,219.4,15.11,8.61,54.95,142.78,0.9088,0.4539,0.4102,0.6325,25.38,541.81,NOMINAL,0.0225,0.0,2416.6
CRUISE,2299.48,319.07,327.07,315.04,323.59,1198.6,1177.71,1167.09,1216.41,22.4,14.3,66.04,167.41,1.9237,1.2482,0.9191,1.4264,123.44,8435.18,NOMINAL,0.032,0.0,2476.9
TAKEOFF,2689.4,377.13,388.39,373.06,380.11,1411.96,1428.12,1382.27,1392.41,30.02,19.82,73.55,185.75,3.1845,2.1063,1.1824,2.3077,78.7,791.63,NOMINAL,0.0364,0.0,2480.3
CRUISE,2296.76,318.54,328.39,317.09,327.44,1155.81,1192.47,1150.9,1204.78,22.18,14.81,59.65,177.6,3.0763,2.0509,1.3638,2.2752,126.44,8454.49,DELAMINATION,0.4721,2.36,1136.0
LAND,984.73,218.35,220.7,214.28,218.6,583.73,605.72,536.15,591.28,14.92,8.8,59.91,154.37,0.9205,0.6292,0.3987,0.6837,47.09,617.41,NOMINAL,0.1411,0.0,2371.7
CLIMB,2452.28,344.14,352.28,343.48,348.15,1248.03,1256.86,1248.4,1255.22,24.72,16.22,68.08,177.49,2.4033,1.5452,1.0459,1.7567,97.14,4465.6,NOMINAL,0.1136,0.0,2364.2
TAKEOFF,2686.36,373.95,388.23,375.96,385.93,1399.11,1415.38,1372.71,1402.49,29.35,20.41,70.42,185.4,3.1803,2.1033,1.2817,2.3224,71.69,786.69,NOMINAL,0.0473,0.0,2447.7
CRUISE,2301.67,344.65,348.75,344.18,350.38,1203.47,1228.94,1215.05,1228.97,22.68,14.9,63.93,184.4,4.6391,2.9503,1.8967,3.3577,129.25,8471.54,CRACK,0.7783,3.89,626.3
DESCENT,2111.18,264.15,268.85,266.14,267.22,980.36,1014.33,970.43,1001.22,18.14,11.33,61.13,166.54,1.7008,1.146,0.7166,1.2543,105.07,3213.51,CRACK,0.0884,0.5,1903.9
CRUISE,2311.87,322.6,320.25,317.74,319.06,1177.63,1180.49,1173.31,1185.91,22.84,13.59,66.09,170.76,1.8313,1.1423,0.7455,1.3184,130.59,8457.38,NOMINAL,0.035,0.0,2414.3
CLIMB,2464.63,347.19,351.63,349.05,350.95,1244.73,1285.14,1234.79,1263.33,24.6,16.75,65.48,180.38,2.97,2.038,1.173,2.1871,93.66,4561.38,DELAMINATION,0.1831,0.92,1540.2
CLIMB,2451.05,351.05,360.69,342.38,356.01,1232.08,1258.22,1227.24,1258.31,24.81,16.88,68.62,177.97,2.3297,1.6441,0.9649,1.738,94.37,4494.56,NOMINAL,0.1304,0.0,2419.7
LAND,1013.56,230.59,234.78,229.11,235.57,591.98,581.52,555.44,585.88,15.63,9.11,54.37,160.82,1.2808,0.7865,0.4516,0.9061,42.06,584.16,CORROSION,0.3952,1.98,1217.5
DESCENT,2096.83,262.97,269.56,251.86,265.45,988.55,991.63,977.1,980.49,18.1,11.93,62.28,164.38,1.3949,0.9799,0.6499,1.0533,108.23,3221.64,NOMINAL,0.0149,0.0,2483.8
CLIMB,2447.7,353.45,355.35,346.02,351.54,1272.95,1272.62,1222.69,1249.61,25.02,16.88,68.79,179.79,2.3096,1.5978,0.9231,1.7068,94.7,4534.0,NOMINAL,0.0822,0.0,2444.7
CLIMB,2445.58,350.42,358.39,342.89,350.06,1252.58,1274.55,1240.43,1258.24,24.82,16.77,69.46,176.95,2.362,1.601,0.9684,1.7398,96.45,4510.84,NOMINAL,0.0002,0.0,2483.8
DESCENT,2076.02,260.68,268.41,257.0,259.39,973.05,1027.49,972.22,961.83,17.86,11.13,60.51,164.77,1.4606,0.9868,0.5858,1.0724,108.25,3186.45,NOMINAL,0.0041,0.0,2445.3
LAND,1008.72,216.13,228.4,213.81,220.8,574.32,616.6,584.48,604.65,15.7,9.42,57.15,159.52,1.4548,0.9393,0.5445,1.0481,48.56,640.57,VIBRATION_FAULT,0.2497,1.25,1765.4
CRUISE,2294.94,321.35,321.18,319.03,316.3,1193.23,1203.96,1191.41,1192.16,22.66,14.21,63.94,168.08,1.8253,1.233,0.7596,1.3453,130.09,8519.77,NOMINAL,0.1334,0.0,2372.6
CLIMB,2455.17,349.76,363.52,345.71,353.01,1255.21,1279.17,1239.03,1293.2,24.86,17.8,61.71,186.44,4.1812,2.7432,1.6405,3.0386,95.27,4464.28,DELAMINATION,0.5672,2.84,1095.1
DESCENT,2129.43,264.17,264.26,253.61,263.45,1029.79,1003.33,1009.95,1033.36,18.15,12.23,62.65,179.39,3.8862,2.3916,1.5248,2.7777,110.22,3241.03,VIBRATION_FAULT,0.6194,3.1,1004.6
LAND,1019.4,218.53,225.48,217.07,224.17,642.15,602.57,610.22,634.09,15.31,9.88,57.56,164.62,2.1605,1.437,0.8813,1.5822,46.88,542.23,VIBRATION_FAULT,0.5863,2.93,1111.5
DESCENT,2103.71,268.01,270.32,254.25,257.84,971.75,991.03,946.06,995.93,17.67,11.27,63.13,167.52,1.4799,0.932,0.6668,1.0806,113.77,3227.31,NOMINAL,0.0978,0.0,2438.8
CLIMB,2463.39,349.78,360.34,343.67,355.88,1266.89,1265.1,1241.7,1246.07,24.72,16.6,67.35,178.43,2.4131,1.5991,0.9865,1.7657,97.3,4509.08,NOMINAL,0.1482,0.0,2394.8
LAND,1012.6,226.44,228.62,217.74,221.24,582.92,593.26,560.61,587.65,15.95,8.77,59.95,153.25,0.9111,0.6282,0.3986,0.6791,42.29,551.37,NOMINAL,0.1214,0.0,2432.5
DESCENT,2092.13,258.17,258.91,258.8,269.46,965.04,1012.93,984.03,999.41,17.85,12.04,57.79,176.91,2.7592,1.8341,1.0936,2.0144,109.72,3191.89,DELAMINATION,0.6091,3.05,1137.2
CLIMB,2463.14,345.0,358.27,347.26,344.06,1260.45,1279.95,1233.14,1265.82,25.07,17.17,68.6,178.19,2.4876,1.6565,1.0636,1.8315,93.51,4517.19,NOMINAL,0.1286,0.0,2390.4
CRUISE,2298.02,339.93,334.23,339.65,342.93,1172.89,1176.28,1185.79,1206.27,22.7,14.72,60.51,181.75,2.7629,1.822,1.1152,2.0163,130.82,8495.71,CORROSION,0.5196,2.6,1012.4
TAKEOFF,2706.3,381.34,388.88,372.08,385.56,1403.63,1410.6,1386.85,1416.4,29.82,21.18,67.09,192.0,5.3845,3.515,2.1849,3.9209,74.17,752.51,DELAMINATION,0.5012,2.51,1132.0
CLIMB,2445.39,354.65,351.91,347.05,347.85,1233.98,1272.46,1246.1,1269.47,25.28,16.45,68.33,177.31,2.5034,1.5053,0.985,1.7798,92.34,4504.4,NOMINAL,0.0541,0.0,2426.1
CLIMB,2447.09,353.03,356.16,350.28,353.38,1260.51,1244.27,1239.1,1246.71,24.9,16.63,67.72,176.59,2.5003,1.6204,0.8914,1.7956,96.91,4506.81,NOMINAL,0.1002,0.0,2385.8
CRUISE,2323.31,320.77,322.76,324.59,311.24,1200.93,1212.88,1214.46,1199.74,22.46,15.13,63.54,180.42,4.702,3.0292,1.888,3.4083,128.94,8538.71,VIBRATION_FAULT,0.5927,2.96,976.2
LAND,1016.04,221.58,225.51,217.53,228.61,571.77,608.61,572.97,587.41,15.32,9.06,58.35,157.6,0.9934,0.603,0.3239,0.6965,50.14,575.23,NOMINAL,0.087,0.0,2434.7
CRUISE,2296.24,316.28,330.88,313.4,323.85,1183.2,1180.66,1180.35,1189.81,22.88,14.18,64.09,169.64,1.8816,1.2817,0.7973,1.3927,128.32,8537.89,NOMINAL,0.0838,0.0,2381.9
CRUISE,2288.81,345.47,349.37,347.19,348.22,1169.37,1222.94,1189.18,1179.61,22.43,15.27,58.47,183.8,3.1287,2.0999,1.2662,2.295,124.92,8534.51,CORROSION,0.7086,3.54,815.9
DESCENT,2092.98,298.25,286.95,291.81,291.88,974.51,986.76,966.72,998.37,18.08,13.01,54.53,179.21,2.7124,1.6171,1.0286,1.9175,109.67,3199.43,CORROSION,0.8459,4.23,545.1
CRUISE,2280.03,344.67,343.37,342.5,343.06,1194.38,1229.93,1199.62,1187.52,22.55,14.49,66.37,180.95,4.0861,2.683,1.6372,2.9763,128.52,8545.18,CRACK,0.6374,3.19,841.5
CRUISE,2299.72,320.44,326.2,321.1,319.2,1155.03,1198.01,1177.98,1171.23,22.59,13.58,66.01,170.02,1.8296,1.1388,0.8691,1.3416,135.76,8456.84,NOMINAL,0.1458,0.0,2392.7
TAKEOFF,2703.4,386.71,390.77,374.88,384.53,1377.84,1419.63,1385.16,1421.56,29.96,20.19,72.55,184.22,3.2774,2.1076,1.2719,2.3665,75.25,833.76,NOMINAL,0.0213,0.0,2455.4
DESCENT,2095.15,260.43,270.19,254.35,263.36,977.79,998.23,971.64,1004.42,18.06,10.43,61.76,167.82,1.5914,1.0224,0.659,1.1564,112.06,3246.4,NOMINAL,0.023,0.0,2443.3
TAKEOFF,2701.77,380.19,383.98,376.51,376.05,1405.44,1409.91,1361.89,1410.2,30.19,19.58,71.46,182.63,3.3585,2.2219,1.2947,2.4421,73.94,794.05,DELAMINATION,0.0308,0.5,1913.4
CRUISE,2294.55,325.5,323.45,314.62,322.63,1207.93,1184.59,1177.06,1175.75,22.25,15.29,57.86,186.33,4.4694,2.8551,1.7876,3.2312,126.76,8449.09,DELAMINATION,0.9619,4.81,413.3
CLIMB,2436.42,353.62,360.77,347.78,353.24,1224.35,1275.12,1257.06,1272.87,25.25,16.0,67.15,177.74,2.3431,1.4904,0.981,1.7003,97.49,4444.14,NOMINAL,0.0905,0.0,2408.1
DESCENT,2119.48,262.78,266.45,256.48,262.01,1001.82,1005.34,963.58,996.83,18.12,12.52,53.29,184.51,3.5068,2.2739,1.4402,2.5523,108.71,3209.15,DELAMINATION,0.9656,4.83,359.5
CRUISE,2304.25,312.74,321.27,320.07,322.26,1157.28,1199.02,1149.16,1183.12,22.56,15.41,59.07,186.89,4.3149,2.7543,1.6665,3.1082,130.12,8540.8,DELAMINATION,0.892,4.46,483.8
LAND,1013.81,225.65,227.54,210.28,224.36,599.85,584.58,578.15,587.74,15.81,8.45,57.48,152.18,0.9272,0.6182,0.3772,0.6792,43.71,582.42,NOMINAL,0.071,0.0,2385.9
CLIMB,2432.33,348.57,355.95,353.35,349.66,1262.32,1247.48,1238.48,1260.45,25.19,16.34,67.06,174.26,2.4265,1.5215,1.0113,1.7536,96.28,4547.42,NOMINAL,0.0331,0.0,2417.9
LAND,1002.28,218.26,230.31,218.73,229.11,588.34,620.43,590.15,584.1,15.13,9.31,58.83,155.94,0.8641,0.6088,0.4109,0.6548,46.65,575.45,NOMINAL,0.0153,0.0,2398.9
TAKEOFF,2719.38,380.44,388.38,378.94,389.46,1406.22,1418.25,1412.46,1424.42,29.88,20.21,69.65,185.29,3.2877,2.0498,1.3302,2.365,71.55,785.8,VIBRATION_FAULT,0.025,0.5,2292.2
TAXI,798.69,201.28,206.21,200.64,210.12,218.23,224.33,195.39,230.08,15.21,9.55,50.3,156.53,1.4109,0.8592,0.5754,1.0099,23.44,531.12,CORROSION,0.7369,3.68,815.8
CRUISE,2285.92,320.59,325.48,311.32,319.42,1156.55,1184.44,1166.52,1194.24,22.42,14.14,63.85,170.8,1.8938,1.2226,0.7598,1.3734,128.5,8438.62,NOMINAL,0.062,0.0,2445.3
CLIMB,2480.44,348.39,355.44,352.59,350.59,1260.53,1279.07,1254.56,1268.1,24.65,17.52,68.66,187.41,4.642,2.9686,1.7427,3.3365,92.73,4486.05,VIBRATION_FAULT,0.3609,1.8,1337.8
LAND,989.31,219.32,231.56,213.64,224.29,568.28,595.31,567.59,609.2,14.83,8.56,58.3,155.75,0.8058,0.5827,0.3606,0.6107,48.68,608.34,NOMINAL,0.0628,0.0,2469.5
CRUISE,2293.2,316.57,324.96,318.44,320.2,1180.41,1191.32,1170.04,1191.0,22.3,14.25,63.25,172.04,1.9263,1.2703,0.6775,1.3884,129.87,8561.35,NOMINAL,0.137,0.0,2365.5
TAKEOFF,2686.27,374.96,386.81,373.63,380.06,1400.76,1426.24,1394.31,1411.2,30.02,21.83,64.3,204.98,7.3376,4.734,3.039,5.3381,73.25,693.1,DELAMINATION,0.943,4.71,449.4
CRUISE,2296.52,319.35,324.82,313.48,319.65,1188.73,1191.04,1169.94,1191.89,22.35,13.77,65.08,167.03,2.0595,1.2006,0.7405,1.4412,131.84,8493.21,NOMINAL,0.0693,0.0,2469.1
LAND,1001.22,218.09,233.28,215.28,214.07,591.4,586.0,569.28,606.86,15.42,8.74,59.12,157.57,0.889,0.7064,0.2731,0.6743,42.74,580.9,NOMINAL,0.0613,0.0,2402.4
TAXI,791.9,176.06,180.77,177.81,180.64,232.17,220.8,213.13,229.49,15.05,8.34,55.12,144.94,0.7287,0.5509,0.3803,0.5713,24.39,523.27,NOMINAL,0.1297,0.0,2389.8
CRUISE,2331.81,317.76,328.47,319.02,323.5,1214.6,1208.03,1224.29,1184.11,22.29,14.36,67.07,178.92,4.241,2.7694,1.6504,3.0757,131.57,8529.12,VIBRATION_FAULT,0.5087,2.54,1030.2
CRUISE,2279.06,344.29,341.93,348.62,342.9,1199.12,1221.21,1229.88,1232.48,22.37,15.02,66.19,185.35,4.2156,2.83,1.7181,3.0948,128.78,8553.68,CRACK,0.7134,3.57,731.8
TAXI,772.61,186.88,193.65,181.77,198.19,224.84,237.84,215.82,249.11,15.43,8.77,55.38,150.55,1.072,0.7646,0.4434,0.8022,21.11,508.53,CRACK,0.269,1.34,1599.0
DESCENT,2069.14,291.3,289.19,298.41,290.42,960.63,997.45,975.63,991.19,17.8,12.47,55.4,182.1,2.9308,1.8056,1.0311,2.0747,109.5,3177.47,CORROSION,0.9398,4.7,417.7
CLIMB,2471.96,351.36,361.04,347.32,355.09,1254.03,1273.02,1239.53,1279.74,25.16,16.61,69.09,179.16,2.7132,1.6347,1.1561,1.9468,95.43,4454.35,CRACK,0.0518,0.5,2256.9
DESCENT,2087.7,258.35,269.55,257.98,260.46,977.01,982.99,956.15,969.93,17.91,12.37,56.53,178.59,2.7993,1.7637,1.1981,2.0316,110.92,3249.1,DELAMINATION,0.6433,3.22,795.5
TAXI,787.08,178.99,187.43,174.36,182.8,234.97,242.52,205.86,244.72,15.33,9.17,51.33,152.38,1.3676,0.8979,0.5833,1.0028,26.08,478.23,DELAMINATION,0.4465,2.23,1129.4
CRUISE,2335.47,324.93,330.13,319.17,321.92,1238.65,1223.84,1207.94,1236.37,22.41,15.97,66.96,186.0,6.506,4.0743,2.5971,4.6788,130.78,8460.28,VIBRATION_FAULT,0.958,4.79,337.3
CRUISE,2317.91,314.64,322.96,314.3,323.72,1183.25,1203.1,1160.21,1167.16,22.31,14.42,64.26,170.32,1.9049,1.246,0.6932,1.3738,132.05,8496.03,NOMINAL,0.1356,0.0,2448.1
LAND,1011.73,218.64,232.72,218.56,217.5,596.88,607.3,562.39,570.64,15.8,9.32,59.34,156.57,0.9446,0.6485,0.3469,0.6912,40.46,630.36,NOMINAL,0.0938,0.0,2366.4
TAKEOFF,2704.71,375.09,378.33,376.28,381.46,1397.12,1424.95,1379.06,1418.25,29.97,19.3,71.92,185.36,3.2598,2.1129,1.1925,2.3461,75.24,789.62,NOMINAL,0.0068,0.0,2466.9
CRUISE,2326.58,319.46,330.13,313.44,324.56,1215.72,1199.04,1213.56,1192.66,22.59,14.61,66.21,179.57,4.4125,2.8432,1.7143,3.1881,133.01,8495.87,VIBRATION_FAULT,0.4988,2.49,1138.9
TAKEOFF,2716.6,379.66,389.37,376.56,376.61,1400.95,1416.56,1379.77,1405.32,29.81,19.36,72.43,186.09,3.2401,2.0631,1.3782,2.3561,76.28,783.29,NOMINAL,0.0748,0.0,2437.8
CLIMB,2488.94,352.53,356.43,345.8,350.81,1304.69,1292.83,1296.3,1305.01,25.14,17.72,66.79,195.65,8.2701,5.3645,3.1657,5.9776,95.83,4602.74,VIBRATION_FAULT,0.9756,4.88,337.1
CRUISE,2295.14,319.32,324.88,311.66,318.87,1191.21,1206.97,1166.66,1201.38,22.34,13.9,64.56,167.21,1.8795,1.3333,0.8364,1.4154,130.29,8491.25,NOMINAL,0.1416,0.0,2400.0
CRUISE,2279.47,330.91,334.81,330.24,330.1,1177.96,1199.12,1164.95,1187.77,22.71,14.66,63.04,172.85,2.4865,1.5435,1.0804,1.8012,129.98,8492.16,CORROSION,0.3229,1.61,1565.0
TAXI,797.15,198.72,198.1,197.46,203.68,250.85,249.6,242.45,279.97,15.48,10.0,54.17,158.2,1.7959,1.2189,0.6964,1.316,23.04,463.93,CRACK,0.6525,3.26,804.8
TAKEOFF,2717.81,375.11,390.53,371.27,386.52,1416.89,1454.69,1391.97,1442.8,29.54,20.39,73.99,193.83,6.4049,4.2521,2.6795,4.7005,76.4,801.24,VIBRATION_FAULT,0.4154,2.08,1377.1
DESCENT,2105.81,260.78,264.58,257.6,262.64,956.1,982.08,971.72,998.95,17.81,11.42,62.6,164.66,1.5341,0.9993,0.6438,1.1205,112.31,3158.32,NOMINAL,0.0375,0.0,2393.1
DESCENT,2110.59,262.23,268.78,259.98,262.47,975.45,1004.73,967.68,1008.59,18.38,12.05,57.37,170.0,2.2081,1.5149,0.9715,1.6446,109.23,3174.15,DELAMINATION,0.3873,1.94,1205.8
CRUISE,2292.12,320.4,329.11,310.68,322.59,1154.81,1194.94,1176.34,1202.27,22.37,13.84,64.72,168.02,1.913,1.1748,0.7878,1.3736,128.21,8487.21,NOMINAL,0.1286,0.0,2368.4
DESCENT,2086.96,291.78,290.91,289.61,290.96,1015.22,1029.48,1019.08,1025.52,17.72,12.22,63.61,181.61,4.1054,2.686,1.6456,2.9875,106.8,3256.44,CRACK,0.9112,4.56,402.3
CLIMB,2444.95,348.77,357.4,354.05,346.26,1273.32,1286.11,1235.87,1254.03,24.66,16.23,67.27,177.81,2.3976,1.6057,0.9926,1.7618,95.6,4498.26,NOMINAL,0.1374,0.0,2380.6
CRUISE,2313.27,322.92,325.14,309.29,322.33,1171.69,1206.61,1170.59,1169.93,22.57,14.51,64.82,169.98,1.8726,1.2393,0.837,1.3836,132.64,8476.97,NOMINAL,0.1256,0.0,2408.2
TAXI,813.89,181.51,185.66,171.64,181.6,228.43,236.18,232.8,241.74,14.94,9.48,55.5,151.03,1.3952,0.8262,0.5517,0.9889,20.18,538.49,VIBRATION_FAULT,0.2557,1.28,1840.3
CRUISE,2326.07,326.36,330.28,306.86,323.93,1215.07,1232.02,1221.08,1215.69,22.47,14.85,66.78,184.43,5.5877,3.6277,2.1682,4.0449,131.58,8571.41,VIBRATION_FAULT,0.7691,3.85,717.3
CLIMB,2458.79,350.16,353.51,337.22,351.65,1249.12,1283.77,1242.07,1253.64,24.61,16.76,68.14,177.29,2.3567,1.6346,1.0296,1.7594,93.43,4408.07,NOMINAL,0.1152,0.0,2371.3
TAKEOFF,2718.4,373.49,383.38,372.42,378.24,1373.81,1418.73,1404.97,1408.02,29.55,20.52,73.01,183.48,3.2258,2.1447,1.2348,2.3474,75.3,784.46,NOMINAL,0.0769,0.0,2416.4
TAKEOFF,2690.21,387.35,384.29,377.95,384.83,1370.11,1427.95,1388.11,1406.84,29.77,20.27,69.26,185.06,3.2345,2.2097,1.2125,2.3675,76.11,780.64,NOMINAL,0.1462,0.0,2361.1
CRUISE,2315.86,338.19,337.1,331.03,337.43,1197.31,1207.15,1217.44,1216.41,22.71,15.22,65.1,176.8,3.3222,2.2963,1.3445,2.4575,122.61,8393.53,CRACK,0.4409,2.2,1262.6
CLIMB,2447.48,350.76,359.09,345.5,350.37,1255.49,1292.87,1240.63,1293.22,24.99,16.67,69.01,184.64,4.3401,2.8417,1.7308,3.1574,96.15,4554.43,VIBRATION_FAULT,0.3178,1.59,1690.6
CRUISE,2330.27,313.75,333.0,318.52,316.06,1180.49,1202.83,1178.94,1184.78,22.67,14.42,66.06,172.15,1.8644,1.2761,0.875,1.3988,127.3,8516.88,NOMINAL,0.0534,0.0,2411.5
CLIMB,2477.68,348.27,355.79,350.36,351.51,1225.61,1255.16,1253.82,1277.66,24.5,16.22,67.19,177.31,2.3257,1.5664,0.9313,1.7058,93.93,4454.69,NOMINAL,0.05,0.0,2454.3
CRUISE,2323.89,343.92,344.52,334.47,347.1,1181.72,1201.71,1172.75,1191.37,22.5,14.84,60.81,178.7,2.8612,1.8881,1.2556,2.1078,131.11,8474.61,CORROSION,0.6333,3.17,940.1
TAXI,824.63,179.56,193.71,176.28,183.06,231.75,251.49,226.9,214.57,15.23,9.75,49.04,152.17,1.3367,0.9388,0.6833,1.0222,21.23,453.37,DELAMINATION,0.5853,2.93,933.6
CLIMB,2443.66,356.86,357.94,350.12,349.88,1239.89,1274.26,1239.01,1259.33,25.42,16.26,66.87,179.53,2.4574,1.4974,0.964,1.7521,90.52,4511.92,NOMINAL,0.0656,0.0,2447.1
TAXI,815.38,184.18,186.92,179.48,181.63,275.79,244.64,257.88,281.7,14.7,9.78,55.69,159.25,2.5399,1.6595,0.9532,1.8361,24.03,453.54,VIBRATION_FAULT,0.8302,4.15,654.8
LAND,1007.62,215.0,227.55,215.31,218.39,596.88,626.93,609.03,620.98,15.49,9.36,59.59,163.63,2.0727,1.2821,0.8085,1.4825,38.33,574.85,VIBRATION_FAULT,0.5116,2.56,1179.5
CLIMB,2475.56,346.43,356.43,346.77,348.68,1263.24,1287.76,1252.39,1248.55,24.82,15.89,67.78,177.8,2.4624,1.6658,0.8971,1.7928,95.35,4490.96,NOMINAL,0.0151,0.0,2417.5
CRUISE,2325.96,320.76,323.32,322.55,321.88,1215.34,1221.32,1177.42,1203.56,22.53,14.61,65.48,178.79,4.6532,2.9213,1.9025,3.3569,131.13,8519.91,VIBRATION_FAULT,0.5793,2.9,1205.0
CLIMB,2468.94,355.83,355.75,344.0,345.95,1252.7,1259.98,1232.24,1271.57,24.76,17.08,66.78,174.32,2.3474,1.5814,0.9668,1.7268,95.46,4488.92,NOMINAL,0.0665,0.0,2454.7
CLIMB,2450.17,366.44,371.79,372.14,368.48,1235.16,1270.64,1245.08,1270.41,25.17,17.37,62.63,186.05,3.5519,2.3632,1.399,2.5922,93.77,4464.58,CORROSION,0.5458,2.73,1033.6
TAXI,808.06,185.53,182.67,178.66,181.67,236.87,228.49,210.57,237.61,15.03,8.44,54.83,146.97,0.9774,0.6146,0.3919,0.704,14.53,505.31,NOMINAL,0.1149,0.0,2364.5
CRUISE,2274.98,332.94,327.71,330.57,334.52,1189.34,1212.6,1183.98,1184.27,22.64,14.76,64.61,175.96,2.7429,1.8836,1.1257,2.028,129.96,8518.77,CRACK,0.267,1.33,1635.4
CRUISE,2299.14,321.74,321.93,317.22,325.11,1174.0,1221.65,1159.09,1192.42,21.98,13.9,64.82,169.23,1.841,1.204,0.7917,1.3498,125.2,8425.59,NOMINAL,0.034,0.0,2448.5
TAXI,807.44,183.43,190.63,171.36,179.3,209.47,250.13,200.41,233.68,14.85,8.31,53.92,146.23,0.7003,0.6271,0.3308,0.5753,23.18,513.65,NOMINAL,0.0109,0.0,2471.3
CLIMB,2454.57,345.7,353.14,351.35,354.78,1236.47,1259.44,1240.25,1258.27,25.52,17.22,63.71,189.8,4.3702,2.7834,1.782,3.1634,96.05,4563.59,DELAMINATION,0.6259,3.13,1026.7
TAKEOFF,2699.52,378.46,386.6,376.67,386.89,1400.06,1423.16,1368.15,1396.14,29.71,20.82,67.39,193.82,5.2258,3.5259,2.0967,3.8357,76.08,791.27,DELAMINATION,0.4615,2.31,1400.9
TAKEOFF,2698.88,381.91,386.48,374.17,383.17,1398.1,1424.99,1401.77,1421.9,29.53,19.19,74.71,185.94,3.2302,2.0373,1.1775,2.3073,69.99,786.51,NOMINAL,0.1465,0.0,2370.7
CRUISE,2316.37,318.4,320.84,311.7,317.67,1208.15,1200.79,1197.28,1218.79,21.9,15.42,67.14,183.56,5.0203,3.2624,2.0222,3.6486,130.22,8507.28,VIBRATION_FAULT,0.6503,3.25,927.3
CLIMB,2463.78,355.14,354.16,342.03,356.4,1257.98,1261.13,1235.32,1256.35,25.07,18.25,59.9,194.33,5.3701,3.358,2.2651,3.8835,95.52,4546.26,DELAMINATION,0.8779,4.39,536.0
CRUISE,2282.93,315.7,323.29,311.49,324.84,1182.15,1204.14,1173.16,1187.06,22.11,13.55,63.24,168.03,2.0355,1.1452,0.8339,1.4318,127.36,8445.79,NOMINAL,0.0721,0.0,2392.6
CRUISE,2309.65,319.69,330.15,319.19,316.59,1219.17,1207.83,1222.45,1229.46,22.64,14.96,64.16,186.77,5.9376,3.9062,2.4131,4.3334,125.88,8548.96,VIBRATION_FAULT,0.8327,4.16,682.6
CRUISE,2295.94,316.8,325.0,316.23,323.02,1191.68,1185.55,1154.5,1170.44,22.44,13.74,64.6,170.04,1.7574,1.2017,0.7781,1.3087,130.17,8485.04,NOMINAL,0.0523,0.0,2479.1
CRUISE,2332.25,322.2,329.78,318.11,326.88,1186.88,1172.74,1157.94,1192.84,22.55,14.04,63.66,168.99,1.9198,1.2372,0.7988,1.3969,127.31,8519.44,NOMINAL,0.0479,0.0,2455.6
TAKEOFF,2701.53,384.4,381.74,382.5,379.73,1407.07,1402.12,1413.91,1397.28,29.85,19.94,71.94,185.2,3.1739,2.0392,1.2776,2.2996,74.83,812.95,NOMINAL,0.0739,0.0,2388.0
CRUISE,2296.92,347.81,353.08,356.32,349.17,1219.37,1246.84,1244.46,1222.63,23.14,15.55,66.11,186.43,5.1622,3.3676,2.0116,3.7432,134.13,8498.43,CRACK,0.9478,4.74,363.4
CLIMB,2456.75,383.65,378.79,382.52,383.18,1245.26,1272.48,1238.06,1257.36,24.76,17.96,58.03,197.43,4.5161,2.8123,1.6965,3.224,97.92,4493.36,CORROSION,0.9357,4.68,359.9
TAKEOFF,2684.23,416.49,414.56,413.18,404.42,1454.24,1456.27,1444.7,1464.96,30.08,21.65,70.19,200.07,8.6962,5.6739,3.5429,6.3343,75.82,793.37,CRACK,0.9639,4.82,338.5
CRUISE,2306.28,355.18,351.61,344.47,348.69,1235.4,1223.44,1215.26,1232.17,22.77,15.52,67.09,187.29,5.0771,3.2672,1.9417,3.6616,130.37,8501.66,CRACK,0.9205,4.6,473.6
DESCENT,2096.87,283.31,286.81,276.47,278.91,970.78,981.71,990.13,1028.22,18.05,11.97,59.43,176.56,2.2255,1.4331,0.9553,1.6247,110.96,3244.89,CORROSION,0.5821,2.91,958.8
CRUISE,2302.6,319.57,324.41,314.91,324.36,1177.83,1189.83,1152.34,1179.17,22.77,13.8,67.18,171.13,1.8347,1.1982,0.6546,1.3204,128.9,8577.94,NOMINAL,0.0398,0.0,2425.6
CRUISE,2301.17,321.91,325.94,313.25,321.75,1163.77,1205.14,1157.09,1196.84,22.23,13.95,65.33,169.7,1.9512,1.2619,0.7389,1.4078,128.53,8473.55,NOMINAL,0.1401,0.0,2439.1
TAKEOFF,2692.43,399.55,399.15,392.05,396.83,1425.52,1412.63,1414.02,1430.29,29.72,20.14,71.6,195.99,5.8317,3.6988,2.3597,4.2134,72.23,810.76,CRACK,0.4493,2.25,1128.7
DESCENT,2090.7,285.86,284.5,283.56,288.47,1018.23,1037.23,995.11,1027.87,18.21,12.38,60.36,176.93,3.6461,2.2907,1.3904,2.6124,109.15,3189.87,CRACK,0.7679,3.84,686.7
CRUISE,2306.91,358.93,356.36,361.33,350.83,1190.71,1196.97,1161.77,1163.36,22.38,15.77,55.21,191.17,3.5848,2.2425,1.4322,2.5775,131.72,8480.44,CORROSION,0.9661,4.83,387.1
CRUISE,2295.92,319.5,330.63,315.75,324.68,1174.34,1189.63,1172.57,1178.23,22.6,13.72,65.48,172.22,1.7405,1.2103,0.662,1.2823,129.27,8513.45,NOMINAL,0.0012,0.0,2464.8
CRUISE,2310.03,317.39,322.95,316.04,325.73,1203.47,1193.08,1152.38,1194.15,22.17,14.22,65.53,172.44,1.9843,1.2434,0.7616,1.4217,127.78,8463.71,NOMINAL,0.0939,0.0,2452.2
CRUISE,2307.11,319.92,329.48,314.94,317.91,1186.59,1196.51,1164.76,1184.93,22.5,13.92,65.62,171.33,1.8704,1.355,0.7315,1.3987,130.05,8435.11,NOMINAL,0.0405,0.0,2459.0
LAND,999.4,223.42,231.88,219.88,221.64,582.36,616.28,555.99,599.42,15.28,9.14,57.84,153.42,0.8474,0.5551,0.4076,0.6304,48.35,583.92,NOMINAL,0.0412,0.0,2421.0
CRUISE,2304.31,318.56,321.5,314.91,317.2,1174.23,1193.36,1161.52,1200.93,22.6,13.81,65.39,172.35,1.8336,1.1562,0.7058,1.3162,130.94,8559.59,NOMINAL,0.1146,0.0,2383.9
CRUISE,2286.59,321.96,325.3,305.5,324.66,1194.02,1222.11,1169.98,1197.43,22.21,13.51,66.49,170.98,1.9999,1.2197,0.8785,1.4444,130.78,8469.86,NOMINAL,0.0574,0.0,2453.6
CRUISE,2318.6,319.77,329.8,315.65,318.41,1186.55,1187.86,1163.24,1214.38,22.65,13.75,65.88,168.31,1.7597,1.3005,0.7747,1.3402,129.51,8433.38,NOMINAL,0.0215,0.0,2416.8
TAXI,818.6,180.79,188.05,174.46,178.32,213.26,250.66,206.83,227.57,15.07,8.12,56.64,144.63,0.7575,0.5248,0.2935,0.5584,25.78,472.62,NOMINAL,0.0217,0.0,2491.1
TAXI,801.48,179.82,192.49,182.69,184.76,218.94,247.64,217.25,224.36,14.79,8.04,54.26,145.43,0.8398,0.5259,0.3109,0.5996,26.64,378.83,DELAMINATION,0.0744,0.5,1820.1
LAND,979.2,213.45,222.0,216.93,216.0,581.32,606.43,561.66,579.34,14.96,9.25,60.19,157.2,0.8779,0.5818,0.3943,0.6493,45.37,475.36,NOMINAL,0.1181,0.0,2383.4
CRUISE,2312.86,321.58,329.35,311.05,321.67,1171.98,1215.42,1170.21,1188.09,22.25,13.68,63.65,171.34,1.9478,1.25,0.7996,1.4137,127.99,8426.25,NOMINAL,0.0096,0.0,2399.4
DESCENT,2109.99,261.49,265.74,256.72,266.93,976.52,1006.84,971.71,969.9,17.67,11.19,61.4,163.29,1.5857,0.8853,0.5901,1.1025,107.81,3259.31,NOMINAL,0.1415,0.0,2442.8
DESCENT,2110.18,264.44,269.15,258.77,255.8,994.12,1002.31,965.25,989.06,18.06,11.12,61.57,163.24,1.5408,0.9653,0.5604,1.0985,110.24,3201.71,NOMINAL,0.0899,0.0,2449.9
TAKEOFF,2707.4,379.04,385.3,376.97,383.36,1414.54,1430.57,1387.48,1393.08,29.97,20.26,72.26,186.39,3.1705,1.9843,1.2363,2.2743,67.76,817.75,NOMINAL,0.1452,0.0,2354.2
CRUISE,2290.11,317.24,332.7,315.47,321.04,1183.5,1178.96,1163.23,1179.72,22.23,13.92,65.06,167.74,1.8708,1.2398,0.7826,1.3723,129.32,8513.2,NOMINAL,0.1264,0.0,2371.6
CRUISE,2294.06,321.37,324.16,309.24,323.04,1175.4,1206.16,1168.49,1197.75,23.13,14.38,64.58,170.76,1.9094,1.2511,0.6816,1.3755,132.64,8407.79,NOMINAL,0.1142,0.0,2430.3
CRUISE,2310.42,326.42,327.6,322.59,324.34,1175.51,1205.32,1161.86,1192.06,22.38,13.66,65.4,171.72,2.2698,1.3034,0.8354,1.5863,132.82,8521.18,CRACK,0.0812,0.5,2054.9
CRUISE,2310.27,322.22,325.56,315.46,318.6,1198.94,1222.32,1181.41,1197.83,22.65,14.1,62.88,169.14,1.9656,1.1842,0.7678,1.3971,132.89,8546.92,NOMINAL,0.0394,0.0,2423.8
DESCENT,2120.44,254.43,266.24,254.35,264.39,975.93,1027.02,978.99,978.02,17.33,10.86,62.67,164.53,1.4541,0.9316,0.6415,1.0636,109.17,3182.59,NOMINAL,0.1353,0.0,2381.4
CRUISE,2298.67,334.48,337.31,328.47,332.36,1204.12,1196.11,1173.6,1229.46,22.79,14.78,64.81,172.85,2.9587,1.9753,1.258,2.1785,131.07,8518.25,CRACK,0.322,1.61,1694.1
CLIMB,2447.25,355.06,346.01,345.47,352.87,1227.76,1276.89,1236.42,1248.55,25.25,16.28,68.97,178.34,2.3672,1.4994,0.9243,1.7036,97.2,4546.12,NOMINAL,0.0148,0.0,2446.3
LAND,992.78,248.06,249.92,248.18,250.6,643.95,632.63,639.24,630.21,15.46,9.69,58.77,169.9,2.2785,1.465,0.9566,1.6586,43.56,665.87,CRACK,0.8934,4.47,474.2
DESCENT,2096.28,263.11,266.05,260.03,263.73,964.68,989.04,962.55,987.98,17.93,11.42,62.6,164.24,1.553,0.9047,0.635,1.1005,112.17,3211.02,NOMINAL,0.0568,0.0,2474.6
LAND,1012.57,249.25,251.55,239.82,246.46,579.45,599.83,578.81,591.55,15.52,10.08,50.1,171.51,1.5086,1.0746,0.564,1.1178,42.72,590.9,CORROSION,0.7617,3.81,640.6
TAKEOFF,2690.35,381.3,391.07,381.81,380.97,1387.05,1414.85,1408.54,1422.35,29.9,19.96,73.09,189.07,3.1886,1.9618,1.2287,2.2749,75.16,793.77,NOMINAL,0.0799,0.0,2431.5
DESCENT,2109.35,256.99,265.18,250.67,260.15,999.95,1019.31,976.09,995.29,17.84,11.26,62.2,165.03,1.5645,0.9184,0.7281,1.1286,114.06,3167.52,NOMINAL,0.0576,0.0,2475.4
CLIMB,2451.29,352.45,361.86,350.68,349.5,1238.95,1283.92,1235.37,1257.26,25.17,16.98,66.85,176.44,2.6161,1.6136,1.0022,1.8665,95.19,4501.85,CORROSION,0.1298,0.65,1830.2
DESCENT,2121.01,263.21,265.76,254.92,257.83,970.52,992.62,952.11,985.98,17.93,12.08,57.41,171.26,2.0856,1.309,0.8531,1.5045,110.05,3250.89,DELAMINATION,0.3307,1.65,1299.2
CLIMB,2475.77,348.19,343.67,343.13,354.81,1269.41,1297.21,1293.15,1312.56,25.03,18.09,67.1,192.42,8.2195,5.3617,3.3626,5.9893,91.43,4583.55,VIBRATION_FAULT,0.977,4.88,305.4
CRUISE,2299.19,320.05,328.23,313.69,322.37,1175.98,1217.76,1146.31,1215.74,22.28,13.67,64.64,170.39,1.8709,1.2708,0.7375,1.3735,128.39,8463.02,NOMINAL,0.013,0.0,2435.7
DESCENT,2086.12,258.42,261.37,265.54,262.64,956.12,981.68,952.99,993.51,17.58,10.79,61.7,164.85,1.4557,0.9501,0.5282,1.0489,111.12,3119.94,NOMINAL,0.0374,0.0,2413.6
CRUISE,2295.61,315.1,325.59,314.92,322.65,1182.02,1209.55,1161.98,1179.97,22.3,13.8,65.34,167.51,1.8244,1.238,0.8202,1.3582,127.79,8513.97,NOMINAL,0.0026,0.0,2406.1
CLIMB,2480.63,393.67,381.81,379.54,382.92,1304.98,1317.26,1268.34,1298.03,24.87,17.69,66.2,194.78,6.5803,4.1659,2.614,4.743,96.05,4565.74,CRACK,0.9546,4.77,381.8
LAND,1001.45,245.84,243.3,245.59,240.99,571.77,592.38,556.35,599.05,15.11,9.66,53.11,166.89,1.4308,0.9237,0.5819,1.0391,42.49,580.82,CORROSION,0.6595,3.3,1017.9
CLIMB,2458.81,350.31,355.75,348.75,346.93,1255.31,1259.77,1250.46,1252.11,24.92,16.03,68.44,177.25,2.357,1.5616,0.8765,1.709,93.27,4492.55,NOMINAL,0.1342,0.0,2396.1
DESCENT,2140.92,263.15,258.88,256.78,265.82,962.59,999.26,961.54,979.74,18.33,11.0,61.22,163.38,1.4129,0.9422,0.5702,1.0343,107.03,3198.91,NOMINAL,0.1462,0.0,2394.8
CLIMB,2454.25,349.12,364.23,349.41,348.97,1265.5,1296.93,1235.4,1265.84,25.25,16.16,65.8,178.29,2.3342,1.5469,1.0112,1.7189,96.41,4522.33,NOMINAL,0.1234,0.0,2447.7
CRUISE,2327.07,338.56,336.84,328.37,344.83,1206.56,1217.96,1186.17,1217.26,22.45,14.32,64.59,178.33,3.4671,2.0794,1.2758,2.4476,128.93,8462.56,CRACK,0.4224,2.11,1133.5
CRUISE,2283.75,347.11,345.47,350.6,344.67,1174.06,1187.11,1167.64,1188.17,22.87,15.18,60.25,187.08,3.2317,2.1085,1.2753,2.3464,126.93,8594.34,CORROSION,0.7953,3.98,603.7
CLIMB,2437.27,347.81,354.94,350.35,358.34,1225.02,1287.05,1258.13,1252.56,24.77,16.66,67.23,180.7,2.4393,1.5147,0.9746,1.7507,95.18,4423.19,NOMINAL,0.1488,0.0,2413.7
CLIMB,2464.48,373.71,371.75,371.83,373.08,1240.38,1267.74,1246.38,1255.06,25.13,17.91,62.01,189.41,3.9929,2.6711,1.6376,2.9303,92.33,4547.1,CORROSION,0.7478,3.74,672.1
CLIMB,2457.8,354.01,352.5,345.41,355.05,1234.03,1253.34,1235.16,1256.65,25.01,16.47,66.4,175.09,2.2946,1.5902,1.0076,1.7136,94.78,4528.42,NOMINAL,0.0741,0.0,2445.0
TAKEOFF,2702.12,408.94,405.52,408.71,409.6,1468.58,1446.51,1434.07,1451.26,30.16,21.47,71.79,198.74,7.9818,5.2783,3.205,5.8264,80.02,803.36,CRACK,0.8417,4.21,671.5
DESCENT,2090.13,262.67,270.18,252.52,259.43,972.09,1006.12,972.34,988.81,17.81,11.68,63.17,161.41,1.5685,0.9577,0.5699,1.1109,111.92,3214.04,NOMINAL,0.1183,0.0,2446.2
CRUISE,2309.29,320.31,325.87,314.07,322.58,1163.49,1212.82,1163.16,1181.72,22.45,13.89,66.49,166.88,1.8941,1.33,0.7634,1.407,130.47,8498.87,NOMINAL,0.1001,0.0,2433.0
TAXI,797.7,180.49,187.92,177.55,182.34,230.78,250.14,217.42,242.66,15.54,8.41,56.88,148.49,0.9804,0.66,0.3262,0.7079,25.59,468.28,DELAMINATION,0.1784,0.89,1985.1
CRUISE,2292.89,313.69,326.96,316.0,322.67,1174.94,1190.12,1165.42,1191.67,22.67,13.76,65.95,171.18,1.9416,1.3448,0.672,1.4178,134.88,8473.85,NOMINAL,0.1457,0.0,2367.0
TAXI,783.94,181.85,189.02,177.48,176.83,205.12,229.63,223.27,231.15,14.7,9.12,56.8,143.04,0.7673,0.5028,0.3462,0.5661,25.5,472.75,NOMINAL,0.1477,0.0,2437.1
TAXI,799.41,198.69,208.14,191.09,197.5,261.32,275.4,239.65,283.98,14.59,9.72,55.1,154.77,1.7218,1.0501,0.6063,1.2159,25.29,497.83,CRACK,0.5914,2.96,953.0
TAKEOFF,2695.04,377.33,382.5,382.6,379.74,1399.79,1395.57,1406.07,1406.76,30.08,20.86,69.76,185.33,3.5188,2.2039,1.3941,2.5287,75.26,706.28,CORROSION,0.0865,0.5,1877.7
DESCENT,2085.67,265.41,263.54,253.35,255.7,987.14,998.51,947.14,992.95,18.21,11.34,63.59,163.91,1.6414,0.9752,0.64,1.1626,113.19,3305.98,NOMINAL,0.098,0.0,2431.6
CLIMB,2440.38,344.66,356.44,348.78,353.23,1230.44,1248.73,1238.73,1257.13,24.92,16.42,67.4,178.27,2.4881,1.5039,0.9826,1.7718,95.21,4428.68,NOMINAL,0.1077,0.0,2371.5
TAXI,825.97,177.46,183.86,177.45,181.6,204.86,217.18,185.66,240.2,14.94,9.21,54.37,146.39,0.7071,0.5314,0.3907,0.5583,24.13,456.58,NOMINAL,0.0077,0.0,2483.3
TAXI,788.17,185.79,186.07,180.48,185.76,240.41,222.89,215.73,223.95,15.16,8.18,57.79,143.68,0.8522,0.4429,0.3073,0.5822,27.65,513.89,NOMINAL,0.0131,0.0,2418.6
LAND,1015.72,217.5,226.57,215.94,217.4,614.03,623.27,621.14,636.9,15.67,10.06,58.44,169.76,2.7136,1.8156,1.0062,1.9725,43.88,640.42,VIBRATION_FAULT,0.772,3.86,665.3
CLIMB,2444.26,351.29,355.01,344.79,346.16,1257.19,1275.34,1235.76,1261.79,25.04,16.82,68.27,175.6,2.5526,1.6373,0.9625,1.837,95.39,4511.57,NOMINAL,0.0079,0.0,2421.1
CLIMB,2458.07,353.65,356.79,342.39,354.4,1250.68,1254.86,1250.42,1262.84,24.94,17.12,67.35,176.3,2.4125,1.5507,0.9321,1.741,98.52,4455.11,NOMINAL,0.1328,0.0,2387.0
LAND,1024.65,237.38,243.01,235.26,237.92,585.42,600.02,557.06,605.97,15.61,9.53,53.28,164.46,1.2828,0.8574,0.5114,0.9385,42.92,664.42,CORROSION,0.4966,2.48,1112.8
CLIMB,2457.93,383.11,378.45,382.83,377.97,1307.43,1287.38,1282.23,1291.13,25.08,17.83,68.14,193.91,6.2656,4.0465,2.4324,4.5294,91.51,4467.94,CRACK,0.8958,4.48,423.6
CLIMB,2437.77,346.18,349.63,347.75,351.25,1234.47,1267.66,1231.0,1275.54,24.83,17.67,64.7,185.19,3.8538,2.5359,1.5363,2.8073,92.69,4525.24,DELAMINATION,0.4388,2.19,1377.9
CRUISE,2311.78,323.82,327.1,314.98,320.04,1210.63,1191.51,1208.16,1209.13,22.35,14.37,64.47,178.32,3.7848,2.4164,1.4769,2.7292,130.79,8609.75,VIBRATION_FAULT,0.3916,1.96,1384.8
CRUISE,2292.59,322.64,323.4,315.2,326.78,1179.76,1196.49,1165.16,1182.62,22.43,14.3,65.81,171.5,2.2498,1.2978,0.8649,1.5805,128.23,8579.37,VIBRATION_FAULT,0.0538,0.5,2248.9
LAND,1024.57,218.69,229.25,219.65,224.76,591.74,593.44,615.27,602.71,15.75,9.2,60.52,160.58,1.7182,1.251,0.6042,1.2757,48.02,598.99,VIBRATION_FAULT,0.3601,1.8,1349.3
DESCENT,2100.45,263.27,263.13,256.45,258.41,975.18,1029.49,984.1,997.99,18.09,10.73,61.78,166.66,1.4646,0.9966,0.5498,1.0709,107.28,3291.25,NOMINAL,0.1042,0.0,2411.6
CRUISE,2304.82,326.77,323.55,316.7,322.52,1199.99,1201.37,1151.25,1199.03,22.54,13.74,66.27,169.44,1.9267,1.2437,0.7451,1.3921,127.97,8522.38,NOMINAL,0.0421,0.0,2417.4
CLIMB,2466.83,350.33,349.34,345.96,354.14,1257.66,1258.71,1230.42,1261.96,25.26,16.11,66.49,180.47,2.4974,1.5035,0.9406,1.7684,100.27,4535.21,NOMINAL,0.0487,0.0,2395.7
CRUISE,2296.28,324.38,329.98,318.88,325.48,1196.36,1205.5,1173.97,1197.57,22.8,13.8,65.5,167.58,2.0634,1.4691,0.7949,1.5327,125.92,8462.17,CRACK,0.0544,0.5,1919.7
LAND,1005.13,227.41,234.39,236.07,231.23,576.04,615.1,592.24,620.73,15.4,9.42,58.3,160.88,1.4564,0.9659,0.5997,1.0667,47.3,508.82,CRACK,0.3275,1.64,1506.4
CLIMB,2445.98,347.11,358.06,342.88,352.75,1262.3,1257.55,1221.91,1250.86,24.78,16.51,65.96,180.89,2.2995,1.479,0.9631,1.6736,94.69,4554.85,NOMINAL,0.0815,0.0,2454.1
TAKEOFF,2676.66,380.23,393.54,373.82,382.53,1412.24,1423.84,1375.39,1409.19,29.49,20.83,67.71,199.2,6.4923,4.1825,2.5327,4.6925,72.46,855.89,DELAMINATION,0.703,3.51,906.6
CRUISE,2281.72,315.75,322.95,317.27,320.4,1193.54,1197.8,1195.82,1210.56,22.53,14.55,60.7,179.53,3.527,2.3196,1.4213,2.5717,131.38,8513.1,DELAMINATION,0.641,3.2,908.5
TAKEOFF,2677.68,379.18,383.74,377.91,379.17,1389.8,1422.76,1393.4,1397.44,29.95,20.84,71.43,182.79,3.2044,1.9971,1.2671,2.2994,73.74,827.69,NOMINAL,0.0315,0.0,2446.5
CRUISE,2274.23,351.85,350.28,342.82,346.21,1156.35,1206.45,1157.84,1185.73,22.47,15.5,59.5,182.99,3.1487,2.0908,1.2741,2.3028,129.4,8500.24,CORROSION,0.7578,3.79,707.3
TAXI,799.31,179.92,186.47,172.49,179.2,239.67,229.11,214.11,220.44,14.73,8.47,55.74,144.4,0.6403,0.386,0.3777,0.4836,24.96,524.29,NOMINAL,0.0682,0.0,2459.2
CRUISE,2311.35,321.12,328.59,320.52,320.75,1171.1,1196.73,1183.21,1171.21,22.51,14.24,65.37,171.93,1.7772,1.3002,0.7288,1.3392,124.76,8486.93,NOMINAL,0.0696,0.0,2431.9
TAXI,781.76,213.1,210.81,219.84,212.79,222.74,235.26,222.97,235.82,15.58,10.25,46.87,163.56,1.5549,1.0251,0.616,1.1326,21.64,498.83,CORROSION,0.9581,4.79,414.0
LAND,1001.63,219.76,228.39,222.34,224.18,586.67,585.76,549.48,593.07,15.45,8.94,57.26,157.53,0.8043,0.5732,0.3404,0.6032,47.74,590.76,NOMINAL,0.1174,0.0,2399.6
TAXI,790.53,179.92,185.55,186.11,180.38,218.93,240.62,211.28,242.52,15.68,8.34,55.09,145.69,0.8875,0.6263,0.4258,0.6736,27.19,512.61,DELAMINATION,0.0545,0.5,1845.3
CRUISE,2313.97,318.97,325.33,309.06,330.36,1177.24,1165.11,1170.01,1195.67,22.44,13.73,66.08,171.41,1.9421,1.1891,0.7296,1.3806,129.12,8483.42,NOMINAL,0.0114,0.0,2469.0
DESCENT,2088.6,261.48,274.32,253.25,259.52,978.53,1007.08,974.79,988.58,17.89,11.83,63.36,168.16,1.5601,0.9719,0.6215,1.1202,114.52,3220.55,DELAMINATION,0.0018,0.5,2116.9
CLIMB,2433.89,374.11,377.79,371.09,373.81,1289.23,1280.84,1282.65,1277.43,24.97,17.3,69.05,190.91,5.2539,3.4024,2.1052,3.8128,100.02,4552.97,CRACK,0.6501,3.25,872.6
TAKEOFF,2690.08,382.05,385.79,376.76,376.02,1381.13,1411.51,1395.3,1415.74,30.05,19.89,72.82,187.75,3.2741,2.0025,1.3354,2.3461,75.82,818.17,NOMINAL,0.0273,0.0,2438.7
CRUISE,2297.08,321.28,324.47,316.51,320.94,1155.06,1192.1,1179.47,1196.24,22.44,14.03,64.03,168.74,1.9005,1.2221,0.7223,1.3696,129.83,8455.49,NOMINAL,0.142,0.0,2385.9
CRUISE,2295.53,318.09,328.64,315.5,320.65,1164.06,1208.99,1180.44,1191.94,22.21,14.09,65.77,169.95,1.9705,1.2452,0.7752,1.4183,133.7,8480.33,NOMINAL,0.0569,0.0,2431.5
CLIMB,2457.46,350.0,349.63,351.41,349.45,1242.61,1279.3,1243.14,1273.1,24.46,16.41,68.16,180.34,2.3324,1.5396,0.967,1.7074,96.9,4455.63,NOMINAL,0.0596,0.0,2450.5
DESCENT,2104.5,259.32,266.96,256.74,266.47,977.17,994.37,980.82,1006.8,17.9,11.41,60.98,166.26,1.5736,0.9585,0.6555,1.1291,109.34,3200.96,NOMINAL,0.0286,0.0,2474.7
CRUISE,2291.1,315.73,328.69,321.31,325.0,1165.78,1200.14,1164.29,1179.77,22.52,13.98,64.72,171.78,2.004,1.2156,0.751,1.421,129.38,8520.6,NOMINAL,0.0296,0.0,2477.8
CRUISE,2281.14,315.87,325.12,318.14,319.26,1178.49,1200.62,1186.43,1190.67,22.53,13.82,67.2,171.38,1.8111,1.3249,0.7958,1.3746,130.58,8526.41,NOMINAL,0.0713,0.0,2440.6
DESCENT,2085.12,262.55,265.04,254.65,259.75,979.59,999.87,979.95,1002.29,17.72,11.34,63.48,164.6,1.4864,0.9512,0.6269,1.0812,110.72,3239.19,NOMINAL,0.0032,0.0,2415.4
CRUISE,2292.85,325.49,324.06,314.22,320.62,1174.0,1220.72,1174.26,1195.95,22.03,15.36,58.58,181.57,3.5634,2.3672,1.5246,2.6221,127.6,8471.24,DELAMINATION,0.6465,3.23,1004.4
CRUISE,2301.97,320.03,322.41,314.58,315.11,1179.64,1183.05,1197.63,1196.66,22.56,14.16,64.41,169.74,1.9404,1.1764,0.7942,1.388,135.27,8440.8,NOMINAL,0.0428,0.0,2466.9
CRUISE,2322.56,357.0,345.77,352.83,352.56,1238.62,1234.72,1228.39,1217.53,22.61,15.27,65.82,185.8,4.9697,3.2441,2.0053,3.6168,128.14,8596.75,CRACK,0.8871,4.44,570.8
CRUISE,2309.39,320.94,329.11,313.67,320.84,1183.21,1198.58,1164.57,1193.23,22.86,14.14,66.41,169.7,1.9044,1.2496,0.7378,1.3823,130.63,8562.71,NOMINAL,0.0779,0.0,2411.8
CRUISE,2329.36,318.2,331.34,317.28,318.38,1162.22,1214.69,1161.11,1174.88,22.43,14.0,65.45,170.57,1.8414,1.2351,0.8459,1.3701,127.37,8518.84,NOMINAL,0.1002,0.0,2425.6
TAKEOFF,2725.18,375.47,378.97,376.07,380.5,1392.58,1425.7,1376.89,1416.84,30.01,19.69,73.23,186.39,3.3242,2.0803,1.2383,2.3743,78.14,801.95,NOMINAL,0.0844,0.0,2377.0
LAND,999.69,216.91,225.63,219.28,216.72,575.14,578.63,555.51,582.66,15.43,8.91,58.84,157.49,1.0283,0.6561,0.341,0.7312,45.58,577.51,NOMINAL,0.1019,0.0,2438.2
LAND,1020.5,230.24,238.13,227.68,233.32,592.03,603.36,592.38,584.79,15.37,10.56,56.15,160.94,1.5197,0.962,0.5605,1.0877,47.42,605.98,CRACK,0.3683,1.84,1547.9
CLIMB,2457.05,345.43,362.15,351.31,353.91,1243.01,1255.19,1207.13,1279.39,24.76,16.61,68.24,174.99,2.3516,1.492,0.9997,1.7084,97.09,4490.24,NOMINAL,0.0452,0.0,2424.0
TAXI,825.35,179.15,185.58,181.61,181.8,218.74,227.04,201.07,221.53,14.76,7.88,54.72,142.51,0.8522,0.5068,0.2402,0.589,28.81,482.94,NOMINAL,0.0941,0.0,2392.0
CRUISE,2317.26,320.3,330.82,317.21,323.8,1183.78,1194.89,1163.87,1183.88,22.18,13.92,64.68,171.42,2.0228,1.3843,0.8637,1.5004,133.36,8491.91,CRACK,0.0381,0.5,2242.7
LAND,993.87,215.21,230.58,211.96,218.85,582.71,594.29,585.37,580.79,15.51,8.24,59.48,151.98,1.099,0.578,0.3456,0.7442,44.92,557.04,NOMINAL,0.1319,0.0,2359.8
LAND,1042.39,218.57,224.91,220.5,215.98,626.94,631.19,628.8,627.68,15.42,10.83,58.6,171.34,3.17,2.0293,1.2842,2.2961,44.49,567.69,VIBRATION_FAULT,0.9857,4.93,344.8
CLIMB,2457.79,385.2,374.81,380.25,373.45,1289.37,1302.83,1286.7,1320.84,24.93,17.59,68.04,192.01,6.1403,4.093,2.5337,4.5047,95.39,4524.41,CRACK,0.882,4.41,515.4
CRUISE,2310.02,329.29,334.82,326.1,329.24,1196.23,1208.95,1159.24,1177.11,22.24,14.5,64.47,173.34,2.6131,1.6822,0.8866,1.8658,131.83,8502.25,CRACK,0.1719,0.86,1681.9
LAND,996.24,215.41,226.86,223.62,225.56,555.69,601.5,571.49,578.06,15.2,9.07,58.13,154.14,0.9482,0.712,0.3729,0.7177,45.73,599.14,NOMINAL,0.0163,0.0,2396.2
CLIMB,2445.29,352.87,355.33,347.75,357.25,1258.94,1252.72,1222.01,1275.04,24.97,16.58,67.05,179.11,2.551,1.5691,0.9924,1.8216,98.11,4567.21,NOMINAL,0.088,0.0,2394.8
TAKEOFF,2715.3,386.93,385.71,375.29,382.8,1396.15,1414.66,1392.94,1403.51,30.19,20.04,70.94,183.66,3.423,2.0819,1.3518,2.4412,76.74,683.34,CORROSION,0.0425,0.5,1935.5
TAKEOFF,2693.96,377.38,383.32,373.78,379.65,1391.42,1409.41,1383.43,1421.41,29.52,19.91,71.38,185.0,3.139,2.2045,1.3092,2.34,77.44,809.54,NOMINAL,0.1039,0.0,2374.4
TAXI,793.31,177.14,185.4,181.54,189.7,231.46,236.82,221.44,247.8,15.49,8.46,54.87,143.82,0.7804,0.472,0.3168,0.5574,24.94,465.46,NOMINAL,0.1006,0.0,2411.4
CRUISE,2323.32,340.21,342.8,335.38,337.39,1201.3,1219.57,1206.97,1258.17,22.63,15.29,65.17,179.67,4.2092,2.6237,1.6652,3.0207,131.62,8476.51,CRACK,0.6683,3.34,774.6
CRUISE,2312.53,330.03,330.26,315.41,328.06,1204.35,1188.61,1200.32,1173.5,22.6,14.52,66.76,174.11,2.498,1.6507,0.9755,1.8181,125.03,8490.32,CRACK,0.1825,0.91,1915.0
CRUISE,2297.98,321.67,328.61,316.19,321.68,1198.69,1177.61,1168.51,1167.99,22.05,14.61,61.05,181.21,2.9827,2.0201,1.2038,2.1929,127.0,8429.49,DELAMINATION,0.4147,2.07,1364.5
CLIMB,2460.05,349.36,352.27,347.24,357.57,1249.09,1277.95,1241.7,1263.72,24.8,16.65,66.25,178.65,2.5098,1.6682,0.9079,1.8172,96.1,4471.79,NOMINAL,0.1029,0.0,2391.7
CRUISE,2291.49,320.06,326.3,316.47,316.79,1203.99,1223.17,1173.75,1179.56,22.34,13.72,63.76,168.86,1.9338,1.2427,0.8362,1.4122,126.19,8464.77,NOMINAL,0.1196,0.0,2403.8
CLIMB,2466.39,352.43,359.03,348.05,358.31,1247.6,1276.24,1260.15,1247.72,24.95,16.67,66.97,176.38,2.5624,1.5113,0.9417,1.8015,95.54,4517.15,NOMINAL,0.1109,0.0,2424.8
TAXI,808.34,183.17,189.56,175.98,181.31,204.31,233.73,210.08,243.06,14.72,8.4,52.28,142.11,0.9054,0.4419,0.3254,0.6113,27.57,481.28,NOMINAL,0.0277,0.0,2436.3
TAKEOFF,2697.02,401.83,409.07,397.04,406.68,1427.61,1423.93,1407.57,1460.2,29.75,20.85,71.95,196.2,7.0706,4.5941,2.8459,5.138,76.89,738.84,CRACK,0.6795,3.4,833.0
CRUISE,2290.32,323.97,323.22,320.97,324.34,1171.01,1183.62,1180.78,1176.31,22.47,14.21,65.56,169.63,1.8416,1.2783,0.666,1.3502,130.65,8448.13,NOMINAL,0.1469,0.0,2379.5
TAKEOFF,2691.0,384.05,388.47,373.56,381.21,1386.76,1423.68,1406.82,1395.66,29.85,20.2,70.5,183.18,3.0553,2.1137,1.262,2.2653,73.19,882.57,NOMINAL,0.0053,0.0,2439.5
CLIMB,2429.62,347.13,354.11,343.52,352.88,1260.53,1266.64,1241.88,1278.73,24.83,16.77,71.03,181.27,2.5303,1.6037,1.0176,1.8266,93.79,4496.75,NOMINAL,0.0536,0.0,2478.8
TAKEOFF,2701.76,378.16,386.22,371.17,380.13,1415.79,1420.34,1404.02,1402.73,29.74,20.16,71.77,182.49,3.2453,2.0209,1.2795,2.3276,69.67,774.06,NOMINAL,0.056,0.0,2384.1
CLIMB,2471.17,356.88,357.8,350.48,350.62,1257.84,1275.24,1226.7,1262.36,24.93,16.61,67.36,175.38,2.4014,1.6098,1.0015,1.7665,90.56,4507.3,NOMINAL,0.0409,0.0,2426.0
LAND,1010.38,215.06,221.99,218.06,220.78,594.08,601.68,557.26,578.65,15.03,9.01,57.86,156.65,0.9206,0.5919,0.4008,0.6729,44.76,586.71,NOMINAL,0.04,0.0,2393.1
CRUISE,2300.76,318.66,326.64,320.12,326.09,1184.7,1205.51,1168.52,1182.98,22.61,14.27,61.61,174.09,2.4847,1.6261,1.1479,1.8381,132.81,8490.39,DELAMINATION,0.2692,1.35,1385.2
DESCENT,2107.94,260.91,263.53,254.87,260.63,990.2,997.02,949.06,984.61,17.8,10.76,61.09,161.11,1.4255,0.9868,0.6227,1.0636,111.26,3238.29,NOMINAL,0.1019,0.0,2429.4
CRUISE,2306.56,317.08,326.93,322.38,317.32,1180.07,1210.47,1165.63,1194.95,22.73,13.91,63.73,169.82,1.8124,1.202,0.7821,1.3343,130.45,8539.91,NOMINAL,0.0283,0.0,2414.5
TAXI,788.04,182.2,186.84,175.33,183.19,211.55,208.65,220.51,237.79,15.18,8.23,54.74,141.89,0.8092,0.4038,0.3253,0.5549,23.24,494.1,NOMINAL,0.0931,0.0,2398.7
CLIMB,2457.45,347.59,355.37,351.62,348.68,1241.12,1257.27,1235.19,1281.96,24.86,16.51,68.24,179.55,3.0138,1.9578,1.1909,2.1859,94.43,4538.39,VIBRATION_FAULT,0.0894,0.5,1754.3
CLIMB,2445.1,354.07,353.07,343.9,352.61,1249.32,1263.45,1243.6,1254.32,25.26,17.97,61.78,193.31,5.511,3.476,2.276,3.9847,100.73,4488.47,DELAMINATION,0.9294,4.65,451.5
LAND,996.7,224.71,233.0,224.19,233.12,598.36,624.11,610.32,628.21,15.24,9.49,58.96,160.17,1.4728,0.9664,0.5557,1.0664,48.2,609.4,CRACK,0.3394,1.7,1327.3
TAXI,813.82,180.26,186.27,173.04,185.13,206.38,211.5,199.49,234.16,15.28,8.54,54.79,145.29,1.0288,0.535,0.2989,0.6914,24.74,491.7,NOMINAL,0.0679,0.0,2465.0
CRUISE,2290.53,354.75,344.28,357.83,356.66,1245.24,1223.22,1224.34,1222.63,22.61,15.34,64.45,185.19,4.9533,3.3915,2.044,3.6613,130.21,8492.75,CRACK,0.8909,4.45,456.8
DESCENT,2101.09,260.41,264.1,257.58,262.44,973.62,1007.88,965.84,977.43,17.56,11.63,62.15,165.15,1.4965,1.0481,0.6071,1.1115,113.87,3205.83,NOMINAL,0.0717,0.0,2468.0
DESCENT,2103.78,258.23,265.1,254.92,257.65,990.53,992.65,957.58,1041.59,17.71,11.17,59.24,167.26,1.4774,1.024,0.5528,1.0858,105.96,3170.16,NOMINAL,0.0674,0.0,2413.2
DESCENT,2096.15,263.82,263.35,259.77,262.44,1001.03,989.86,967.28,982.14,18.25,11.38,59.96,166.25,1.3809,0.9203,0.6373,1.0263,106.86,3185.14,NOMINAL,0.07,0.0,2403.9
DESCENT,2115.68,279.11,285.93,285.17,285.8,978.09,995.39,977.89,992.57,18.27,12.24,56.19,173.89,2.3862,1.4891,0.8704,1.6999,107.84,3228.12,CORROSION,0.6701,3.35,1018.5
CRUISE,2308.08,319.87,323.59,314.44,324.7,1179.69,1167.47,1163.76,1196.38,22.55,13.85,63.25,168.41,2.2271,1.4563,0.8666,1.6157,129.12,8456.74,DELAMINATION,0.1064,0.53,1737.8
CRUISE,2314.02,320.18,324.18,317.51,324.73,1166.11,1197.17,1171.18,1195.78,22.41,15.41,57.31,188.34,4.0232,2.672,1.6016,2.9378,130.24,8456.83,DELAMINATION,0.817,4.08,593.6
DESCENT,2100.98,259.78,263.54,247.09,265.71,981.73,977.12,945.04,986.14,17.98,11.23,63.2,163.18,1.6558,1.104,0.6867,1.2154,112.23,3204.68,DELAMINATION,0.0661,0.5,1720.0
DESCENT,2095.17,257.4,267.3,257.62,259.53,983.0,997.03,970.28,1005.04,18.11,11.31,60.94,163.66,1.5385,0.8797,0.5822,1.077,108.09,3194.31,NOMINAL,0.0347,0.0,2411.5
TAXI,812.5,202.36,202.48,198.75,201.74,208.15,243.64,220.28,211.7,15.2,9.96,47.92,159.59,1.2083,0.7937,0.5417,0.8913,26.27,495.78,CORROSION,0.6626,3.31,832.6
CLIMB,2440.49,349.11,356.88,349.74,352.68,1247.89,1258.12,1229.07,1262.6,25.07,16.43,69.09,178.11,2.3611,1.5207,0.9239,1.7069,96.2,4475.15,NOMINAL,0.0499,0.0,2481.2
CRUISE,2298.0,319.81,334.27,311.43,324.83,1170.78,1214.2,1159.62,1202.43,22.56,13.6,65.24,170.93,1.947,1.2208,0.8897,1.4228,134.87,8513.53,NOMINAL,0.0829,0.0,2434.2
CLIMB,2440.09,348.1,349.04,338.44,352.05,1269.11,1249.39,1235.44,1259.78,25.09,16.35,66.68,179.16,2.2437,1.5829,0.9198,1.6719,95.61,4546.42,NOMINAL,0.0058,0.0,2468.1
TAKEOFF,2694.95,387.97,385.55,375.39,381.7,1416.23,1410.34,1397.52,1400.89,29.59,20.21,73.46,184.31,3.1688,2.1181,1.2795,2.3212,76.7,734.99,NOMINAL,0.1098,0.0,2411.1
TAKEOFF,2700.96,382.12,381.64,378.12,385.68,1395.89,1407.67,1398.67,1430.63,29.84,19.84,71.99,183.5,3.2573,2.077,1.2336,2.3413,75.5,773.78,NOMINAL,0.1432,0.0,2382.2
CLIMB,2482.44,348.36,360.45,343.39,350.48,1295.72,1307.37,1292.16,1290.33,24.94,17.54,67.6,192.38,7.38,4.734,2.9864,5.3477,94.94,4465.84,VIBRATION_FAULT,0.8245,4.12,533.9
LAND,994.48,224.96,224.91,214.41,225.36,586.05,607.05,561.24,592.64,15.15,8.22,57.29,155.08,1.092,0.66,0.3053,0.7575,47.19,546.18,NOMINAL,0.1438,0.0,2350.4
CRUISE,2293.11,323.57,324.04,322.12,320.0,1190.65,1199.39,1176.15,1177.91,22.04,13.72,64.52,169.64,1.8613,1.1068,0.7281,1.319,130.1,8490.27,NOMINAL,0.1121,0.0,2443.5
CLIMB,2447.06,348.57,351.63,345.36,345.05,1241.85,1272.04,1242.94,1260.16,25.06,16.69,68.13,180.12,2.2303,1.6095,0.8513,1.6623,93.43,4529.22,NOMINAL,0.0781,0.0,2451.0
CRUISE,2310.17,319.73,323.73,317.34,324.03,1177.66,1205.84,1186.74,1165.03,22.8,14.43,65.54,169.44,1.7753,1.2375,0.7399,1.3204,126.52,8473.73,NOMINAL,0.0695,0.0,2375.4
CRUISE,2296.93,316.79,324.47,308.84,320.88,1184.47,1192.68,1169.24,1186.47,22.01,14.02,64.06,167.62,1.9543,1.2512,0.7294,1.4043,129.61,8506.42,NOMINAL,0.0695,0.0,2433.7
CLIMB,2468.79,358.46,361.53,349.44,360.35,1254.78,1262.26,1257.63,1284.18,25.18,17.49,67.09,180.44,3.1187,2.0198,1.3455,2.2815,92.23,4478.1,CRACK,0.1827,0.91,1792.3
DESCENT,2079.62,259.3,266.27,256.49,268.57,988.92,983.95,969.3,989.22,18.47,11.07,62.16,165.48,1.4144,0.8835,0.5887,1.0211,111.67,3147.48,NOMINAL,0.0173,0.0,2487.6
CRUISE,2304.91,322.35,328.74,315.65,323.4,1182.25,1167.12,1150.0,1181.11,22.51,14.08,65.78,171.21,1.9149,1.2645,0.8367,1.4102,131.03,8498.66,NOMINAL,0.0462,0.0,2397.6
CRUISE,2280.33,320.73,320.94,315.13,328.34,1180.04,1198.17,1163.19,1208.06,22.61,13.86,66.78,170.33,1.8668,1.1097,0.7669,1.3297,128.87,8487.41,NOMINAL,0.0999,0.0,2433.0
CRUISE,2308.02,319.23,316.42,315.48,322.42,1173.46,1215.41,1189.5,1193.45,22.61,13.65,63.61,168.82,2.06,1.2021,0.8259,1.4572,128.19,8461.51,NOMINAL,0.0874,0.0,2449.0
TAKEOFF,2691.29,385.47,385.81,375.3,382.09,1410.98,1418.3,1391.67,1422.21,29.53,19.85,72.13,183.73,3.1814,2.0138,1.2369,2.2881,77.78,785.32,NOMINAL,0.0024,0.0,2484.1
CLIMB,2434.51,347.54,355.6,348.24,351.7,1237.91,1261.5,1230.78,1252.07,24.91,16.77,68.81,180.87,2.3285,1.493,0.9415,1.687,97.92,4415.81,NOMINAL,0.0444,0.0,2479.2
CRUISE,2307.43,321.72,335.81,322.25,324.89,1174.18,1193.49,1181.79,1204.25,22.29,14.69,55.92,187.59,4.2963,2.7229,1.6912,3.0948,134.46,8580.56,DELAMINATION,0.86,4.3,552.5
LAND,990.7,222.28,225.54,213.13,225.95,586.64,601.09,566.07,595.49,15.41,9.63,60.74,153.53,0.8792,0.5311,0.2662,0.6126,49.27,594.01,NOMINAL,0.0162,0.0,2458.7
CRUISE,2331.28,323.75,329.14,311.49,318.19,1229.32,1216.93,1195.56,1207.38,22.73,15.4,65.15,181.85,5.4697,3.549,2.1679,3.967,131.71,8480.8,VIBRATION_FAULT,0.7526,3.76,796.7
DESCENT,2106.92,254.43,260.97,261.54,262.63,986.73,1002.65,981.05,1003.58,17.78,11.35,60.31,163.04,1.4757,0.873,0.5611,1.0416,104.57,3199.2,NOMINAL,0.0653,0.0,2425.0
DESCENT,2111.72,259.82,262.15,256.59,267.43,962.87,986.71,966.75,985.79,18.1,10.91,61.36,165.09,1.5069,1.1312,0.6392,1.1488,106.15,3159.38,NOMINAL,0.082,0.0,2384.1
TAXI,787.17,195.85,198.74,186.05,192.95,236.54,232.83,253.07,249.79,15.6,9.75,55.19,152.77,1.3047,0.969,0.5447,0.9896,23.94,469.29,CRACK,0.3942,1.97,1558.4
CRUISE,2321.53,321.77,327.66,320.25,324.82,1216.31,1227.09,1195.53,1236.34,22.44,15.0,64.43,180.81,5.1075,3.2977,2.0572,3.7056,132.08,8499.09,VIBRATION_FAULT,0.689,3.45,918.8
DESCENT,2111.99,262.87,267.46,254.81,260.8,979.64,1014.54,981.41,972.69,18.06,11.04,58.35,170.79,2.3627,1.4416,0.8509,1.6718,108.75,3199.69,DELAMINATION,0.3896,1.95,1418.3
CLIMB,2463.23,347.44,361.18,346.02,354.77,1255.33,1276.24,1238.91,1254.38,25.48,16.49,66.68,180.64,2.3751,1.4566,0.9188,1.6938,90.1,4468.87,NOMINAL,0.0013,0.0,2444.0
CRUISE,2298.34,323.9,319.6,326.29,318.91,1177.01,1196.08,1165.77,1181.94,22.72,14.34,66.15,170.16,1.8529,1.2239,0.7557,1.3542,127.55,8507.13,NOMINAL,0.0744,0.0,2424.2
CRUISE,2310.63,317.7,324.55,317.81,318.53,1185.19,1210.61,1169.96,1200.42,22.18,14.13,64.45,170.69,2.0265,1.0559,0.729,1.3848,124.27,8450.76,NOMINAL,0.1133,0.0,2447.9
LAND,1009.69,233.58,236.64,223.24,234.57,571.87,603.37,556.98,587.83,15.48,9.37,54.51,161.77,1.0461,0.8502,0.4229,0.8157,40.11,597.12,CORROSION,0.31,1.55,1356.0
CLIMB,2455.54,372.57,374.88,372.37,368.93,1290.28,1298.05,1283.89,1296.05,24.72,17.34,67.62,193.82,5.6918,3.6703,2.3403,4.137,96.27,4525.44,CRACK,0.7405,3.7,672.8
DESCENT,2119.78,285.72,284.25,283.84,285.89,1005.74,1015.07,1006.84,1009.76,17.85,12.52,62.95,175.65,3.5009,2.2553,1.443,2.5446,109.33,3150.42,CRACK,0.7319,3.66,707.3
CLIMB,2456.23,350.65,351.5,341.27,352.76,1270.38,1283.54,1234.48,1262.54,25.23,16.46,66.39,172.92,2.4145,1.5481,0.8747,1.7312,91.43,4489.5,NOMINAL,0.054,0.0,2389.4
DESCENT,2117.03,257.03,271.27,261.66,263.03,968.83,999.43,942.5,982.95,18.07,11.92,58.26,172.34,2.2605,1.6068,1.0092,1.7039,111.78,3189.29,DELAMINATION,0.4009,2.0,1544.3
LAND,1002.21,216.49,229.7,214.43,218.98,591.36,588.54,569.51,605.4,15.8,9.28,54.56,158.67,1.4131,0.8497,0.4764,0.9909,41.85,524.0,DELAMINATION,0.2538,1.27,1700.0
CRUISE,2313.61,314.82,332.99,318.58,317.61,1189.43,1189.8,1151.97,1199.39,22.22,13.6,65.58,169.81,1.9809,1.217,0.7405,1.4087,124.91,8520.09,NOMINAL,0.0684,0.0,2389.2
CRUISE,2312.68,321.16,323.44,314.55,323.92,1184.47,1218.58,1189.88,1191.58,22.52,13.91,64.88,173.54,2.3402,1.5274,0.895,1.6941,128.59,8524.54,VIBRATION_FAULT,0.1018,0.51,1686.3
CRUISE,2313.45,319.52,322.52,319.37,318.61,1164.38,1185.52,1160.67,1167.32,22.07,14.23,64.79,169.7,1.8955,1.2688,0.719,1.3808,131.4,8504.51,NOMINAL,0.147,0.0,2375.4
TAKEOFF,2688.35,381.68,389.55,376.99,385.11,1414.79,1415.3,1389.97,1418.03,29.51,20.41,73.64,183.67,3.4296,2.1277,1.2724,2.4432,69.81,796.33,NOMINAL,0.0781,0.0,2429.9
LAND,984.27,217.69,228.38,218.07,225.3,581.42,597.62,574.14,591.13,15.12,10.57,52.09,171.55,1.8961,1.3539,0.7803,1.4186,47.08,621.86,DELAMINATION,0.8774,4.39,476.6
TAXI,785.7,193.73,202.63,192.59,197.38,220.95,237.74,193.35,228.13,15.37,8.75,50.75,152.72,1.1446,0.8219,0.4177,0.8485,24.38,533.26,CORROSION,0.3868,1.93,1306.1
LAND,986.13,219.53,231.33,213.49,216.98,567.96,604.38,573.15,605.25,15.77,8.89,58.78,153.65,0.9551,0.5785,0.4025,0.6853,46.05,581.07,NOMINAL,0.0719,0.0,2437.4
TAKEOFF,2702.22,377.14,385.46,379.81,386.11,1405.74,1434.36,1372.82,1425.57,29.46,20.1,71.02,186.33,3.0747,1.9741,1.2473,2.2291,73.19,777.16,NOMINAL,0.0052,0.0,2419.7
CLIMB,2452.77,353.09,358.03,342.86,350.18,1261.93,1246.69,1243.84,1257.86,24.81,17.15,66.06,183.63,3.9322,2.503,1.59,2.8435,93.44,4506.42,DELAMINATION,0.485,2.43,1325.1
TAKEOFF,2707.38,397.55,400.79,389.66,395.31,1420.05,1428.08,1410.83,1440.2,29.79,20.86,69.97,189.95,5.7158,3.8627,2.417,4.2203,77.46,784.23,CRACK,0.4499,2.25,1101.3
TAXI,831.29,184.42,192.49,171.97,182.71,253.51,271.2,253.49,251.64,15.3,9.41,54.96,158.48,2.4303,1.5112,0.9137,1.7345,26.81,464.63,VIBRATION_FAULT,0.7477,3.74,853.2
CRUISE,2304.37,322.38,322.83,313.89,320.87,1207.95,1189.02,1171.9,1185.76,22.27,14.21,63.31,172.6,1.8169,1.1951,0.7886,1.3355,131.88,8509.33,NOMINAL,0.1227,0.0,2427.4
CRUISE,2328.94,320.47,321.49,314.84,324.65,1193.95,1194.29,1166.58,1196.78,22.27,14.1,65.34,170.96,1.8969,1.1411,0.7714,1.3534,127.81,8569.04,NOMINAL,0.0684,0.0,2377.1
TAKEOFF,2689.74,371.92,388.57,373.99,382.95,1393.53,1398.77,1390.53,1425.47,29.79,19.79,71.82,185.92,3.1839,2.0141,1.381,2.3166,71.22,890.98,NOMINAL,0.096,0.0,2373.4
CRUISE,2315.95,322.16,325.67,318.55,321.52,1153.59,1177.47,1167.74,1186.19,22.48,13.9,63.65,167.51,1.8323,1.2803,0.7191,1.3557,132.61,8458.53,NOMINAL,0.0896,0.0,2429.6
DESCENT,2106.99,260.88,266.49,255.72,260.01,993.16,999.03,974.89,992.4,17.89,11.92,63.48,164.03,1.6642,1.0306,0.5454,1.1732,112.2,3216.65,NOMINAL,0.0236,0.0,2403.2
CRUISE,2283.76,317.01,332.98,318.28,323.89,1181.29,1186.94,1150.56,1201.95,22.92,14.2,64.41,169.26,1.9555,1.228,0.7521,1.4021,128.65,8473.47,NOMINAL,0.0794,0.0,2446.7
CRUISE,2312.78,318.15,325.58,317.95,320.99,1171.14,1201.44,1194.38,1199.45,22.31,13.89,64.43,168.14,1.948,1.2154,0.7759,1.3993,123.46,8527.6,NOMINAL,0.084,0.0,2369.3
LAND,992.9,216.48,221.32,212.78,220.5,590.66,592.68,579.79,593.51,15.95,8.65,58.5,157.25,0.9504,0.5748,0.3356,0.6699,40.14,590.42,NOMINAL,0.1363,0.0,2417.9
TAKEOFF,2700.62,374.54,382.53,377.36,377.57,1399.46,1401.18,1394.32,1417.89,30.11,21.84,65.06,198.17,7.2683,4.7518,2.9133,5.2882,79.16,851.91,DELAMINATION,0.9081,4.54,532.5
CRUISE,2287.99,320.66,321.58,315.37,319.62,1180.17,1193.84,1172.78,1190.32,22.66,14.16,64.95,173.4,2.6814,1.6638,1.0501,1.9202,130.59,8464.76,VIBRATION_FAULT,0.1597,0.8,1959.9
LAND,1002.42,218.97,225.47,209.77,222.25,581.45,601.16,585.31,580.88,15.62,8.9,58.55,154.44,0.9611,0.5412,0.3365,0.6658,44.54,590.82,NOMINAL,0.0482,0.0,2404.8
DESCENT,2097.5,263.7,262.27,255.55,261.77,964.3,998.54,969.39,997.17,18.12,11.66,58.93,174.31,2.6344,1.7732,1.1157,1.9433,108.82,3198.23,DELAMINATION,0.5632,2.82,998.9
CRUISE,2310.98,314.42,325.93,314.26,322.45,1155.18,1182.79,1173.38,1188.4,22.88,14.18,63.84,171.29,2.0367,1.2307,0.7801,1.4458,132.06,8493.33,NOMINAL,0.0653,0.0,2421.7
CLIMB,2436.8,368.0,370.94,369.27,373.4,1267.53,1301.08,1285.97,1299.01,24.92,16.76,69.92,188.09,5.1344,3.3073,2.0872,3.7263,94.87,4502.75,CRACK,0.6197,3.1,1105.1
CRUISE,2299.15,336.79,343.12,332.22,331.81,1188.77,1207.38,1197.32,1214.25,22.78,14.17,65.27,178.71,3.3897,2.0282,1.3188,2.4044,132.03,8467.5,CRACK,0.4221,2.11,1378.5
CLIMB,2442.24,345.4,359.32,357.68,346.33,1262.24,1265.95,1241.81,1259.28,25.55,17.58,60.22,194.02,5.4096,3.5668,2.1703,3.9453,95.56,4482.33,DELAMINATION,0.8822,4.41,463.5
CRUISE,2288.21,325.46,322.57,314.62,316.45,1177.98,1203.2,1157.12,1168.17,22.41,13.95,64.72,172.85,1.9268,1.2504,0.7765,1.3999,130.81,8482.27,NOMINAL,0.1249,0.0,2395.0
CRUISE,2300.54,317.35,326.62,311.52,324.51,1176.93,1211.54,1174.21,1194.73,22.3,14.02,65.91,170.21,1.7914,1.2941,0.7978,1.3565,126.25,8505.03,NOMINAL,0.0012,0.0,2406.9
DESCENT,2084.1,256.24,265.62,259.26,258.19,967.04,994.36,976.25,1011.05,18.02,11.0,61.04,167.47,1.399,0.9866,0.6659,1.0605,109.6,3156.76,NOMINAL,0.1218,0.0,2441.6
TAXI,805.64,182.03,187.81,177.04,184.37,236.19,228.6,204.81,239.53,15.18,8.12,55.4,144.12,0.9696,0.5796,0.378,0.6877,25.1,512.42,NOMINAL,0.1434,0.0,2359.1
TAXI,789.06,187.48,187.39,171.37,185.37,251.48,219.57,215.2,216.53,15.49,7.86,55.09,145.8,0.6892,0.5466,0.2968,0.536,29.31,443.05,NOMINAL,0.0519,0.0,2435.0
LAND,1015.52,224.61,225.12,215.84,225.18,586.26,596.59,558.0,594.38,15.22,8.99,59.33,153.51,0.8666,0.5472,0.4127,0.6379,45.14,585.36,NOMINAL,0.1094,0.0,2434.3
DESCENT,2110.06,256.18,271.02,256.84,261.45,979.84,1018.52,951.85,974.74,18.24,10.92,61.11,164.2,1.59,1.0236,0.5929,1.1442,111.0,3215.05,NOMINAL,0.0652,0.0,2446.9
CLIMB,2441.96,350.05,357.89,342.6,349.03,1238.95,1233.24,1237.22,1288.05,24.87,16.35,67.56,178.56,2.4705,1.5099,0.9831,1.7654,94.79,4511.96,NOMINAL,0.0627,0.0,2378.0
TAKEOFF,2693.69,381.62,385.51,378.77,381.22,1412.13,1394.45,1391.88,1394.52,30.08,20.06,71.59,183.51,3.2531,2.1141,1.2659,2.3562,76.66,808.82,NOMINAL,0.0986,0.0,2371.9
TAXI,802.82,182.74,192.34,176.99,182.99,233.58,228.36,208.87,227.67,15.28,8.64,57.11,148.62,0.7812,0.608,0.3964,0.6156,25.21,479.36,VIBRATION_FAULT,0.0512,0.5,2120.6
LAND,987.48,223.42,227.64,213.75,219.33,570.45,612.21,575.07,601.47,15.55,8.6,57.05,156.93,0.9357,0.5691,0.3611,0.6658,47.5,622.53,NOMINAL,0.1191,0.0,2427.7
TAXI,796.55,179.82,184.1,171.31,185.34,226.88,234.81,204.14,213.34,15.47,8.88,54.89,145.59,0.7209,0.5251,0.2856,0.5407,23.29,488.46,NOMINAL,0.0063,0.0,2461.4
TAXI,793.6,182.21,186.68,173.27,189.37,252.36,237.81,196.1,226.99,14.92,8.62,55.69,146.77,0.832,0.5337,0.2696,0.5915,21.94,419.17,NOMINAL,0.0833,0.0,2377.5
CRUISE,2313.82,322.93,324.71,322.51,318.68,1168.05,1207.2,1184.87,1211.51,22.75,14.22,65.98,169.5,1.8359,1.2515,0.6752,1.3407,129.23,8478.77,NOMINAL,0.1406,0.0,2369.0
TAXI,817.84,215.23,209.65,213.95,205.08,275.01,261.4,256.18,287.72,15.3,9.83,56.22,164.29,2.0513,1.3425,0.8931,1.5064,25.77,425.55,CRACK,0.9245,4.62,434.3
CRUISE,2310.82,323.97,326.2,324.88,331.88,1185.38,1197.26,1163.96,1188.17,22.87,14.1,66.04,171.25,1.9485,1.3003,0.8014,1.4294,131.19,8573.8,NOMINAL,0.0167,0.0,2437.1
TAKEOFF,2680.39,391.74,396.43,392.3,390.35,1433.48,1410.96,1374.34,1417.27,29.77,21.12,67.6,190.68,4.1644,2.6243,1.57,2.983,78.62,766.42,CORROSION,0.3121,1.56,1421.7
CRUISE,2304.25,328.5,337.27,321.34,328.39,1200.95,1195.96,1176.62,1198.27,22.41,14.54,60.9,176.28,2.4354,1.7341,0.9548,1.812,131.28,8489.06,CORROSION,0.3361,1.68,1370.9
CRUISE,2316.85,321.74,323.1,314.79,321.93,1209.4,1228.79,1169.75,1204.2,22.34,14.37,65.32,177.27,3.7141,2.4022,1.5446,2.705,127.27,8472.21,VIBRATION_FAULT,0.4008,2.0,1390.2
DESCENT,2126.79,259.36,270.19,253.06,259.72,1000.3,989.66,965.39,982.06,18.28,10.84,63.57,165.44,1.5149,0.9715,0.6625,1.1072,109.45,3171.56,NOMINAL,0.116,0.0,2414.1
LAND,1004.16,225.02,220.92,217.96,222.36,577.56,594.63,581.36,567.66,15.62,8.37,57.71,154.91,1.0293,0.553,0.3627,0.7064,41.93,620.23,NOMINAL,0.0961,0.0,2425.6
CRUISE,2297.19,323.97,331.33,321.24,326.03,1204.91,1203.46,1173.64,1211.92,22.22,14.28,64.94,172.4,1.9945,1.2251,0.6998,1.4105,133.37,8481.07,NOMINAL,0.0341,0.0,2473.4
CRUISE,2326.91,323.56,327.35,313.37,315.42,1232.88,1224.25,1223.65,1228.52,22.39,15.52,63.96,186.33,6.1724,4.0713,2.4583,4.4988,127.02,8526.99,VIBRATION_FAULT,0.8925,4.46,550.5
LAND,994.0,219.35,230.52,218.28,218.15,598.15,610.73,573.0,562.19,15.29,8.8,59.99,157.39,0.8228,0.4842,0.3509,0.5872,45.35,550.35,NOMINAL,0.0311,0.0,2425.9
CRUISE,2333.92,318.81,322.46,313.52,323.02,1174.3,1196.44,1167.48,1227.77,22.68,13.71,64.79,171.45,1.9866,1.1387,0.6891,1.3806,131.17,8474.49,NOMINAL,0.0198,0.0,2432.6
TAXI,776.68,178.15,181.94,177.97,189.18,223.46,243.29,217.76,246.18,15.05,8.48,56.14,143.3,0.6793,0.4921,0.3828,0.5323,25.35,481.35,NOMINAL,0.1355,0.0,2382.1
DESCENT,2087.71,260.5,268.23,247.4,258.43,1000.14,993.97,987.9,974.7,17.87,11.27,61.62,167.28,1.4905,1.0177,0.5454,1.0886,110.66,3187.45,NOMINAL,0.0129,0.0,2429.6
TAKEOFF,2705.07,379.25,386.38,378.94,387.05,1414.9,1409.01,1371.87,1385.86,29.96,19.94,73.27,183.14,3.2357,1.9738,1.3052,2.3144,75.98,756.02,NOMINAL,0.1146,0.0,2393.2
LAND,1008.26,248.39,240.98,237.88,236.58,608.74,604.34,609.81,603.54,15.92,9.17,57.63,163.83,1.646,1.1421,0.6675,1.2192,48.51,567.51,CRACK,0.5157,2.58,1124.9
LAND,1008.5,215.03,227.47,214.9,220.84,585.25,612.83,589.41,585.12,14.79,8.89,55.82,156.63,0.9036,0.6546,0.3475,0.6747,42.09,554.41,CRACK,0.0466,0.5,2279.9
CLIMB,2456.55,356.22,361.85,340.41,347.28,1255.77,1255.18,1245.43,1239.48,24.98,16.78,66.14,177.79,2.3896,1.5964,0.9266,1.7433,91.43,4399.03,NOMINAL,0.0884,0.0,2402.4
CRUISE,2299.71,319.82,327.49,319.38,314.94,1158.64,1174.89,1163.85,1192.18,22.75,13.13,63.39,170.24,1.9204,1.223,0.7037,1.3758,128.25,8494.52,NOMINAL,0.1285,0.0,2410.7
CLIMB,2439.03,345.42,354.19,348.63,351.92,1263.23,1279.39,1229.0,1261.62,25.27,16.36,68.29,176.38,2.382,1.5445,0.9914,1.7361,94.04,4508.62,NOMINAL,0.0339,0.0,2474.4
CRUISE,2322.06,322.65,333.48,328.01,328.68,1169.16,1197.37,1156.39,1183.97,22.6,14.28,63.62,171.52,2.1956,1.4957,0.814,1.6042,126.68,8487.78,CORROSION,0.2014,1.01,1869.5
TAXI,771.26,189.33,198.5,187.73,185.29,249.13,231.44,178.79,239.74,15.0,9.47,53.67,153.78,0.9137,0.7254,0.3585,0.7046,25.86,506.9,CORROSION,0.2749,1.37,1643.8
CRUISE,2298.9,335.09,337.16,329.18,328.76,1182.44,1189.9,1153.24,1199.97,22.34,14.0,62.11,176.24,2.5135,1.6332,0.9571,1.8167,129.0,8541.57,CORROSION,0.3617,1.81,1361.7
DESCENT,2107.02,291.13,289.49,294.25,286.59,983.68,978.04,972.33,982.08,17.9,12.43,52.3,177.94,2.7546,1.7536,1.1482,1.9984,106.58,3234.05,CORROSION,0.8801,4.4,569.0
CRUISE,2289.47,324.65,328.76,317.52,327.52,1191.3,1212.16,1158.27,1189.56,22.47,14.68,65.86,170.53,2.2124,1.4447,0.8594,1.6042,126.84,8528.22,CORROSION,0.16,0.8,1711.1
DESCENT,2117.06,264.97,265.92,257.46,259.54,960.52,1001.01,950.4,1015.12,18.28,11.15,65.2,163.87,1.4686,0.9507,0.5968,1.0672,109.22,3218.26,NOMINAL,0.1274,0.0,2397.3
TAKEOFF,2687.01,376.97,393.44,372.78,383.83,1393.56,1405.79,1388.77,1399.57,29.93,20.06,73.6,182.65,3.2221,2.1022,1.2302,2.332,73.34,743.06,NOMINAL,0.0058,0.0,2449.9
CLIMB,2459.68,349.54,355.69,341.46,344.64,1254.1,1260.07,1216.39,1253.47,25.06,18.03,60.72,193.66,5.604,3.6105,2.1788,4.0492,92.21,4507.85,DELAMINATION,0.9394,4.7,442.5
DESCENT,2149.88,261.01,266.55,257.91,264.63,994.58,1021.55,1016.77,1038.49,18.01,11.98,62.2,174.86,3.921,2.4959,1.5155,2.8226,112.78,3153.86,VIBRATION_FAULT,0.6121,3.06,862.0
TAKEOFF,2675.14,412.76,414.78,409.91,407.78,1388.52,1403.19,1395.98,1419.82,30.03,21.44,63.46,199.8,5.822,3.6909,2.3045,4.1964,72.46,772.13,CORROSION,0.8938,4.47,496.3
TAKEOFF,2710.21,383.67,388.35,380.95,377.38,1398.9,1418.91,1411.42,1407.15,30.0,20.61,72.16,184.16,3.1694,1.9773,1.257,2.2756,71.45,831.29,NOMINAL,0.0413,0.0,2393.7
TAKEOFF,2681.25,381.37,389.98,378.55,380.31,1409.17,1418.12,1382.51,1405.64,29.91,19.63,71.4,185.67,3.159,2.0025,1.2354,2.2742,75.43,819.31,NOMINAL,0.1195,0.0,2386.5
DESCENT,2109.04,258.19,260.95,257.95,262.63,990.62,991.59,967.93,968.39,18.49,10.8,61.03,163.14,1.5165,0.9241,0.6539,1.0926,110.79,3140.39,NOMINAL,0.0845,0.0,2391.8
CRUISE,2304.78,322.31,322.49,319.23,319.99,1194.2,1179.04,1159.2,1187.5,22.25,13.99,64.58,169.62,1.8677,1.1576,0.7589,1.3421,129.69,8459.64,NOMINAL,0.0496,0.0,2423.3
DESCENT,2135.74,257.17,257.92,262.1,262.59,1023.08,1028.95,1019.24,1012.08,17.74,12.05,62.66,176.75,4.2812,2.8237,1.7478,3.1282,109.88,3180.55,VIBRATION_FAULT,0.7743,3.87,799.8
LAND,1000.59,224.07,227.92,212.66,219.04,569.23,595.71,564.65,597.14,15.46,9.82,51.57,166.75,1.6538,1.0667,0.6445,1.1956,48.78,552.81,DELAMINATION,0.6286,3.14,951.6
LAND,971.96,226.02,224.71,219.9,226.71,573.18,598.35,570.22,612.8,15.45,8.78,56.32,153.39,0.86,0.6631,0.4547,0.6797,46.25,614.04,NOMINAL,0.0299,0.0,2466.8
DESCENT,2094.54,262.29,264.32,264.64,264.34,991.8,988.89,979.58,999.72,18.39,10.54,61.06,165.61,1.5293,0.9723,0.5236,1.0891,110.49,3212.34,NOMINAL,0.0943,0.0,2464.4
CRUISE,2311.31,319.46,321.62,320.91,326.71,1179.52,1208.5,1149.71,1188.27,22.07,14.34,63.2,169.26,1.9173,1.2844,0.7864,1.4076,132.86,8532.16,NOMINAL,0.0421,0.0,2446.3
CRUISE,2318.88,318.23,332.88,317.24,319.51,1166.15,1206.83,1160.32,1186.73,22.54,14.32,65.92,173.81,2.3095,1.4878,1.0265,1.6932,128.71,8523.39,DELAMINATION,0.1721,0.86,1990.8
CRUISE,2309.81,321.07,324.41,317.73,319.72,1166.04,1204.98,1173.57,1194.34,22.49,13.98,63.7,166.65,1.971,1.2875,0.7475,1.4261,133.68,8520.0,NOMINAL,0.1192,0.0,2388.0
CRUISE,2284.94,319.83,323.02,314.71,321.76,1179.47,1185.12,1168.82,1180.1,22.8,15.69,57.65,186.62,4.4945,2.9558,1.7758,3.2706,126.02,8528.76,DELAMINATION,0.9707,4.85,408.8
DESCENT,2090.89,263.36,270.02,256.99,260.61,975.5,993.26,962.71,985.75,18.08,12.8,56.63,179.35,3.3057,2.2384,1.3006,2.4242,107.1,3162.29,DELAMINATION,0.8884,4.44,431.9
LAND,998.47,220.96,221.81,219.76,225.05,574.37,589.75,579.5,587.29,15.33,9.4,54.5,164.83,1.5216,0.9885,0.5863,1.1009,45.36,584.34,DELAMINATION,0.4728,2.36,1342.5
CRUISE,2300.51,318.71,323.64,308.3,329.3,1206.35,1205.53,1155.58,1222.82,22.15,14.12,62.94,166.09,1.9186,1.2565,0.7659,1.396,133.73,8498.08,NOMINAL,0.1387,0.0,2423.2
DESCENT,2096.95,283.7,281.47,279.86,284.73,1017.8,999.64,992.73,1011.73,18.05,11.88,60.3,171.78,3.3941,2.1098,1.2187,2.4122,112.58,3259.74,CRACK,0.6397,3.2,1062.1
CRUISE,2307.59,341.57,338.0,348.65,345.46,1213.03,1236.62,1202.73,1224.2,22.51,15.36,65.41,184.47,4.5004,2.9236,1.8301,3.2736,128.75,8466.86,CRACK,0.7698,3.85,651.7
LAND,994.5,224.29,223.59,217.12,223.43,578.92,593.34,554.48,597.53,15.78,9.1,58.45,151.44,0.9616,0.5785,0.3304,0.6754,46.64,609.04,NOMINAL,0.1142,0.0,2395.1
DESCENT,2107.34,255.32,264.24,248.32,263.47,987.74,988.77,954.88,1001.44,17.82,11.39,61.98,164.05,1.5464,0.9769,0.6747,1.1256,108.16,3147.01,NOMINAL,0.0316,0.0,2390.9
CRUISE,2314.55,334.86,339.58,328.05,340.71,1195.69,1217.09,1193.54,1193.6,22.71,14.4,64.38,180.12,3.4539,2.385,1.3633,2.548,127.08,8501.86,CRACK,0.4771,2.39,1225.8
DESCENT,2095.6,258.94,261.59,250.43,261.15,998.96,1000.62,959.8,965.55,17.91,11.07,62.46,164.54,1.5505,1.0211,0.5965,1.1258,109.86,3201.37,NOMINAL,0.0972,0.0,2405.7
CLIMB,2440.61,349.98,354.48,346.1,350.91,1224.17,1269.15,1264.69,1243.97,25.27,16.62,66.9,175.58,2.421,1.5817,0.8846,1.746,97.32,4480.22,NOMINAL,0.1114,0.0,2448.4
LAND,1010.75,242.39,253.72,241.21,248.4,574.01,598.62,566.5,595.6,15.76,9.72,51.04,164.58,1.5127,0.9637,0.6048,1.0928,44.75,630.36,CORROSION,0.7386,3.69,827.7
TAKEOFF,2700.8,376.64,383.6,379.22,384.88,1410.56,1417.16,1363.11,1391.55,29.73,19.7,73.37,184.15,3.4485,2.3599,1.4397,2.5517,75.87,808.84,VIBRATION_FAULT,0.0338,0.5,2164.7
CLIMB,2457.69,352.31,352.6,349.21,351.7,1251.0,1252.21,1222.58,1242.54,25.6,17.18,65.96,175.27,2.359,1.6264,0.9913,1.7505,100.42,4487.82,NOMINAL,0.1373,0.0,2395.0
TAXI,801.28,187.42,186.42,172.28,180.98,228.71,245.2,214.55,209.61,14.81,8.46,55.54,143.5,0.9195,0.5524,0.2941,0.6422,31.95,481.38,NOMINAL,0.0015,0.0,2484.1
TAKEOFF,2708.85,383.06,388.33,374.41,380.43,1407.36,1420.59,1378.38,1385.71,29.7,20.26,72.59,182.27,3.267,2.1911,1.2624,2.3852,74.49,779.07,NOMINAL,0.0772,0.0,2388.8
CRUISE,2296.7,324.04,327.7,322.58,328.68,1189.31,1198.79,1183.22,1185.34,22.61,13.99,65.26,170.01,2.3242,1.3737,0.8854,1.6404,126.31,8546.5,CRACK,0.0963,0.5,1826.7
CRUISE,2306.14,325.52,327.35,313.32,319.58,1175.75,1189.27,1177.12,1200.15,22.81,13.87,66.39,173.03,1.7939,1.2058,0.7546,1.3218,132.06,8553.61,NOMINAL,0.1278,0.0,2409.7
CLIMB,2459.58,352.01,358.72,348.77,350.51,1246.81,1263.85,1240.7,1234.43,25.12,17.02,68.24,177.78,2.4059,1.5918,1.0172,1.7661,94.83,4493.32,NOMINAL,0.1112,0.0,2407.3
TAKEOFF,2685.58,378.08,389.07,379.57,383.62,1414.57,1398.2,1407.54,1399.81,29.88,19.9,72.37,185.03,3.291,2.2279,1.3241,2.4185,74.7,861.31,NOMINAL,0.0021,0.0,2456.4
CLIMB,2441.13,352.44,355.99,345.52,356.93,1244.64,1280.33,1234.71,1256.97,24.81,16.06,67.21,174.8,2.4205,1.5411,1.0142,1.7571,93.19,4489.69,NOMINAL,0.0286,0.0,2422.6
CRUISE,2307.04,318.99,324.18,320.66,327.13,1169.36,1218.59,1166.92,1199.39,22.96,13.95,65.31,171.3,2.0264,1.2362,0.8005,1.4463,128.06,8440.74,NOMINAL,0.0825,0.0,2447.2
CLIMB,2442.67,346.89,354.54,349.21,348.88,1248.47,1263.41,1242.25,1282.09,24.84,16.6,67.98,177.16,2.404,1.6692,0.9565,1.7777,94.83,4484.85,NOMINAL,0.1339,0.0,2434.2
CRUISE,2311.68,325.59,331.46,323.87,324.0,1216.22,1218.93,1206.29,1229.23,22.5,14.89,65.67,180.12,4.9932,3.1639,1.9849,3.6001,128.0,8498.26,VIBRATION_FAULT,0.6246,3.12,876.5
TAKEOFF,2705.81,385.51,393.64,386.77,392.83,1413.23,1441.52,1417.53,1449.96,29.24,20.96,72.95,190.07,4.9041,3.1957,1.9822,3.568,73.65,735.85,CRACK,0.2994,1.5,1440.2
TAXI,807.71,175.78,187.39,177.93,181.54,220.55,246.37,201.02,233.71,15.11,8.97,55.65,143.12,0.9454,0.5801,0.2597,0.6577,21.18,450.88,NOMINAL,0.096,0.0,2408.0
TAKEOFF,2715.47,379.09,386.39,379.94,375.38,1424.35,1453.02,1421.72,1431.14,29.6,21.19,71.42,193.99,7.6972,4.8694,3.1168,5.558,75.42,800.98,VIBRATION_FAULT,0.5485,2.74,1112.8
LAND,994.12,221.5,234.09,218.31,221.34,583.07,594.16,565.79,588.66,15.62,9.25,59.57,158.34,0.9644,0.607,0.4175,0.7007,47.5,591.68,DELAMINATION,0.1207,0.6,1609.8
TAKEOFF,2699.68,398.16,392.36,393.66,388.87,1403.2,1428.81,1368.46,1382.46,30.01,20.86,67.36,192.92,4.353,2.8468,1.7451,3.1675,71.67,836.04,CORROSION,0.4154,2.08,1347.6
TAKEOFF,2696.7,378.22,392.04,379.2,384.66,1426.52,1422.23,1383.97,1392.72,29.63,20.15,73.12,183.82,3.3267,1.9876,1.2612,2.3529,76.01,805.25,NOMINAL,0.1101,0.0,2396.5
LAND,996.39,217.11,233.61,215.73,223.52,577.46,617.1,567.87,593.93,15.28,9.33,58.26,158.23,0.8519,0.5585,0.3336,0.6189,44.29,626.82,NOMINAL,0.1373,0.0,2350.0
TAXI,790.63,176.89,187.64,177.05,185.02,224.65,240.16,201.3,218.88,15.35,8.42,55.48,144.99,0.6365,0.549,0.2887,0.5131,27.16,425.65,NOMINAL,0.0487,0.0,2477.0
CLIMB,2455.65,347.51,353.98,348.4,351.29,1248.41,1278.19,1240.27,1265.38,24.84,16.7,68.13,178.77,2.4291,1.6278,0.9852,1.7815,92.1,4476.22,NOMINAL,0.1016,0.0,2370.7
CRUISE,2284.1,316.53,329.83,322.88,316.21,1183.1,1198.57,1180.14,1195.96,22.71,13.32,64.99,168.37,1.8296,1.1614,0.7714,1.3281,130.83,8525.24,NOMINAL,0.13,0.0,2372.7
CRUISE,2302.63,317.6,327.86,313.7,319.97,1172.08,1189.22,1167.98,1192.87,22.32,13.65,65.6,170.7,1.9572,1.1724,0.7187,1.381,132.06,8535.84,NOMINAL,0.0553,0.0,2464.4
CLIMB,2459.58,352.5,356.28,343.63,348.92,1242.61,1257.34,1240.72,1269.15,25.2,16.23,67.28,177.0,2.4815,1.4799,0.9599,1.7578,92.81,4492.34,NOMINAL,0.0441,0.0,2451.7
DESCENT,2101.56,261.69,266.93,251.75,266.57,977.61,1008.11,963.8,996.79,18.25,11.81,60.27,168.57,1.875,1.2177,0.8509,1.3811,107.94,3232.17,DELAMINATION,0.2322,1.16,1904.5
CLIMB,2454.69,375.49,374.93,376.22,384.4,1308.74,1298.01,1304.22,1286.8,24.91,18.24,70.52,194.6,5.9224,4.0132,2.4064,4.3578,96.81,4503.96,CRACK,0.8448,4.22,584.6
DESCENT,2084.9,254.13,260.17,258.08,265.37,948.65,1012.65,972.21,1009.41,17.76,11.29,62.34,163.61,1.3985,1.0309,0.6115,1.0634,110.98,3254.51,NOMINAL,0.0837,0.0,2370.2
CRUISE,2283.09,348.58,352.97,347.06,346.13,1191.62,1198.16,1160.44,1179.66,22.49,15.03,59.53,183.36,3.3218,2.1699,1.3514,2.42,133.92,8445.9,CORROSION,0.8184,4.09,568.3
LAND,986.96,220.91,224.53,220.91,220.01,577.42,593.44,557.94,571.41,15.29,10.03,52.03,170.66,1.9781,1.2552,0.7975,1.4288,46.31,555.95,DELAMINATION,0.7889,3.94,682.5
LAND,1004.29,219.29,229.47,217.19,225.06,595.08,593.25,562.66,603.88,15.31,8.77,57.42,153.22,0.9398,0.5689,0.3136,0.6596,47.31,547.02,NOMINAL,0.0058,0.0,2400.9
TAXI,826.14,181.5,182.92,176.56,183.24,236.36,257.68,216.26,228.45,15.04,9.36,56.03,150.5,1.7839,1.0886,0.5892,1.2536,25.76,550.89,VIBRATION_FAULT,0.4332,2.17,1488.6
TAXI,818.38,183.42,191.05,176.14,179.39,268.61,276.2,234.38,259.89,15.38,9.77,54.65,155.72,2.3085,1.4242,0.8642,1.6436,23.53,491.94,VIBRATION_FAULT,0.6914,3.46,879.3
CLIMB,2438.18,353.35,355.5,343.24,352.46,1246.42,1269.33,1241.83,1250.2,24.86,16.28,67.15,176.87,2.3768,1.5235,0.968,1.7231,94.22,4471.74,NOMINAL,0.0719,0.0,2429.9
CLIMB,2445.63,353.35,355.76,340.7,352.34,1244.57,1274.85,1220.45,1274.53,25.11,16.44,66.15,175.37,2.4548,1.6082,1.0121,1.7923,99.17,4529.97,NOMINAL,0.0168,0.0,2432.3
CRUISE,2281.5,322.19,325.29,313.83,319.9,1170.46,1195.97,1150.7,1173.78,22.22,13.81,64.44,166.31,1.8588,1.1845,0.7991,1.3536,127.75,8540.16,NOMINAL,0.0067,0.0,2438.2
CRUISE,2288.43,323.25,328.26,323.23,324.46,1189.23,1219.29,1165.3,1178.59,22.34,14.69,65.83,171.62,2.416,1.6442,1.0047,1.7842,131.56,8453.79,CRACK,0.1753,0.88,1971.4
CRUISE,2298.98,319.0,323.07,313.43,323.98,1170.81,1196.52,1173.84,1211.03,22.57,14.22,65.32,169.63,1.8821,1.228,0.653,1.3512,129.18,8517.53,NOMINAL,0.1,0.0,2389.5
CLIMB,2459.01,349.54,358.93,347.97,355.96,1276.66,1293.09,1256.35,1257.21,24.94,17.31,68.31,181.08,3.6436,2.332,1.5209,2.6475,93.87,4460.69,VIBRATION_FAULT,0.2145,1.07,1649.8
CRUISE,2285.26,324.86,326.16,308.15,324.53,1167.87,1205.15,1174.06,1191.65,22.19,13.63,64.94,168.31,1.9975,1.2289,0.7098,1.4147,132.5,8423.57,NOMINAL,0.1369,0.0,2353.8
CLIMB,2441.91,346.06,356.27,348.98,359.01,1259.14,1264.77,1251.38,1246.45,24.87,16.79,67.21,178.1,2.3439,1.5471,0.9565,1.7129,96.18,4506.63,NOMINAL,0.0244,0.0,2489.8
CLIMB,2447.6,378.36,377.19,370.0,379.04,1279.85,1287.98,1286.67,1292.95,25.14,17.76,69.95,197.63,6.1393,3.9557,2.3774,4.4344,99.57,4471.04,CRACK,0.8713,4.36,454.1
LAND,996.08,218.33,228.89,206.39,221.34,588.62,589.72,575.06,591.07,15.32,8.26,58.49,155.57,0.8407,0.6306,0.3357,0.637,47.59,612.12,NOMINAL,0.0373,0.0,2429.3
DESCENT,2100.64,259.16,271.65,256.75,264.74,996.85,1014.07,966.96,1015.55,17.87,11.6,61.1,166.55,1.4229,1.0121,0.5573,1.0582,107.41,3161.35,NOMINAL,0.0755,0.0,2390.6
DESCENT,2094.19,289.81,288.25,287.74,295.35,1013.49,1019.15,1011.46,1015.66,18.08,12.43,61.8,181.42,4.0176,2.6025,1.657,2.9246,108.33,3176.31,CRACK,0.9239,4.62,468.9
LAND,982.2,214.48,225.51,220.85,227.2,566.59,592.83,569.95,593.65,15.26,9.31,57.32,155.66,0.8737,0.5655,0.3978,0.6433,47.46,627.23,NOMINAL,0.0173,0.0,2465.4
CLIMB,2439.23,353.3,352.83,352.89,350.57,1260.31,1267.46,1219.71,1248.19,24.81,16.29,68.22,173.62,2.4155,1.4415,0.9779,1.7194,93.0,4505.38,NOMINAL,0.0874,0.0,2429.6
CLIMB,2466.82,355.0,351.65,344.82,353.6,1250.97,1261.09,1219.31,1270.52,24.87,16.01,67.95,177.38,2.3593,1.5676,0.9494,1.7248,97.8,4463.47,NOMINAL,0.0598,0.0,2401.3
CLIMB,2458.78,348.77,354.13,344.65,345.91,1258.2,1283.86,1236.38,1285.11,25.68,16.77,67.2,176.46,2.4619,1.6232,0.9272,1.7847,92.1,4431.57,NOMINAL,0.0779,0.0,2434.3
TAKEOFF,2663.19,377.71,384.83,374.76,372.96,1395.91,1433.84,1382.41,1401.9,29.61,20.15,70.17,182.96,3.2898,2.1203,1.2529,2.3726,76.22,763.21,NOMINAL,0.1204,0.0,2361.7
CLIMB,2438.81,346.67,350.51,345.67,358.97,1226.03,1288.23,1205.42,1265.99,24.54,16.65,67.02,179.29,2.3356,1.5896,0.9492,1.7207,98.02,4492.23,NOMINAL,0.147,0.0,2382.1
LAND,1000.43,213.92,222.57,218.73,216.56,571.12,590.63,565.14,585.43,15.51,9.57,51.13,171.29,1.9286,1.2114,0.7572,1.3857,45.64,597.16,DELAMINATION,0.7277,3.64,836.6
CLIMB,2462.93,348.4,353.13,344.36,350.56,1256.76,1262.19,1247.79,1250.76,24.98,16.15,66.39,178.59,2.4055,1.53,0.9117,1.728,92.0,4512.73,NOMINAL,0.1031,0.0,2390.3
CRUISE,2338.58,316.99,327.46,317.65,320.08,1192.71,1193.8,1194.55,1231.38,22.3,15.22,64.05,181.37,4.9319,3.2398,1.9323,3.5849,128.32,8419.66,VIBRATION_FAULT,0.6299,3.15,1044.7
LAND,997.04,214.92,225.37,218.49,219.8,566.61,628.15,572.46,608.38,15.4,9.33,59.09,155.92,0.8017,0.5409,0.3825,0.6004,44.13,614.9,NOMINAL,0.0743,0.0,2392.2
TAKEOFF,2687.9,378.8,385.25,372.84,379.75,1403.36,1426.49,1391.01,1416.08,29.82,20.11,68.74,186.71,3.854,2.4737,1.6231,2.8052,75.69,796.34,DELAMINATION,0.1481,0.74,1890.8
CRUISE,2303.86,315.98,322.66,320.98,326.54,1187.8,1202.68,1153.35,1180.3,22.83,13.85,64.04,169.66,1.9462,1.2225,0.7511,1.396,124.55,8497.17,NOMINAL,0.0587,0.0,2393.9
DESCENT,2124.84,257.47,264.29,253.65,259.56,986.44,994.7,991.33,992.97,17.78,10.9,64.0,165.4,1.6044,0.9792,0.6008,1.1393,113.35,3214.91,NOMINAL,0.1333,0.0,2434.7
DESCENT,2110.46,259.74,264.06,263.53,260.95,970.52,1011.65,976.14,982.05,17.98,12.85,54.51,183.84,3.5325,2.3456,1.3978,2.5777,108.39,3242.12,DELAMINATION,0.9681,4.84,409.6
CRUISE,2314.69,318.0,327.86,324.12,321.44,1165.52,1207.86,1148.02,1176.83,22.5,13.99,65.23,173.97,1.9068,1.2004,0.7279,1.3671,128.86,8451.45,NOMINAL,0.0069,0.0,2477.4
LAND,1005.6,254.23,253.31,245.73,249.3,622.01,645.95,639.45,625.29,15.25,10.19,57.62,171.01,2.4517,1.5466,0.9178,1.7555,43.35,542.56,CRACK,0.8978,4.49,518.5
LAND,987.33,220.19,229.99,216.2,227.75,583.03,621.61,592.59,579.23,15.34,8.66,55.95,155.84,0.9349,0.5965,0.2988,0.6631,48.97,524.78,NOMINAL,0.1442,0.0,2381.1
CLIMB,2486.53,347.85,356.19,346.45,356.12,1282.18,1304.24,1307.07,1290.12,24.99,17.89,66.06,195.36,8.0408,5.298,3.204,5.8592,96.09,4558.89,VIBRATION_FAULT,0.9354,4.68,386.7
CLIMB,2451.46,349.31,355.68,344.52,349.06,1261.21,1267.76,1264.95,1247.52,25.5,16.59,68.02,176.02,2.347,1.6355,0.8267,1.7192,90.51,4435.52,NOMINAL,0.0011,0.0,2433.7
DESCENT,2093.92,258.35,266.45,259.57,258.45,990.27,999.94,977.18,987.05,18.05,11.23,62.11,170.94,2.2342,1.4813,0.8761,1.6282,112.83,3127.91,VIBRATION_FAULT,0.1735,0.87,1706.8
CLIMB,2431.9,345.25,355.57,346.48,355.06,1246.79,1265.81,1248.65,1249.2,25.03,17.12,65.18,184.89,3.3283,2.3017,1.343,2.4616,93.9,4441.57,DELAMINATION,0.2967,1.48,1457.4
CLIMB,2450.53,352.1,356.98,334.81,348.35,1263.65,1251.88,1236.55,1246.85,25.33,16.26,68.83,176.7,2.2059,1.5883,0.864,1.6467,92.72,4574.64,NOMINAL,0.0484,0.0,2431.8
CRUISE,2284.23,318.52,331.61,316.73,317.02,1184.88,1177.46,1145.48,1199.19,22.31,14.47,63.73,172.21,2.0313,1.2443,0.7449,1.441,128.5,8478.49,NOMINAL,0.0135,0.0,2436.1
CLIMB,2450.36,348.41,351.74,341.44,350.01,1245.29,1281.87,1246.02,1278.48,25.17,16.02,66.22,176.09,2.3718,1.5134,0.9946,1.7229,97.95,4451.67,NOMINAL,0.1382,0.0,2448.2
DESCENT,2080.29,267.56,268.26,256.11,269.16,994.94,990.9,978.45,1003.83,18.21,11.66,60.45,165.98,1.7013,0.9969,0.5956,1.1893,110.28,3136.68,CORROSION,0.0516,0.5,1829.3
CRUISE,2315.2,314.33,328.97,313.45,318.3,1180.31,1201.59,1169.1,1194.08,22.67,13.4,65.16,167.54,1.7985,1.169,0.6614,1.296,129.97,8429.31,NOMINAL,0.0001,0.0,2423.9
CRUISE,2285.75,322.73,326.2,315.74,317.42,1181.45,1208.38,1158.73,1195.57,22.54,13.8,64.94,168.12,1.9685,1.1732,0.7301,1.3886,132.26,8479.06,NOMINAL,0.0998,0.0,2404.9
TAKEOFF,2707.32,383.48,387.81,376.8,385.2,1404.16,1417.36,1390.24,1413.99,29.88,20.21,70.82,184.63,3.0987,2.0958,1.2972,2.2859,78.3,812.01,NOMINAL,0.095,0.0,2449.1
TAKEOFF,2701.84,383.34,393.09,380.04,380.16,1391.04,1425.56,1385.43,1392.25,30.45,20.15,73.5,184.4,3.1975,2.0891,1.2664,2.3232,73.1,887.9,NOMINAL,0.1164,0.0,2385.4
LAND,1001.22,214.96,223.04,216.37,223.89,549.72,618.59,560.09,587.31,15.88,9.31,57.26,156.91,0.9127,0.7443,0.3263,0.7056,49.12,576.59,NOMINAL,0.0836,0.0,2425.7
TAXI,780.31,176.74,184.88,175.11,185.21,229.86,237.57,187.15,204.38,15.07,8.25,54.29,147.92,0.7514,0.4681,0.3198,0.5434,23.7,523.88,NOMINAL,0.0221,0.0,2421.0
CRUISE,2308.37,338.35,332.23,326.65,331.21,1206.12,1223.54,1202.69,1211.66,22.73,15.07,64.63,179.49,3.5422,2.3309,1.421,2.582,130.66,8475.82,CRACK,0.4712,2.36,1082.4
CRUISE,2287.17,321.61,322.87,316.47,321.22,1174.05,1215.42,1188.62,1187.16,22.75,13.55,63.58,170.18,1.8694,1.2931,0.7963,1.3905,129.88,8594.69,CRACK,0.016,0.5,2265.6
CRUISE,2323.4,315.09,327.0,318.61,325.44,1176.27,1206.92,1155.42,1210.05,22.46,13.85,64.23,170.54,1.7736,1.2881,0.7301,1.3339,133.26,8450.3,NOMINAL,0.1024,0.0,2366.8
CRUISE,2285.18,318.4,330.08,323.32,316.32,1171.14,1177.21,1161.42,1182.35,22.2,14.5,66.38,170.44,1.8912,1.2886,0.7099,1.3833,130.6,8475.79,NOMINAL,0.1246,0.0,2407.3
CRUISE,2309.03,322.62,323.56,311.65,320.65,1171.63,1198.77,1187.44,1197.94,22.69,14.0,68.17,170.21,1.958,1.3009,0.7574,1.426,130.52,8477.21,NOMINAL,0.065,0.0,2464.3
DESCENT,2113.97,262.41,269.19,255.87,265.32,978.17,978.4,989.99,987.55,18.26,11.85,54.74,173.93,2.4102,1.7077,1.0116,1.8027,113.05,3209.33,DELAMINATION,0.5036,2.52,1246.4
CLIMB,2431.28,351.98,351.92,350.59,355.61,1251.51,1256.77,1254.23,1270.9,25.06,16.46,66.88,179.54,2.5004,1.7337,1.0984,1.8676,99.27,4486.25,CORROSION,0.0873,0.5,1987.0
CRUISE,2313.04,318.08,323.43,318.86,317.15,1174.65,1175.63,1157.91,1182.11,22.31,13.87,62.53,168.19,2.0076,1.2529,0.7344,1.4306,128.36,8530.61,NOMINAL,0.0469,0.0,2468.7
CRUISE,2291.69,322.4,328.05,319.6,322.5,1161.89,1183.05,1173.69,1191.22,22.21,13.9,67.28,171.68,2.0199,1.1642,0.8435,1.4314,128.7,8562.89,NOMINAL,0.0561,0.0,2390.8
CRUISE,2307.0,316.43,325.55,318.73,322.38,1175.79,1200.81,1151.63,1202.55,21.98,13.99,65.91,170.15,1.8625,1.301,0.7256,1.3769,134.21,8491.6,NOMINAL,0.1407,0.0,2356.4
CLIMB,2451.52,350.34,358.0,341.71,354.15,1237.17,1273.09,1242.71,1251.01,25.42,16.77,67.22,180.95,3.4978,2.0845,1.3524,2.4772,92.71,4519.29,VIBRATION_FAULT,0.1498,0.75,1741.3
TAXI,782.31,185.95,179.29,177.15,182.21,218.42,238.44,214.26,235.54,15.16,9.52,50.42,154.86,1.4954,0.983,0.6135,1.0923,22.44,517.05,DELAMINATION,0.5382,2.69,1184.3
TAXI,809.51,197.22,200.2,188.46,199.21,243.31,251.12,231.93,273.41,14.53,8.95,57.86,156.76,1.6234,1.039,0.6103,1.1673,21.81,514.71,CRACK,0.5548,2.77,1008.1
DESCENT,2109.3,262.91,265.45,248.45,257.71,995.43,981.79,976.4,977.75,17.72,11.75,64.24,165.29,1.4612,1.0369,0.521,1.0773,113.03,3280.82,NOMINAL,0.0474,0.0,2461.6
CRUISE,2298.32,316.61,322.01,320.04,321.73,1178.96,1199.51,1144.57,1189.74,22.5,14.45,65.99,167.81,1.8685,1.2978,0.6949,1.3734,134.24,8498.38,NOMINAL,0.1151,0.0,2435.0
DESCENT,2118.44,262.07,262.62,258.47,265.29,992.98,1001.38,970.05,978.82,18.33,11.4,63.19,161.61,1.5765,0.9765,0.6414,1.1329,107.01,3272.53,NOMINAL,0.0495,0.0,2403.4
CLIMB,2447.54,356.48,357.04,352.6,351.75,1236.65,1271.55,1236.4,1252.75,25.31,16.26,69.43,179.61,2.6537,1.8191,1.1142,1.9658,94.62,4474.81,DELAMINATION,0.1079,0.54,1938.3
DESCENT,2094.19,261.39,263.27,259.42,269.34,993.31,990.09,956.48,991.21,17.6,11.48,62.8,164.73,1.4787,0.9696,0.6788,1.0935,108.99,3152.16,VIBRATION_FAULT,0.0005,0.5,1918.0
TAXI,788.47,184.2,185.29,169.72,184.62,216.74,242.46,200.52,244.77,15.31,9.59,53.52,149.83,1.0575,0.6473,0.4442,0.7604,24.78,563.64,DELAMINATION,0.2917,1.46,1712.5
CLIMB,2431.21,371.83,367.93,367.93,372.89,1270.21,1271.94,1252.99,1271.74,24.39,17.16,68.78,187.24,4.4802,2.8786,1.7756,3.2409,95.71,4533.01,CRACK,0.4885,2.44,1216.9
CLIMB,2456.56,353.27,354.0,342.97,359.54,1259.61,1270.16,1229.91,1250.73,25.14,16.25,66.96,177.76,2.4511,1.6658,0.972,1.8007,92.95,4489.29,NOMINAL,0.091,0.0,2400.5
CRUISE,2314.96,323.55,332.7,316.73,324.63,1170.32,1200.8,1171.27,1199.46,22.34,13.53,64.3,171.91,1.883,1.2632,0.7301,1.3753,132.6,8495.77,NOMINAL,0.0053,0.0,2416.1
CRUISE,2296.07,339.96,340.44,335.03,338.57,1201.3,1204.9,1187.58,1202.69,22.49,15.08,65.42,180.4,4.0257,2.6569,1.6311,2.9397,131.4,8461.5,CRACK,0.6297,3.15,1093.6
DESCENT,2108.91,256.29,262.21,253.56,264.58,966.11,1003.36,985.5,981.52,17.77,10.98,61.8,166.71,1.5809,1.0229,0.5028,1.1252,109.53,3164.71,NOMINAL,0.1051,0.0,2374.8
CRUISE,2294.01,326.72,322.83,317.86,329.51,1191.02,1205.13,1165.96,1197.34,22.36,14.34,64.13,169.55,1.8328,1.2144,0.7371,1.3388,124.96,8501.34,NOMINAL,0.1271,0.0,2431.1
CLIMB,2428.71,353.62,363.35,349.08,360.88,1268.88,1276.55,1244.88,1265.45,25.12,17.28,68.6,182.83,2.8232,1.8629,1.1672,2.0658,98.36,4428.34,CRACK,0.1194,0.6,1853.1
CRUISE,2290.21,326.0,325.32,313.46,323.35,1187.15,1202.02,1173.0,1194.57,22.81,14.02,64.22,171.3,1.7028,1.2711,0.8354,1.3182,131.91,8436.45,NOMINAL,0.128,0.0,2443.7
TAXI,802.39,184.52,183.84,176.49,177.44,217.77,224.0,213.8,212.6,15.18,8.33,54.14,146.98,0.7141,0.4874,0.3296,0.5342,26.61,427.75,NOMINAL,0.1136,0.0,2365.6
CRUISE,2283.19,319.95,324.31,317.19,328.44,1165.93,1211.16,1178.84,1197.85,22.57,14.62,66.55,168.95,1.9039,1.1699,0.8294,1.3762,130.12,8423.01,NOMINAL,0.1125,0.0,2410.1
CRUISE,2297.52,324.54,330.99,323.82,327.98,1187.55,1181.18,1177.63,1171.07,22.58,13.55,67.33,170.69,1.8835,1.2079,0.7582,1.364,128.18,8486.88,NOMINAL,0.0221,0.0,2447.9
CLIMB,2450.4,359.89,360.01,353.94,351.05,1270.72,1290.05,1257.56,1258.25,25.14,16.85,65.65,183.76,3.1607,2.1445,1.2999,2.3294,98.37,4465.45,CRACK,0.1959,0.98,1894.1
CLIMB,2440.91,352.06,355.99,343.7,356.61,1237.36,1274.38,1208.04,1263.87,25.31,17.05,65.11,188.15,3.8061,2.2854,1.4614,2.6985,94.28,4512.49,DELAMINATION,0.3933,1.97,1180.4
CRUISE,2287.89,322.94,322.33,313.19,316.9,1184.61,1209.52,1181.96,1185.33,22.48,14.01,64.5,170.59,1.9905,1.2947,0.7516,1.438,128.66,8453.91,NOMINAL,0.0595,0.0,2421.2
CLIMB,2495.18,355.56,356.15,346.73,348.12,1280.36,1286.58,1254.55,1283.35,25.26,17.8,66.18,184.08,5.1059,3.3379,2.1296,3.7304,98.07,4417.05,VIBRATION_FAULT,0.4523,2.26,1170.0
CRUISE,2301.68,333.73,327.41,324.62,327.23,1210.19,1195.14,1184.17,1183.48,22.86,14.89,64.16,172.6,2.6947,1.6888,1.1268,1.9479,131.14,8550.68,CRACK,0.2262,1.13,1573.6
CLIMB,2438.77,351.61,353.68,349.71,348.91,1253.3,1281.45,1221.87,1267.23,24.91,17.58,64.04,187.15,4.2407,2.6511,1.7428,3.0577,99.75,4478.26,DELAMINATION,0.5501,2.75,1165.0
TAXI,778.47,181.76,191.86,173.8,180.1,235.94,224.91,218.34,234.51,15.48,9.2,52.89,153.19,1.2349,0.7868,0.4865,0.8908,26.69,469.96,DELAMINATION,0.4935,2.47,1047.2
DESCENT,2099.77,260.32,263.29,256.55,265.29,980.43,1009.02,963.47,993.19,18.02,11.52,62.51,163.84,1.539,0.9176,0.6202,1.0947,109.92,3206.0,NOMINAL,0.147,0.0,2427.8
LAND,991.21,223.78,232.59,216.95,222.11,565.26,576.89,548.71,596.37,15.06,9.0,56.68,155.29,0.8674,0.5214,0.2908,0.6079,40.69,556.72,NOMINAL,0.0705,0.0,2389.4
LAND,1002.18,218.72,223.95,216.38,220.0,573.07,603.84,555.89,560.23,15.35,9.24,56.05,152.77,0.8491,0.4891,0.4352,0.619,45.24,528.86,NOMINAL,0.0873,0.0,2431.8
TAXI,798.45,181.08,187.31,170.76,182.21,222.18,230.68,228.47,229.0,15.33,8.37,54.64,145.62,0.6892,0.5647,0.2584,0.5356,27.2,489.26,NOMINAL,0.0145,0.0,2438.7
CRUISE,2312.11,322.66,319.22,312.95,318.74,1170.67,1194.92,1174.2,1204.1,22.65,14.37,63.73,169.09,1.8792,1.195,0.7039,1.3484,130.98,8471.87,NOMINAL,0.1328,0.0,2424.6
CRUISE,2302.58,320.85,325.72,315.78,321.05,1183.59,1204.62,1162.57,1206.66,22.41,13.79,64.82,168.62,1.9373,1.2265,0.7967,1.4015,129.85,8496.26,NOMINAL,0.1347,0.0,2363.2
CLIMB,2462.55,355.72,360.47,351.83,358.09,1259.68,1277.33,1243.9,1274.52,25.02,17.18,67.88,179.92,2.8351,1.6905,1.169,2.0217,94.82,4468.92,CORROSION,0.1723,0.86,1750.9
CLIMB,2445.25,349.34,360.65,348.45,351.85,1261.21,1277.52,1227.33,1255.85,25.35,16.7,70.13,179.08,2.3432,1.5587,0.9994,1.7242,94.98,4502.42,NOMINAL,0.1251,0.0,2405.1
CRUISE,2303.86,320.91,329.2,316.91,322.45,1204.19,1196.77,1176.8,1174.56,22.5,13.97,64.91,166.9,1.8716,1.1829,0.8143,1.362,127.84,8525.13,NOMINAL,0.1353,0.0,2426.3
DESCENT,2095.22,256.56,264.96,257.09,257.83,977.66,991.7,969.12,1012.62,17.62,11.17,62.34,164.08,1.5294,0.8874,0.5825,1.0749,103.33,3190.29,NOMINAL,0.0168,0.0,2395.7
LAND,1016.97,220.97,225.74,214.18,221.02,576.82,598.19,573.72,580.78,15.79,8.74,58.02,157.31,0.7297,0.4323,0.3795,0.5365,45.02,659.43,NOMINAL,0.0265,0.0,2426.5
TAKEOFF,2673.78,391.77,398.71,387.19,393.24,1400.6,1422.04,1374.93,1404.18,29.92,20.87,69.3,190.91,4.2525,2.8098,1.7081,3.1035,72.05,755.04,CORROSION,0.3628,1.81,1317.9
CRUISE,2286.13,325.91,324.21,316.99,324.1,1197.42,1190.89,1170.13,1188.57,23.1,13.39,64.81,169.97,1.8911,1.1483,0.6673,1.3342,126.15,8534.5,NOMINAL,0.1086,0.0,2432.3
CRUISE,2303.61,321.49,326.31,313.81,315.59,1167.01,1197.35,1174.91,1187.22,22.48,14.01,65.13,168.94,1.933,1.1683,0.7753,1.3787,126.2,8452.24,NOMINAL,0.0851,0.0,2406.7
TAXI,782.98,184.22,186.23,175.52,183.27,208.55,250.85,214.91,226.6,15.18,8.43,56.6,145.78,0.8434,0.5242,0.32,0.6023,29.7,485.49,NOMINAL,0.0915,0.0,2398.7
CRUISE,2281.88,327.59,325.16,316.29,325.61,1177.53,1200.55,1168.77,1185.64,22.59,13.81,63.64,170.97,2.0001,1.1904,0.7337,1.409,130.01,8500.24,NOMINAL,0.1198,0.0,2359.3
DESCENT,2121.54,264.89,271.97,258.16,260.14,983.08,1005.18,964.05,969.31,18.23,11.07,62.75,162.15,1.4487,0.9983,0.6316,1.0792,111.87,3197.25,NOMINAL,0.0485,0.0,2389.1
CRUISE,2286.19,351.7,345.5,343.36,343.64,1182.78,1180.69,1162.15,1167.1,22.38,15.13,59.93,182.84,3.153,1.9334,1.2599,2.2559,133.14,8518.55,CORROSION,0.7194,3.6,824.5
TAXI,807.16,204.1,206.21,205.29,212.49,247.4,267.96,262.1,273.42,15.14,9.55,57.31,158.32,1.8711,1.2937,0.7683,1.3863,21.75,539.18,CRACK,0.7671,3.84,645.9
TAKEOFF,2700.81,383.2,382.74,377.95,385.23,1415.92,1425.91,1374.74,1415.24,29.46,20.47,73.29,185.4,3.2147,2.0795,1.2787,2.3305,77.42,787.54,NOMINAL,0.0876,0.0,2416.0
CRUISE,2293.07,323.21,327.13,316.1,325.71,1205.44,1184.13,1180.01,1184.69,22.71,13.86,65.64,171.12,1.8443,1.2065,0.7506,1.3442,125.94,8518.15,NOMINAL,0.0904,0.0,2428.8
CRUISE,2291.73,358.16,354.84,354.46,350.06,1206.17,1231.08,1219.68,1242.15,22.35,15.73,64.25,187.22,4.8715,3.203,1.9059,3.5413,130.18,8459.69,CRACK,0.8863,4.43,558.1
DESCENT,2104.86,263.33,265.41,254.5,257.59,982.61,1010.72,985.16,992.85,17.65,11.06,63.4,166.48,1.4173,1.0936,0.5459,1.0805,109.03,3220.12,NOMINAL,0.0738,0.0,2469.5
CLIMB,2473.08,368.74,367.94,365.81,374.82,1259.75,1284.07,1247.97,1271.29,25.01,17.69,60.56,188.12,3.5292,2.217,1.4136,2.5409,96.49,4430.73,CORROSION,0.5051,2.53,1285.9
CRUISE,2320.19,322.2,325.71,319.42,319.07,1189.56,1197.59,1182.3,1184.44,22.93,14.37,65.46,170.54,2.0374,1.3651,0.7436,1.4796,129.28,8552.89,NOMINAL,0.0389,0.0,2402.5
TAKEOFF,2691.33,381.22,382.27,371.78,380.48,1416.95,1413.89,1401.9,1411.87,30.2,20.04,72.57,185.5,3.1935,2.1315,1.3174,2.3436,75.73,725.69,NOMINAL,0.0724,0.0,2441.5
CLIMB,2441.75,347.33,358.64,343.68,343.57,1252.63,1262.21,1247.82,1251.67,24.96,16.6,65.43,177.01,2.3424,1.5343,0.9366,1.7047,95.11,4509.28,NOMINAL,0.1482,0.0,2368.2
DESCENT,2117.22,289.09,284.06,282.19,283.53,1029.87,1020.47,1020.27,999.74,17.49,12.67,62.69,179.96,3.285,2.226,1.2903,2.4091,112.46,3204.71,CRACK,0.7041,3.52,927.5
CRUISE,2299.98,319.88,321.25,321.04,322.72,1187.44,1182.75,1185.78,1193.01,22.95,14.32,62.16,171.54,1.9793,1.2772,0.7738,1.4315,129.67,8501.18,NOMINAL,0.1267,0.0,2390.7
CRUISE,2315.87,323.42,326.91,312.79,316.29,1189.63,1191.88,1161.56,1195.66,22.38,13.86,64.19,171.28,1.8248,1.1466,0.7125,1.3105,133.6,8476.78,NOMINAL,0.0642,0.0,2474.7
TAXI,797.63,184.81,186.44,181.84,188.79,239.01,231.76,210.11,247.79,15.4,8.85,56.5,147.35,0.7215,0.5169,0.2879,0.5387,24.72,508.66,NOMINAL,0.1334,0.0,2445.0
CRUISE,2321.98,324.35,327.2,306.0,319.13,1186.02,1208.17,1164.28,1196.68,22.48,14.34,64.96,169.87,1.8601,1.2804,0.7808,1.3795,127.11,8515.52,NOMINAL,0.057,0.0,2390.1
CRUISE,2294.58,326.42,325.26,319.62,317.2,1184.75,1179.6,1168.84,1181.11,22.27,13.69,64.74,166.58,1.7849,1.2406,0.6726,1.3137,126.2,8571.47,NOMINAL,0.0696,0.0,2434.5
CRUISE,2334.67,317.12,323.26,305.03,327.35,1230.55,1237.63,1227.06,1227.11,22.38,15.31,66.76,185.84,6.2249,3.8987,2.3534,4.453,127.7,8493.6,VIBRATION_FAULT,0.8778,4.39,508.3
DESCENT,2082.5,291.06,295.09,290.1,290.62,979.68,995.47,996.8,1005.76,18.47,13.39,56.45,180.1,2.7669,1.8673,1.1052,2.0301,109.14,3254.95,CORROSION,0.8861,4.43,585.3
TAKEOFF,2709.11,379.62,388.19,378.28,383.96,1397.74,1413.16,1386.62,1393.54,30.14,20.26,72.2,183.78,3.2103,2.0865,1.2582,2.3269,77.63,754.78,NOMINAL,0.0256,0.0,2461.9
TAXI,818.05,180.98,182.54,180.63,182.74,221.48,256.54,218.02,225.58,14.81,8.87,53.08,151.74,1.0501,0.7074,0.3116,0.7528,25.87,431.44,DELAMINATION,0.3109,1.55,1358.6
CLIMB,2441.2,381.12,382.83,380.7,367.71,1321.39,1305.04,1303.91,1290.65,24.77,17.65,70.4,193.16,6.1697,4.125,2.4519,4.5126,95.04,4446.97,CRACK,0.8738,4.37,520.8
CRUISE,2297.95,319.73,324.54,309.91,323.91,1157.2,1178.12,1164.88,1204.54,22.49,14.09,64.19,168.79,1.9705,1.3089,0.8155,1.4447,131.54,8513.11,NOMINAL,0.0748,0.0,2432.1
CLIMB,2459.34,348.82,347.27,350.42,348.86,1239.89,1275.74,1231.81,1260.29,25.08,16.54,67.7,178.22,2.586,1.6377,1.008,1.8606,96.2,4567.66,NOMINAL,0.0094,0.0,2426.5
CRUISE,2317.15,322.69,328.18,315.18,329.09,1180.36,1185.61,1173.37,1188.59,22.27,13.74,65.13,170.3,1.7911,1.2144,0.8101,1.3341,123.62,8490.29,NOMINAL,0.1348,0.0,2354.7
CRUISE,2307.33,319.82,332.19,318.18,324.85,1180.91,1220.56,1161.28,1176.21,22.48,13.92,64.83,173.56,1.8367,1.2313,0.6784,1.3354,134.73,8407.05,NOMINAL,0.0411,0.0,2466.1
CRUISE,2286.77,320.94,321.54,319.64,326.66,1199.85,1179.64,1158.61,1184.22,22.36,14.24,65.38,168.33,1.8774,1.233,0.7514,1.3674,128.16,8455.61,NOMINAL,0.0429,0.0,2459.7
CRUISE,2289.73,353.72,349.04,353.1,347.98,1226.92,1229.34,1215.31,1227.27,22.34,15.72,64.16,186.29,4.8528,3.2218,2.0398,3.5633,131.19,8517.46,CRACK,0.9123,4.56,531.7
CRUISE,2314.72,316.91,327.06,313.0,324.97,1164.54,1185.94,1166.65,1180.55,22.32,13.96,63.5,170.23,1.9295,1.1405,0.7722,1.3687,130.51,8517.47,NOMINAL,0.1053,0.0,2364.6
CRUISE,2304.47,325.39,330.58,315.6,319.82,1195.25,1225.46,1167.66,1196.0,22.42,15.5,55.5,185.09,4.327,2.7224,1.7354,3.1169,131.3,8523.17,DELAMINATION,0.8906,4.45,552.4
CLIMB,2441.96,349.4,356.96,342.39,350.41,1267.47,1281.63,1226.11,1282.39,24.89,16.6,68.05,179.65,2.3085,1.5284,0.9142,1.6833,92.36,4470.28,NOMINAL,0.1041,0.0,2387.9
TAKEOFF,2677.98,383.46,380.01,376.33,386.65,1418.45,1401.4,1385.85,1419.24,29.7,20.42,69.55,185.27,3.2359,2.0112,1.32,2.328,72.44,864.94,NOMINAL,0.0155,0.0,2403.1
TAKEOFF,2687.6,378.77,383.53,377.06,382.91,1398.94,1420.04,1374.87,1397.6,30.1,19.88,72.36,180.85,3.2341,2.1497,1.286,2.3618,75.43,862.73,NOMINAL,0.0099,0.0,2486.5
CRUISE,2311.7,324.51,329.74,313.45,322.25,1188.41,1183.99,1178.91,1200.22,22.65,14.25,64.9,168.5,1.9936,1.2377,0.7339,1.4195,130.32,8504.86,NOMINAL,0.0368,0.0,2402.7
CLIMB,2435.37,354.32,358.76,351.85,358.62,1259.29,1254.24,1242.27,1255.83,25.13,16.28,68.66,179.32,2.4239,1.5863,0.9975,1.7689,93.16,4513.01,NOMINAL,0.0921,0.0,2379.4
CRUISE,2308.68,324.91,327.48,314.93,318.27,1156.41,1211.42,1151.8,1177.82,22.53,14.09,66.77,170.66,1.8785,1.219,0.6842,1.3519,133.6,8535.47,NOMINAL,0.1238,0.0,2374.8
CRUISE,2299.6,348.53,343.54,350.99,346.87,1233.35,1235.19,1217.89,1236.6,22.31,14.77,64.82,185.39,4.7432,3.044,1.8247,3.4202,133.26,8485.69,CRACK,0.8112,4.06,709.8
DESCENT,2091.94,261.63,271.51,258.37,263.7,956.14,1010.68,979.09,996.84,18.07,11.35,63.47,164.91,1.5301,0.9566,0.6008,1.0981,110.29,3224.52,NOMINAL,0.076,0.0,2432.4
TAXI,803.98,179.55,186.55,171.83,183.93,212.69,221.44,211.47,234.05,15.31,8.64,55.51,147.64,0.8668,0.5763,0.3487,0.6338,27.16,482.81,NOMINAL,0.0005,0.0,2421.8
CRUISE,2295.97,321.66,322.46,318.81,326.29,1179.7,1182.03,1168.44,1179.38,22.52,14.93,61.94,175.37,3.0801,2.0314,1.3117,2.2608,129.63,8519.91,DELAMINATION,0.4534,2.27,1100.1
CRUISE,2315.26,317.28,325.37,313.9,326.57,1184.6,1214.45,1136.01,1201.13,22.28,13.82,64.77,169.97,1.8987,1.1924,0.7548,1.3658,129.76,8433.89,NOMINAL,0.01,0.0,2444.4
LAND,1000.3,212.41,224.11,214.43,221.82,579.64,609.45,554.66,598.65,16.0,8.65,58.88,157.58,1.0125,0.5675,0.4141,0.7115,47.15,648.23,NOMINAL,0.1002,0.0,2385.3
CRUISE,2273.84,318.52,324.91,309.69,322.16,1192.87,1187.05,1190.47,1194.45,22.71,13.99,63.93,170.98,1.9608,1.2247,0.7728,1.4073,129.98,8473.99,NOMINAL,0.0439,0.0,2472.5
CRUISE,2341.41,328.12,329.85,315.35,323.22,1239.67,1229.09,1229.98,1240.08,22.57,15.44,66.26,189.7,6.2693,4.1541,2.4362,4.5642,131.21,8412.75,VIBRATION_FAULT,0.9213,4.61,411.5
CLIMB,2449.42,349.23,350.94,347.0,352.27,1240.25,1284.56,1254.18,1244.91,24.83,16.64,67.44,177.61,2.3186,1.4995,0.934,1.6829,95.33,4507.92,NOMINAL,0.1121,0.0,2432.8
CLIMB,2475.5,361.72,355.18,359.22,365.34,1256.79,1288.77,1268.36,1288.6,24.85,16.96,68.22,185.62,3.6274,2.4356,1.4777,2.6629,97.4,4530.33,CRACK,0.2917,1.46,1629.8
TAXI,820.98,178.52,183.86,175.35,184.36,228.01,242.32,198.44,227.02,15.55,8.04,55.31,144.61,0.8375,0.5281,0.2449,0.5889,26.47,460.98,NOMINAL,0.0085,0.0,2445.3
TAKEOFF,2695.07,377.21,384.64,373.43,387.41,1403.77,1416.1,1397.11,1407.73,29.74,20.38,71.17,183.16,3.2525,2.0898,1.2877,2.3526,74.12,823.83,NOMINAL,0.0205,0.0,2478.9
TAKEOFF,2695.24,382.2,390.36,377.92,378.77,1389.02,1432.53,1398.87,1416.6,30.03,20.15,71.75,184.71,3.251,2.0942,1.1817,2.3346,77.21,823.43,NOMINAL,0.0644,0.0,2397.0
CRUISE,2295.02,316.27,327.75,313.35,327.83,1178.41,1194.09,1171.24,1192.49,22.41,14.12,64.57,169.62,2.5794,1.6242,1.0079,1.8536,126.96,8439.02,VIBRATION_FAULT,0.1345,0.67,1977.3
CRUISE,2291.12,320.6,316.67,313.95,322.78,1177.24,1175.21,1146.06,1172.83,22.48,13.75,66.87,167.59,1.9982,1.1628,0.8858,1.4294,131.66,8411.32,NOMINAL,0.1044,0.0,2422.5
DESCENT,2095.74,259.11,261.9,254.46,257.48,974.34,1000.34,980.69,1007.84,18.0,10.86,61.94,164.71,1.6054,1.0275,0.6116,1.1557,113.8,3179.75,NOMINAL,0.1355,0.0,2425.9
DESCENT,2101.21,260.45,265.52,257.59,265.5,979.79,1005.24,972.48,1002.92,18.13,11.75,62.32,163.31,1.6009,1.0135,0.6238,1.1517,106.14,3259.55,NOMINAL,0.0696,0.0,2412.5
DESCENT,2066.94,258.82,272.69,257.67,257.77,974.89,994.32,983.44,973.31,18.26,11.48,64.69,166.53,1.519,1.0489,0.5977,1.1203,110.97,3269.72,VIBRATION_FAULT,0.0315,0.5,2157.0
CLIMB,2442.57,344.57,361.6,346.81,353.72,1260.34,1247.59,1234.81,1240.29,24.87,16.84,68.54,176.89,2.402,1.5513,0.9755,1.7443,93.44,4495.1,NOMINAL,0.0084,0.0,2402.1
CRUISE,2284.88,322.18,325.11,314.44,321.12,1176.97,1176.79,1188.75,1188.65,22.5,14.02,66.15,171.23,1.894,1.1826,0.8218,1.3737,130.14,8523.8,NOMINAL,0.08,0.0,2402.8
CLIMB,2432.9,348.61,356.47,352.08,354.3,1267.25,1273.52,1224.68,1246.75,25.19,16.2,66.15,176.24,2.4215,1.5124,1.0228,1.7509,96.07,4507.57,NOMINAL,0.0119,0.0,2408.5
CRUISE,2315.13,322.2,324.62,318.7,317.34,1190.26,1201.46,1142.26,1213.97,22.17,14.17,66.7,165.29,1.9186,1.2882,0.8158,1.4149,133.04,8537.04,NOMINAL,0.1098,0.0,2371.6
CLIMB,2442.0,353.73,360.75,342.92,351.93,1246.57,1279.09,1233.08,1252.45,25.27,16.14,68.22,176.69,2.4873,1.5233,0.9618,1.7731,89.02,4500.07,NOMINAL,0.0905,0.0,2397.5
TAXI,804.75,204.43,215.09,199.29,202.13,249.42,267.3,254.84,255.68,15.24,10.01,55.07,156.63,1.9033,1.1935,0.6948,1.3577,25.1,463.82,CRACK,0.772,3.86,602.7
CLIMB,2453.85,361.67,355.94,353.49,362.25,1229.85,1265.95,1240.41,1246.84,24.83,16.46,66.63,177.34,2.799,1.8159,1.1895,2.0451,91.1,4551.86,CORROSION,0.2131,1.07,1826.8
CRUISE,2294.88,318.53,323.25,318.03,320.77,1170.31,1193.75,1172.45,1174.84,22.26,14.4,63.91,172.61,1.8578,1.1537,0.8285,1.3502,134.36,8476.77,NOMINAL,0.1266,0.0,2399.0
DESCENT,2125.36,260.36,266.02,253.98,259.52,1002.09,1000.5,1009.97,1012.18,17.59,12.03,61.36,176.93,4.3028,2.6887,1.7488,3.0985,108.12,3219.29,VIBRATION_FAULT,0.7177,3.59,843.5
CRUISE,2323.73,349.46,348.67,340.32,337.53,1202.21,1204.18,1203.69,1237.1,22.23,14.99,65.07,183.75,4.4339,2.9842,1.7938,3.2549,130.43,8599.02,CRACK,0.7548,3.77,661.2
TAXI,806.56,176.77,178.69,178.39,178.3,226.77,263.77,185.49,202.65,14.97,8.74,56.5,146.46,0.823,0.521,0.3262,0.5931,27.96,474.23,NOMINAL,0.1103,0.0,2444.4
CRUISE,2331.04,314.83,329.28,314.21,324.89,1188.99,1194.53,1155.62,1177.32,22.53,13.78,64.72,167.77,1.9406,1.1814,0.7392,1.3794,133.29,8505.93,NOMINAL,0.1475,0.0,2442.8
TAKEOFF,2703.32,381.51,382.62,376.21,380.53,1403.26,1402.12,1375.41,1393.28,29.51,19.91,72.62,185.17,3.2071,2.0214,1.2789,2.3099,78.14,811.81,NOMINAL,0.1071,0.0,2430.9
DESCENT,2094.25,296.38,290.36,293.59,293.75,1024.68,1022.42,1019.43,1017.89,18.07,12.93,61.39,187.7,4.1049,2.6631,1.7047,2.9916,111.55,3226.8,CRACK,0.9872,4.94,311.8
CRUISE,2312.79,323.48,329.65,315.82,325.6,1182.01,1214.6,1164.29,1186.12,22.61,13.62,64.72,169.91,1.7931,1.2409,0.7847,1.338,132.09,8440.08,NOMINAL,0.0864,0.0,2461.4
DESCENT,2112.16,252.73,262.83,263.15,262.54,967.46,981.65,952.8,978.63,18.24,11.36,63.28,163.09,1.3406,1.0133,0.5968,1.0296,108.01,3239.83,NOMINAL,0.0238,0.0,2428.6
CRUISE,2287.63,324.3,327.36,313.82,326.23,1169.38,1190.47,1178.84,1182.62,22.6,13.99,64.45,172.16,2.0768,1.4122,0.8351,1.5281,127.61,8455.44,DELAMINATION,0.0953,0.5,1802.3
CLIMB,2488.59,345.23,356.29,347.31,355.5,1288.75,1301.66,1278.49,1285.14,25.09,18.48,68.79,192.12,7.7448,5.1297,3.17,5.667,95.14,4491.57,VIBRATION_FAULT,0.9058,4.53,428.5
CRUISE,2290.32,349.52,362.0,347.77,350.81,1232.61,1230.13,1214.29,1219.6,22.46,15.24,66.53,188.21,4.9585,3.1078,1.9779,3.5664,130.7,8456.86,CRACK,0.8519,4.26,558.7
CLIMB,2464.84,355.21,355.35,351.36,353.49,1226.45,1243.62,1242.09,1258.15,24.77,16.63,70.63,178.13,2.3661,1.518,0.9008,1.7043,97.04,4482.93,NOMINAL,0.0654,0.0,2470.7
CLIMB,2458.23,353.05,353.42,348.12,351.41,1259.77,1256.37,1241.23,1260.87,25.14,15.79,67.14,179.05,2.5401,1.6229,0.9802,1.83,92.88,4511.94,NOMINAL,0.0928,0.0,2395.5
CRUISE,2315.06,318.67,333.04,315.3,323.72,1203.97,1219.57,1215.92,1218.45,22.55,15.18,65.09,181.86,5.4514,3.5112,2.1208,3.9389,127.99,8458.78,VIBRATION_FAULT,0.7337,3.67,739.5
DESCENT,2076.13,267.71,266.31,252.9,260.8,964.92,1000.21,966.18,1003.36,17.83,11.31,62.02,163.46,1.5288,0.9702,0.6498,1.1106,111.01,3180.83,NOMINAL,0.0427,0.0,2421.6
DESCENT,2110.41,268.04,272.42,268.76,270.85,976.12,988.47,970.07,992.67,17.64,11.56,58.76,171.26,1.9779,1.2993,0.7543,1.434,111.34,3139.99,CORROSION,0.3201,1.6,1441.5
DESCENT,2117.36,262.22,272.27,257.05,266.75,975.7,982.31,972.39,990.89,18.13,11.45,62.48,164.83,1.4961,1.0039,0.5268,1.0838,108.24,3283.95,NOMINAL,0.0373,0.0,2401.6
CLIMB,2423.94,352.18,354.12,338.89,347.08,1251.31,1259.75,1228.25,1254.81,24.22,16.02,68.77,178.93,2.4448,1.5965,0.9819,1.7786,98.6,4524.05,NOMINAL,0.0116,0.0,2418.0
CRUISE,2293.99,320.11,322.01,310.7,315.99,1177.35,1214.42,1173.22,1200.41,22.28,15.28,61.1,185.7,3.9776,2.5033,1.5373,2.8549,131.64,8508.83,DELAMINATION,0.7923,3.96,675.2
CRUISE,2300.51,318.65,325.99,317.31,314.91,1171.95,1213.14,1187.35,1174.68,22.18,14.23,67.43,170.4,1.9087,1.1925,0.8106,1.3811,129.24,8562.8,NOMINAL,0.0328,0.0,2409.9
DESCENT,2092.58,259.68,269.87,258.88,260.36,954.9,989.3,969.84,992.78,18.46,11.63,62.95,163.83,1.5225,1.0058,0.6659,1.1215,107.53,3235.65,NOMINAL,0.0358,0.0,2464.4
DESCENT,2126.08,264.61,265.32,254.52,261.88,970.98,995.28,977.85,981.5,18.24,11.13,63.31,167.45,1.4201,0.8484,0.6083,1.0176,110.64,3151.07,NOMINAL,0.0863,0.0,2464.2
CLIMB,2457.68,347.44,350.77,350.09,348.76,1259.43,1258.07,1235.36,1258.09,24.99,16.31,68.86,179.7,2.4977,1.5332,0.9041,1.7707,95.53,4514.82,NOMINAL,0.1104,0.0,2382.6
CRUISE,2310.55,340.99,340.55,334.5,335.89,1207.63,1226.32,1196.16,1208.45,22.24,14.92,63.72,179.87,3.6625,2.3576,1.5162,2.6628,133.98,8415.74,CRACK,0.5087,2.54,1204.9
CLIMB,2455.06,343.89,349.51,353.24,353.36,1231.55,1265.41,1228.63,1254.88,24.92,16.56,68.54,176.76,2.341,1.5843,0.9275,1.7176,93.35,4504.23,NOMINAL,0.093,0.0,2462.6
CRUISE,2324.22,347.93,351.51,352.78,344.79,1216.84,1241.52,1225.45,1226.75,22.15,14.84,64.46,183.37,4.6519,2.9543,1.8179,3.3502,127.8,8504.69,CRACK,0.8229,4.11,635.2
TAXI,812.76,182.57,186.15,174.15,186.76,207.81,249.75,197.58,245.8,15.32,8.77,55.25,145.8,0.8025,0.459,0.3747,0.5759,24.34,503.9,NOMINAL,0.0753,0.0,2424.7
CLIMB,2454.77,356.04,355.77,344.8,349.69,1242.39,1289.43,1225.22,1255.03,25.36,16.85,70.78,179.93,2.4196,1.5972,0.9094,1.7543,94.75,4461.38,NOMINAL,0.0375,0.0,2422.4
TAXI,817.16,174.86,185.14,172.33,185.53,222.04,237.64,193.82,247.11,14.97,8.38,54.99,145.97,0.7769,0.6062,0.3228,0.5987,29.17,463.2,NOMINAL,0.0137,0.0,2478.0
CRUISE,2298.13,315.34,330.81,320.81,326.29,1191.54,1230.95,1170.54,1210.24,22.5,14.32,65.27,168.36,2.1308,1.3775,0.8547,1.5458,128.21,8506.61,DELAMINATION,0.0901,0.5,1699.8
CRUISE,2314.47,322.03,323.31,319.42,321.82,1180.76,1186.92,1170.43,1201.34,22.44,14.47,66.08,168.5,1.9209,1.1524,0.7117,1.357,125.65,8435.76,NOMINAL,0.086,0.0,2443.9
TAXI,810.0,179.25,187.09,164.72,182.01,229.45,210.68,208.4,220.53,15.59,8.11,57.59,147.33,0.8091,0.4339,0.2971,0.5571,26.72,504.41,NOMINAL,0.0899,0.0,2397.0
CLIMB,2473.93,353.09,359.78,348.45,349.66,1266.63,1296.19,1242.38,1261.89,25.14,16.99,65.99,185.43,4.4925,3.0547,1.7922,3.3028,100.3,4539.34,VIBRATION_FAULT,0.3427,1.71,1463.2
CLIMB,2439.63,352.81,354.8,350.12,355.6,1247.13,1260.72,1231.3,1260.32,25.08,16.37,67.5,178.51,2.4826,1.5746,0.9586,1.7853,95.59,4428.16,NOMINAL,0.0313,0.0,2471.0
CRUISE,2288.86,316.55,334.14,315.8,326.22,1189.13,1206.26,1174.53,1215.03,22.61,13.47,64.79,168.12,1.788,1.2609,0.6563,1.3188,130.27,8434.1,NOMINAL,0.0461,0.0,2391.1
CRUISE,2295.91,322.17,327.06,315.75,319.07,1175.12,1206.28,1166.4,1192.9,22.41,13.66,67.4,171.41,1.9222,1.2251,0.8311,1.4008,128.01,8526.79,NOMINAL,0.052,0.0,2479.1
CRUISE,2277.54,325.83,329.58,316.13,321.17,1179.87,1203.82,1182.81,1195.81,22.57,14.66,59.32,174.81,3.141,2.0128,1.2626,2.2738,132.02,8524.52,DELAMINATION,0.4334,2.17,1207.1
CRUISE,2315.88,307.33,334.36,318.97,322.9,1168.57,1194.5,1172.16,1210.04,22.88,15.45,59.14,185.52,4.0595,2.6445,1.7045,2.9653,131.77,8475.35,DELAMINATION,0.8424,4.21,630.7
CLIMB,2446.39,351.95,360.97,353.55,352.39,1245.94,1276.77,1256.89,1263.51,24.87,16.45,66.92,180.36,2.5183,1.6474,0.9622,1.8241,95.04,4542.09,CORROSION,0.1347,0.67,2070.4
TAKEOFF,2689.0,375.44,386.31,379.24,385.98,1391.84,1419.32,1379.07,1410.28,29.64,19.93,70.41,179.59,3.1694,2.1003,1.2902,2.3181,71.26,709.75,NOMINAL,0.0985,0.0,2448.7
CRUISE,2294.6,315.91,320.55,320.1,323.61,1179.7,1208.66,1168.21,1185.46,22.91,14.52,63.79,170.49,1.9115,1.2868,0.707,1.3916,133.19,8463.01,NOMINAL,0.1492,0.0,2429.9
CRUISE,2288.54,322.7,325.85,322.98,321.24,1170.57,1191.71,1166.15,1193.74,22.4,13.61,66.12,172.19,1.8659,1.3242,0.7348,1.3874,132.61,8462.01,NOMINAL,0.0505,0.0,2434.4
CRUISE,2279.46,319.13,324.15,316.11,322.89,1177.13,1206.89,1184.94,1183.03,22.05,13.8,65.36,170.29,1.9706,1.3468,0.7706,1.4481,128.98,8470.92,NOMINAL,0.0676,0.0,2384.3
CRUISE,2286.99,319.93,320.58,314.01,327.17,1183.13,1196.4,1171.24,1196.17,22.58,14.37,62.18,170.99,2.4979,1.5073,0.9942,1.7795,132.52,8458.77,DELAMINATION,0.2029,1.01,1654.2
TAXI,789.35,176.84,184.13,173.3,183.7,220.94,220.64,228.74,226.42,15.18,8.34,54.99,143.37,0.6917,0.5001,0.3917,0.5422,26.41,548.73,NOMINAL,0.15,0.0,2440.4
LAND,993.82,221.8,229.57,215.03,217.08,591.69,611.32,574.14,607.15,15.02,8.52,58.02,153.1,0.9734,0.5144,0.4272,0.6818,42.88,655.99,NOMINAL,0.0413,0.0,2390.4
TAKEOFF,2690.11,371.73,386.49,378.38,378.37,1419.02,1434.42,1385.88,1413.82,29.8,20.3,73.02,182.02,3.3342,2.1512,1.2277,2.398,78.63,876.44,NOMINAL,0.1172,0.0,2398.1
CLIMB,2461.03,383.45,385.83,382.09,382.69,1227.2,1260.12,1253.18,1251.65,24.99,17.54,59.85,195.15,4.3744,2.7415,1.7164,3.141,98.48,4542.79,CORROSION,0.9192,4.6,517.1
CRUISE,2296.85,315.69,320.04,309.91,319.23,1199.76,1230.08,1180.82,1169.08,22.22,14.24,61.6,175.36,2.9664,1.8786,1.2104,2.1443,131.49,8552.43,DELAMINATION,0.3822,1.91,1244.8
LAND,990.96,219.81,223.08,217.24,226.64,594.04,602.31,566.31,589.79,15.88,8.98,56.26,162.21,1.2622,0.8765,0.616,0.9559,44.77,589.81,DELAMINATION,0.288,1.44,1757.6
CRUISE,2303.95,336.11,339.32,344.69,340.49,1225.37,1230.89,1205.2,1209.67,22.46,15.05,63.34,183.5,4.2031,2.7067,1.6683,3.0428,133.56,8470.71,CRACK,0.657,3.28,933.8
TAXI,781.09,178.67,185.58,173.38,186.53,225.25,236.69,200.83,211.52,15.03,8.52,54.91,143.65,0.9337,0.5858,0.2981,0.6592,26.46,551.86,NOMINAL,0.0079,0.0,2467.8
LAND,990.91,217.92,224.88,215.23,220.68,563.99,577.01,577.88,610.39,15.53,8.47,59.19,158.73,0.9971,0.6657,0.3016,0.7138,43.59,648.28,NOMINAL,0.0421,0.0,2482.7
CLIMB,2435.51,348.06,356.66,347.88,351.04,1250.12,1269.98,1235.28,1253.97,24.97,16.34,69.07,178.55,2.3941,1.5457,1.0122,1.746,94.08,4529.0,NOMINAL,0.0233,0.0,2393.0
CRUISE,2280.65,346.72,345.57,342.84,351.21,1224.84,1195.43,1216.22,1218.31,22.73,15.01,65.38,185.06,4.5905,2.9661,1.9638,3.353,130.98,8502.01,CRACK,0.8059,4.03,675.6
CRUISE,2300.39,319.03,332.63,318.49,317.47,1157.9,1217.46,1167.85,1189.55,22.41,13.75,65.05,171.45,1.8978,1.2978,0.7944,1.4044,132.26,8507.33,NOMINAL,0.0946,0.0,2449.8
CRUISE,2296.94,316.02,330.44,315.95,328.59,1155.14,1201.75,1151.71,1181.21,22.43,14.19,65.33,169.01,1.8465,1.1321,0.7294,1.3195,128.14,8547.63,NOMINAL,0.131,0.0,2352.3
DESCENT,2095.23,260.86,268.52,263.23,268.72,1008.69,981.19,969.97,988.75,17.54,10.95,62.58,167.09,1.6275,1.0577,0.5502,1.1648,107.26,3178.55,CORROSION,0.0637,0.5,2131.8
LAND,1010.85,226.85,220.44,215.58,221.6,570.06,603.28,602.27,578.62,15.65,8.49,55.83,153.9,0.9218,0.6089,0.4489,0.6885,45.7,600.54,NOMINAL,0.1371,0.0,2386.8
DESCENT,2103.26,259.37,268.23,257.85,261.08,1002.37,1011.66,985.63,983.6,17.87,11.81,63.25,164.28,1.9071,1.2797,0.7008,1.3864,112.53,3202.06,VIBRATION_FAULT,0.1014,0.51,1616.0
DESCENT,2082.66,261.85,262.07,254.0,255.64,970.3,1014.12,969.77,987.21,17.78,11.26,61.73,169.3,1.5018,1.0022,0.5683,1.0928,109.96,3218.51,NOMINAL,0.1172,0.0,2359.8
TAXI,788.93,182.08,186.45,168.03,184.88,225.86,240.86,200.38,259.58,15.05,7.6,55.62,144.76,0.6846,0.5048,0.3166,0.524,23.11,504.42,NOMINAL,0.144,0.0,2402.2
LAND,988.93,221.64,220.34,217.42,223.08,577.4,591.87,553.27,583.61,15.3,8.5,56.55,157.37,0.9611,0.7315,0.3718,0.7296,46.8,597.13,NOMINAL,0.055,0.0,2430.3
